i,abn,split,ok,why,area,midtone,black_in_mask,mean_in,mean_out,contrast,centroid_dist
0,calcification,test,True,ok,0.48236083984375,1.0,0.0,106.73079843097558,102.43744841410211,4.293350016873475,80.23943181018129
1,calcification,test,True,ok,0.4691925048828125,0.93023681640625,0.0,67.42089173631663,60.981171127145195,6.439720609171438,119.02792635783726
2,calcification,test,True,ok,0.2328338623046875,0.9353790283203125,0.0,83.28389802739368,70.77106828171928,12.512829745674395,93.49191379611477
3,calcification,test,True,ok,0.4848175048828125,1.0,0.0,98.58408082334057,95.2973965583627,3.2866842649778647,109.86662989974936
4,calcification,test,True,ok,0.1922149658203125,1.0,0.0,99.48019369691197,95.61718203970608,3.863011657205888,141.84693152403005
5,calcification,test,True,ok,0.3113861083984375,0.9999542236328125,0.0,105.0087714999755,94.87923508165481,10.129536418320683,87.01618886576034
6,calcification,test,True,ok,0.421142578125,0.992584228515625,0.0,100.8388768115942,51.92368726275833,48.915189548835876,14.945962081950906
7,calcification,test,True,ok,0.37762451171875,1.0,0.0,126.77679004363989,89.30440325585957,37.47238678778032,25.537840995947455
8,calcification,test,True,ok,0.4776763916015625,1.0,0.0,161.6835010381728,160.47968215944613,1.203818878726679,75.36664779535543
9,calcification,test,True,ok,0.447662353515625,1.0,0.0,176.88042811370917,174.3436930217139,2.5367350919952685,57.2846300558295
10,calcification,test,True,ok,0.441497802734375,1.0,0.0,125.44411419091726,117.63873558821922,7.805378602698042,7.76022113891716
11,calcification,test,True,ok,0.4190673828125,1.0,0.0,136.0284736382173,128.56259193107795,7.465881707139346,16.961588617963482
12,calcification,test,True,ok,0.4672088623046875,1.0,0.0,116.79822985727816,110.6894922244179,6.1087376328602545,49.305307507470346
13,calcification,test,True,ok,0.480682373046875,1.0,0.0,68.68592470319345,65.37944408532644,3.3064806178670096,112.51292800582452
14,calcification,test,True,ok,0.4162750244140625,0.9998016357421875,0.0,208.64392800850408,201.11580185596654,7.5281261525375385,107.49838116531471
15,calcification,test,True,ok,0.438446044921875,1.0,0.0,166.76104962761886,160.96671376555622,5.794335862062638,135.83495057047452
16,calcification,test,True,ok,0.41339111328125,1.0,0.0,132.57884246271962,120.97705753823743,11.601784924482189,126.22552735534775
17,calcification,test,True,ok,0.3701324462890625,1.0,0.0,149.3650904893433,149.35611327793794,0.008977211405351682,90.23194952364499
18,calcification,test,True,ok,0.3929290771484375,1.0,0.0,160.40623665100384,157.4619077541787,2.944328896825141,70.28755498860767
19,calcification,test,True,ok,0.47601318359375,1.0,0.0,137.2452558020259,115.5401281304601,21.70512767156579,98.03628944407407
20,calcification,test,True,ok,0.46917724609375,1.0,0.0,99.40805906075192,98.42896975968725,0.9790893010646755,103.91972887919025
21,calcification,test,True,ok,0.4895172119140625,1.0,0.0,154.31342539197655,144.52374831863696,9.78967707333959,77.00073873783239
22,calcification,test,True,ok,0.48797607421875,1.0,0.0,107.42873671044403,113.71644415305758,-6.287707442613552,61.73007595026493
23,calcification,test,True,ok,0.4626922607421875,1.0,0.0,188.98027899614155,179.09436855706699,9.885910439074564,9.032876392227394
24,calcification,test,True,ok,0.4812774658203125,1.0,0.0,151.98471830316097,138.32469480806,13.660023495100972,52.888163914216165
25,calcification,test,True,ok,0.4541778564453125,1.0,0.0,162.40745842432386,162.29537893824607,0.11207948607778917,60.51217067662852
26,calcification,test,True,ok,0.4130401611328125,1.0,0.0,178.61354316746093,169.1981698598799,9.415373307581035,33.49577888988449
27,calcification,test,True,ok,0.462432861328125,1.0,0.0,151.943773510196,150.33312517740563,1.6106483327903618,133.54410948756365
28,calcification,test,True,ok,0.4346923828125,1.0,0.0,143.13121314237574,131.84987043835025,11.28134270402549,109.51353096228107
29,calcification,test,True,ok,0.4720306396484375,1.0,0.0,136.53311782770325,129.3070142481431,7.226103579560146,45.57183820017601
30,calcification,test,True,ok,0.4498443603515625,1.0,0.0,133.24921135646687,133.23586187768686,0.013349478780014579,40.922962154327806
31,calcification,test,True,ok,0.4390411376953125,1.0,0.0,158.37733291627566,153.66741016783178,4.709922748443887,9.271143751472206
32,calcification,test,True,ok,0.468353271484375,1.0,0.0,166.55844790512805,161.25010045347568,5.3083474516523665,23.783846430007312
33,calcification,test,True,ok,0.461029052734375,0.916656494140625,0.0,136.55093665188323,105.11437630938225,31.436560342500982,60.38589858216404
34,calcification,test,True,ok,0.445159912109375,0.9340972900390625,0.0,134.82624940015083,103.13965128430779,31.68659811584304,19.447591433990002
35,calcification,test,True,ok,0.415283203125,0.7253265380859375,0.09174750146972369,124.1251102292769,91.64125782881003,32.48385240046687,97.29452721282077
36,calcification,test,True,ok,0.44171142578125,0.9729156494140625,0.0,135.10577587398092,107.40756532196349,27.69821055201743,69.64960548359548
37,calcification,test,True,ok,0.326202392578125,1.0,0.0,156.2389840022453,126.64328094569501,29.595703056550292,46.458883042575856
38,calcification,test,True,ok,0.2946624755859375,0.9013214111328125,0.0,169.47563564807623,115.29274202271498,54.18289362536126,77.30799531331382
39,calcification,test,True,ok,0.4580078125,1.0,0.0,117.94392990405117,120.48963963963963,-2.54570973558846,35.72208380131848
40,calcification,test,True,ok,0.46783447265625,1.0,0.0,94.38228962818003,91.62122949879573,2.7610601293843047,66.89369289672334
41,calcification,test,True,ok,0.41375732421875,1.0,0.0,70.37641982593303,67.28508589276419,3.0913339331688405,7.477109052872761
42,calcification,test,True,ok,0.412994384765625,1.0,0.0,78.88287888864258,76.95011697426567,1.9327619143769112,11.118668044540366
43,calcification,test,True,ok,0.46734619140625,1.0,0.0,161.92013843541858,161.11109201329208,0.8090464221264995,101.92488116763634
44,calcification,test,True,ok,0.4578704833984375,1.0,0.0,116.70373579498117,117.65264994792986,-0.9489141529486886,145.86603576870903
45,calcification,test,True,ok,0.427276611328125,1.0,0.0,93.84793943289765,91.17818511216497,2.669754320732679,37.564557038406775
46,calcification,test,True,ok,0.292938232421875,1.0,0.0,152.37832065840192,153.5791790754888,-1.2008584170868914,60.759364089424956
47,calcification,test,True,ok,0.430816650390625,1.0,0.0,131.6028547141744,128.71484102729076,2.888013686883653,13.729512339663305
48,calcification,test,True,ok,0.45849609375,1.0,0.0,152.17608493077742,147.48774233543733,4.688342595340089,17.059903285198615
49,calcification,test,True,ok,0.4488677978515625,0.9457550048828125,0.0,136.56562531869326,103.90869071679725,32.65693460189601,130.15876995408757
50,calcification,test,True,ok,0.20196533203125,0.9999237060546875,0.0,125.01019945602901,97.66070745697897,27.349491999050045,102.47131336094687
51,calcification,test,True,ok,0.265228271484375,1.0,0.0,122.42308134852146,114.08105245670141,8.34202889182005,123.18234348096551
52,calcification,test,True,ok,0.4011383056640625,1.0,0.0,158.0623454676861,158.22804290773817,-0.165697440052071,82.74638765728324
53,calcification,test,True,ok,0.4669952392578125,1.0,0.0,133.333082829603,119.20657868369071,14.126504145912293,54.40586856043952
54,calcification,test,True,ok,0.445281982421875,1.0,0.0,161.7412103351381,146.68314353303626,15.058066802101848,55.01225371323114
55,calcification,test,True,ok,0.4086151123046875,1.0,0.0,113.55804921767056,103.88644631937457,9.671602898295987,61.86761338200359
56,calcification,test,True,ok,0.4646148681640625,1.0,0.0,163.44829058425563,150.75270043035883,12.695590153896802,83.17888400579669
57,calcification,test,True,ok,0.46685791015625,1.0,0.0,145.73976990456268,138.9226674298798,6.817102474682883,107.39059331934493
58,calcification,test,True,ok,0.54345703125,0.9879302978515625,0.0,177.01586365678347,156.71811497326203,20.297748683521434,92.79632143142311
59,calcification,test,True,ok,0.4646148681640625,1.0,0.0,124.68967782193175,117.93826773448856,6.75141008744319,23.214134885410715
60,calcification,test,True,ok,0.457672119140625,1.0,0.0,126.44308861772355,122.90414157897699,3.5389470387465565,86.39919609433208
61,calcification,test,True,ok,0.4653167724609375,1.0,0.0,120.15684538448926,110.37516052624069,9.781684858248568,66.0440223395921
62,calcification,test,True,ok,0.4117889404296875,1.0,0.0,188.8869826212621,185.94370800798984,2.9432746132722514,116.11986433056227
63,calcification,test,True,ok,0.476470947265625,1.0,0.0,105.14167680778839,112.33004954823667,-7.188372740448287,117.18070964896961
64,calcification,test,True,ok,0.510650634765625,0.9952850341796875,0.0,160.08814916631806,122.13551605862176,37.9526331076963,106.70951781362129
65,calcification,test,True,ok,0.434356689453125,0.5562286376953125,0.2765053045738776,65.31521815499192,50.49811168060426,14.817106474387664,112.67616725773065
66,calcification,test,True,ok,0.489898681640625,0.9812164306640625,0.0,174.067059116676,137.42740053843852,36.63965857823749,37.31706631776051
67,calcification,test,True,ok,0.4200897216796875,0.9616851806640625,0.0,152.47815190149285,101.34382318116037,51.134328720332476,24.86249849850093
68,calcification,test,True,ok,0.5229644775390625,1.0,0.0,173.69430747235432,156.676422608195,17.017884864159328,79.84083270206573
69,calcification,test,True,ok,0.4552764892578125,0.9730377197265625,0.0,130.38666756041158,109.15972436202695,21.22694319838463,100.79409536018485
70,calcification,test,True,ok,0.4849090576171875,1.0,0.0,182.67201611126845,170.86177681666024,11.810239294608209,115.3288844159013
71,calcification,test,True,ok,0.4769744873046875,1.0,0.0,115.60321827313733,88.411062811798,27.192155461339325,43.242631840765085
72,calcification,test,True,ok,0.4575653076171875,1.0,0.0,79.76359755894221,69.14149483811077,10.622102720831435,54.78692171044414
73,calcification,test,True,ok,0.39825439453125,1.0,0.0,176.15241379310345,158.49594279338675,17.656470999716703,43.19698347200732
74,calcification,test,True,ok,0.3312225341796875,0.95849609375,0.0,182.79301607776293,151.16397818795775,31.629037889805176,39.75287165749108
75,calcification,test,True,ok,0.496246337890625,0.7162933349609375,0.06863046553102516,93.46027304593814,47.76676561458775,45.69350743135039,42.59121650014296
76,calcification,test,True,ok,0.4738006591796875,0.9220123291015625,0.003929019999355898,77.17912466587228,76.24535305205161,0.9337716138206673,112.93036046778042
77,calcification,test,True,ok,0.4351348876953125,1.0,0.0,192.31686362520603,186.7570706934277,5.559792931778333,49.90583692271565
78,calcification,test,True,ok,0.4134368896484375,0.6513519287109375,0.1949068093744233,141.50651411699576,93.99643609687573,47.510078020120034,25.78426560437005
79,calcification,test,True,ok,0.4481048583984375,1.0,0.0,175.00027241461504,172.58118831043157,2.4190841041834688,39.97943867784214
80,calcification,test,True,ok,0.4569549560546875,0.9959259033203125,0.0,178.38548101646242,155.23481974767483,23.150661268787587,30.793968950028642
81,calcification,test,True,ok,0.4518585205078125,1.0,0.0,173.59085536757505,166.62820477131643,6.962650596258612,29.87005060248334
82,calcification,test,True,ok,0.4807586669921875,0.9710235595703125,0.0,112.9946361126099,102.00734667489495,10.98728943771495,128.02046285783197
83,calcification,test,True,ok,0.3524322509765625,0.58697509765625,0.2770056717322596,136.4052474347318,94.13386272061076,42.27138471412103,37.88082194225326
84,calcification,test,True,ok,0.4217376708984375,1.0,0.0,209.2094142335106,207.39839565137083,1.8110185821397806,26.527004591744753
85,calcification,test,True,ok,0.430511474609375,0.5845489501953125,0.12759622882257035,51.108917558658824,25.560393333690584,25.54852422496824,14.608187792695537
86,calcification,test,True,ok,0.4197998046875,1.0,0.0,171.61122419307938,166.5897590995161,5.021465093563279,45.995610300605065
87,calcification,test,True,ok,0.426605224609375,0.800750732421875,0.0,166.73073896559126,140.9233061897919,25.807432775799356,81.2311051866278
88,calcification,test,True,ok,0.3911895751953125,1.0,0.0,127.05297031633967,104.12448933557232,22.928480980767347,29.396713881724367
89,calcification,test,True,ok,0.430511474609375,0.9959564208984375,0.0,120.4224498475934,91.97899362306414,28.443456224529257,47.78751147564202
90,calcification,test,True,ok,0.34136962890625,0.9676666259765625,0.0,179.20507777579118,134.08175794643685,45.12331982935433,25.2917793259796
91,calcification,test,True,ok,0.4130706787109375,1.0,0.0,159.30504968416386,133.55759781619653,25.747451867967328,49.57120131910074
92,calcification,test,True,ok,0.4104156494140625,1.0,0.0,154.239283191434,138.3435389114625,15.895744279971495,20.936509532170664
93,calcification,test,True,ok,0.3907318115234375,0.955474853515625,0.0,187.26188151677275,165.25016905006387,22.01171246670887,35.92299239271057
94,calcification,test,True,ok,0.402679443359375,1.0,0.0,175.821864342554,169.3357175701221,6.48614677243188,33.82809597357657
95,calcification,test,True,ok,0.4563751220703125,0.992919921875,0.0,181.1898425223177,150.91885367838998,30.27098884392771,8.234315039125885
96,calcification,test,True,ok,0.4638671875,1.0,0.0,181.71256578947367,166.43858151183971,15.273984277633957,15.03736802927015
97,calcification,test,True,ok,0.4821014404296875,1.0,0.0,134.83880360816585,133.99796706048733,0.8408365476785207,82.37720248066415
98,calcification,test,True,ok,0.4463958740234375,0.9915008544921875,3.418219107844813e-05,64.01962057767904,72.38868829414845,-8.369067716469416,153.73380919842563
99,calcification,test,True,ok,0.454498291015625,0.9999847412109375,0.0,100.07694890216881,91.19762237762238,8.879326524546428,114.44659958899855
100,calcification,test,True,ok,0.4315338134765625,0.999847412109375,0.0,191.09239418690993,166.39940947523823,24.6929847116717,55.888121807105186
101,calcification,test,True,ok,0.366790771484375,1.0,0.0,135.7056743489475,127.87274085498096,7.832933493966536,119.67882629060743
102,calcification,test,True,ok,0.3332672119140625,1.0,0.0,109.23002609770614,92.59608650875386,16.633939588952288,140.3696232447683
103,calcification,test,True,ok,0.432464599609375,1.0,0.0,134.12589090395878,131.8859762327257,2.239914671233066,135.9556861205815
104,calcification,test,True,ok,0.2916107177734375,0.8833160400390625,0.0,99.1876406258176,77.86022617124394,21.327414454573656,92.28209836320517
105,calcification,test,True,ok,0.309906005859375,1.0,0.0,113.47961595273264,95.6943572281431,17.78525872458954,56.80192693665209
106,calcification,test,True,ok,0.2931671142578125,0.9983978271484375,0.0,154.59558632176132,139.40139887312998,15.19418744863134,32.54462640047016
107,calcification,test,True,ok,0.3464813232421875,0.998321533203125,0.0,124.26287048046858,107.7895117794018,16.473358701066772,25.512058709450347
108,calcification,test,True,ok,0.4341278076171875,0.46990966796875,0.3698639766616288,28.026642297283047,24.72589995955238,3.300742337730668,71.91609243878612
109,calcification,test,True,ok,0.3673248291015625,0.3654937744140625,0.45494952851742615,24.921862667719022,25.761594674770276,-0.8397320070512535,123.80041860856308
110,calcification,test,True,ok,0.4666290283203125,0.9999847412109375,0.0,150.83960629148817,151.02935202403089,-0.18974573254271832,138.11561074487693
111,calcification,test,True,ok,0.4604949951171875,0.9762115478515625,0.0,119.31869843268498,99.80032242554515,19.518376007139835,49.307197330539125
112,calcification,test,True,ok,0.458343505859375,0.8629913330078125,0.0,156.85584925760702,82.51991661502056,74.33593264258646,57.937777353446066
113,calcification,test,True,ok,0.4849700927734375,1.0,0.0,142.12097662272285,142.39252807157882,-0.2715514488559734,53.18095858185258
114,calcification,test,True,ok,0.4253692626953125,1.0,0.0,136.39756788750583,136.63124352744364,-0.2336756399378146,70.80271817526153
115,calcification,test,True,ok,0.377777099609375,0.998565673828125,0.0,166.47528071734388,164.98844965422532,1.486831063118558,116.09427397636689
116,calcification,test,True,ok,0.4274444580078125,1.0,0.0,152.51129832577732,142.77419182901153,9.73710649676579,65.60097852630818
117,calcification,test,True,ok,0.3051300048828125,1.0,0.0,144.39235885382809,107.10134170710819,37.291017146719895,9.15025908771461
118,calcification,test,True,ok,0.4386444091796875,1.0,0.0,121.6203777785508,119.98037456848515,1.6400032100656574,109.25718200619605
119,calcification,test,True,ok,0.413848876953125,1.0,0.0,133.9139075289433,135.5215025771854,-1.6075950482421035,76.53784769878084
120,calcification,test,True,ok,0.41680908203125,0.7146759033203125,0.002855469322009079,47.14617806413823,40.52082679225536,6.62535127188287,125.77541524349463
121,calcification,test,True,ok,0.4460906982421875,1.0,0.0,115.94400547289209,100.34376463458307,15.60024083830902,21.325316661362052
122,calcification,test,True,ok,0.479949951171875,0.9999847412109375,0.0,90.463979144147,71.60339768792912,18.860581456217886,54.43779704459026
123,calcification,test,True,ok,0.3807373046875,1.0,0.0,157.13758416159024,136.1304701360142,21.007114025576044,13.970938436829904
124,calcification,test,True,ok,0.397216796875,0.9821014404296875,0.0,134.72672095881993,102.0823714054273,32.64434955339263,65.63719006756767
125,calcification,test,True,ok,0.4011993408203125,1.0,0.0,155.14053170045258,160.97240272150447,-5.831871021051882,130.85651204953575
126,calcification,test,True,ok,0.4524078369140625,1.0,0.0,156.6917602617289,156.86535514253072,-0.17359488080182928,154.5442234264595
127,calcification,test,True,ok,0.439178466796875,1.0,0.0,129.01084010840108,111.86183816727431,17.14900194112677,14.36352666761543
128,calcification,test,True,ok,0.384857177734375,1.0,0.0,144.94377924034572,136.96733144813217,7.976447792213548,13.48845190391495
129,calcification,test,True,ok,0.514129638671875,1.0,0.0,129.61420430937258,123.0776333144903,6.5365709948822825,40.38084047403096
130,calcification,test,True,ok,0.460784912109375,0.95574951171875,0.0,123.51218623749917,83.42401946912672,40.088166768372446,102.76217872515826
131,calcification,test,True,ok,0.4524993896484375,1.0,0.0,109.50328780981285,107.71929433404866,1.7839934757641913,130.8996130748808
132,calcification,test,True,ok,0.440765380859375,1.0,0.0,115.35425465623486,97.95495225102319,17.39930240521167,111.93342406397738
133,calcification,test,True,ok,0.433135986328125,0.998992919921875,0.0,134.807792573804,121.84123822341857,12.966554350385422,118.2918260135077
134,calcification,test,True,ok,0.4504852294921875,1.0,0.0,141.3621244453477,144.95573820564795,-3.593613760300258,108.31739862127056
135,calcification,test,True,ok,0.5443878173828125,0.8170318603515625,0.017406172043613534,142.88908820808925,97.86600355001842,45.02308465807083,49.70480354001602
136,calcification,test,True,ok,0.4148712158203125,0.999969482421875,0.0,156.4262753319357,131.24335671630115,25.18291861563455,73.406048813689
137,calcification,test,True,ok,0.4547576904296875,0.7859649658203125,0.007784451229741972,76.33416099050432,70.68855119917163,5.645609791332689,139.62016341834874
138,calcification,test,True,ok,0.4557952880859375,0.775360107421875,0.008302366844096281,56.573030698670955,60.94109070517314,-4.3680600065021835,157.8481302877057
139,calcification,test,True,ok,0.317230224609375,1.0,0.0,118.06267436267436,115.37536316095293,2.6873112017214282,46.045905157556085
140,calcification,test,True,ok,0.333343505859375,1.0,0.0,115.64208550764442,112.1353170061799,3.5067685014645207,105.89621067335891
141,calcification,test,True,ok,0.5316314697265625,1.0,0.0,75.10461812232714,78.3918227724385,-3.287204650111363,8.915593987794338
142,calcification,test,True,ok,0.513702392578125,1.0,0.0,130.60197231628348,128.8939127706307,1.7080595456527874,36.95347747213038
143,calcification,test,True,ok,0.448394775390625,1.0,0.0,184.9188048730688,180.23228215767634,4.686522715392471,83.20219926475102
144,calcification,test,True,ok,0.4472808837890625,1.0,0.0,164.171289189097,163.083372442923,1.0879167461739883,125.0759897896499
145,calcification,test,True,ok,0.493072509765625,1.0,0.0,215.02537599801943,211.97862861958941,3.0467473784300125,72.86224236676351
146,calcification,test,True,ok,0.3767547607421875,1.0,0.0,106.45008302620388,105.34244093524299,1.1076420909608942,67.1660490581734
147,calcification,test,True,ok,0.42254638671875,1.0,0.0,78.33294814386826,81.4299228411373,-3.096974697269033,110.13392849724525
148,calcification,test,True,ok,0.449493408203125,1.0,0.0,130.19186638604114,129.9355008592494,0.25636552679173974,47.21574228467595
149,calcification,test,True,ok,0.4223785400390625,1.0,0.0,138.31508977276832,136.89634130233787,1.4187484704304438,70.25090689546845
150,calcification,test,True,ok,0.383331298828125,1.0,0.0,130.42142345354668,123.20384025337754,7.217583200169145,44.1700783046343
151,calcification,test,True,ok,0.4666595458984375,1.0,0.0,131.13579439557924,124.39332818356078,6.742466212018456,20.342127582418826
152,calcification,test,True,ok,0.4209747314453125,1.0,0.0,130.4780890934793,119.178538487891,11.299550605588294,59.365335755189484
153,calcification,test,True,ok,0.4097442626953125,0.9873199462890625,0.0,120.54988269467098,93.03213297831088,27.5177497163601,30.83050679651608
154,calcification,test,True,ok,0.4151153564453125,0.9962921142578125,0.0,160.9538320161735,146.25154574626282,14.702286269910672,16.776396917582222
155,calcification,test,True,ok,0.41180419921875,0.9968719482421875,0.0,195.5797020898177,187.40629864065582,8.173403449161867,88.76750026968675
156,calcification,test,True,ok,0.43829345703125,0.9999847412109375,0.0,183.55357888873417,173.45031511463654,10.103263774097627,25.07025522305175
157,calcification,test,True,ok,0.37664794921875,1.0,0.0,122.91913790309512,107.82742582982473,15.091712073270386,104.06201891994094
158,calcification,test,True,ok,0.4596405029296875,0.999969482421875,0.0,190.8162201639943,168.6247988026996,22.191421361294715,5.8557049725070405
159,calcification,test,True,ok,0.44091796875,1.0,0.0,145.51754568106313,145.62150655021833,-0.10396086915520186,45.00543505371818
160,calcification,test,True,ok,0.4835662841796875,1.0,0.0,165.04973020731438,145.23152607475254,19.818204132561846,50.63751595816855
161,calcification,test,True,ok,0.5447235107421875,1.0,0.0,114.27163225860669,106.3148439856554,7.956788272951286,19.17657481143079
162,calcification,test,True,ok,0.4630279541015625,1.0,0.0,111.3919261822376,101.61549828081043,9.77642790142717,32.89096940363408
163,calcification,test,True,ok,0.4754180908203125,1.0,0.0,149.25393972462047,141.4559178568312,7.798021867789259,87.00166379899343
164,calcification,test,True,ok,0.338775634765625,1.0,0.0,178.71457526348976,162.42204735311765,16.292527910372115,44.48678773557411
165,calcification,test,True,ok,0.431304931640625,1.0,0.0,101.44141371258756,100.05688221089348,1.3845315016940845,125.89984111801142
166,calcification,test,True,ok,0.4609375,0.99176025390625,0.0,93.71673066737289,81.14070991847827,12.57602074889462,141.23781042731656
167,calcification,test,True,ok,0.4100494384765625,1.0,0.0,152.22889145238716,129.0091301761374,23.219761276249756,45.50936787925403
168,calcification,test,True,ok,0.46771240234375,1.0,0.0,140.98000130497195,111.28316706799679,29.696834236975164,36.17244622234633
169,calcification,test,True,ok,0.442352294921875,1.0,0.0,139.23721973094172,116.96150057461828,22.275719156323433,81.50594751496503
170,calcification,test,True,ok,0.4530029296875,0.9936676025390625,0.0,125.54328348154137,112.77524548091944,12.768038000621928,136.69844382282378
171,calcification,test,True,ok,0.3523101806640625,1.0,0.0,139.88860496340249,138.00548919829436,1.8831157651081298,25.295638835662338
172,calcification,test,True,ok,0.4362640380859375,1.0,0.0,170.4609492497639,157.67378535661118,12.787163893152723,98.54081345565244
173,calcification,test,True,ok,0.420806884765625,1.0,0.0,139.49336427587207,138.8203540755572,0.6730102003148772,77.33381132160257
174,calcification,test,True,ok,0.4855194091796875,1.0,0.0,182.83748703604763,176.99154729068422,5.84593974536341,68.40603158267592
175,calcification,test,True,ok,0.50860595703125,0.9091644287109375,0.0,170.80424216968677,100.94718047447522,69.85706169521156,57.334041327289675
176,calcification,test,True,ok,0.34429931640625,0.93743896484375,0.0,159.655646162028,126.0302987992181,33.625347362809904,94.64449463584846
177,calcification,test,True,ok,0.38128662109375,1.0,0.0,165.9123979510165,166.02037091841768,-0.10797296740119577,114.12920180146246
178,calcification,test,True,ok,0.432647705078125,1.0,0.0,172.1368413627707,171.07377225539238,1.0630691073783112,25.003730012387845
179,calcification,test,True,ok,0.41058349609375,1.0,0.0,169.77122045488332,131.45158952055505,38.31963093432827,70.70032411013104
180,calcification,test,True,ok,0.3136138916015625,1.0,0.0,181.56171848391963,163.38979169908632,18.171926784833317,38.81428626320855
181,calcification,test,True,ok,0.429840087890625,1.0,0.0,162.87373091941782,149.01509393566343,13.858636983754394,41.07730135804646
182,calcification,test,True,ok,0.38116455078125,1.0,0.0,178.69567654123298,157.84157707860734,20.85409946262564,1.4154555395788517
183,calcification,test,True,ok,0.4594879150390625,1.0,0.0,108.94105535815096,98.7356802077746,10.205375150376355,55.14695435219713
184,calcification,test,True,ok,0.4593353271484375,1.0,0.0,109.28933993289705,98.26255185843705,11.02678807446,31.071595565470105
185,calcification,test,True,ok,0.4783172607421875,0.99847412109375,0.0,45.3845663061856,41.63830471789172,3.7462615882938763,15.700483040369145
186,calcification,test,True,ok,0.43682861328125,0.9216156005859375,0.0,105.231661310605,110.17782052671508,-4.946159216110075,114.5254098884325
187,calcification,test,True,ok,0.4344329833984375,1.0,0.0,149.947841663447,147.45430999595305,2.4935316674939543,137.4691038864644
188,calcification,test,True,ok,0.4637451171875,1.0,0.0,130.59512371676757,129.3524926018666,1.2426311149009734,79.80905588580731
189,calcification,test,True,ok,0.4416351318359375,1.0,0.0,136.96468921673633,135.2946738447244,1.6700153720119317,56.46361980922778
190,calcification,test,True,ok,0.3645477294921875,1.0,0.0,138.89724163911097,133.8127026053548,5.084539033756187,44.548587302693065
191,calcification,test,True,ok,0.2775115966796875,1.0,0.0,139.82097102325838,139.1767091174048,0.6442619058535684,13.56113555952557
192,calcification,test,True,ok,0.473541259765625,1.0,0.0,163.18772958690468,151.79775085502288,11.389978731881797,34.39580605630513
193,calcification,test,True,ok,0.53118896484375,1.0,0.0,161.23422957600826,152.43441609165473,8.799813484353535,17.52716435962063
194,calcification,test,True,ok,0.376800537109375,1.0,0.0,119.22855754434275,113.13077224425837,6.097785300084382,62.70253223376834
195,calcification,test,True,ok,0.4631195068359375,1.0,0.0,154.81908339099206,149.93485860451898,4.884224786473084,41.002217303594314
196,calcification,test,True,ok,0.4255523681640625,1.0,0.0,151.60955932446484,145.83231067548542,5.777248648979423,121.73513113113975
197,calcification,test,True,ok,0.4005889892578125,1.0,0.0,158.00190454424256,140.49476872947585,17.507135814766713,33.752894206451565
198,calcification,test,True,ok,0.449737548828125,0.999969482421875,0.0,141.04777091674018,117.42518440463645,23.622586512103723,69.91345333958988
199,calcification,test,True,ok,0.374176025390625,1.0,0.0,160.98197536905636,153.6745257716877,7.307449597368645,79.14775935819242
200,calcification,test,True,ok,0.405853271484375,0.9126129150390625,0.0,141.65034965034965,113.68945503107504,27.96089461927461,118.48298618948095
201,calcification,test,True,ok,0.4216766357421875,1.0,0.0,170.52701284602858,149.27402970897865,21.252983137049938,30.718367650711603
202,calcification,test,True,ok,0.4621124267578125,0.9930419921875,0.0,154.97989103516593,136.58696207199796,18.392928963167975,107.32746927887763
203,calcification,test,True,ok,0.40423583984375,1.0,0.0,130.0064925260456,117.34248540108595,12.664007124959653,10.36926440966732
204,calcification,test,True,ok,0.4200897216796875,1.0,0.0,120.20515055755331,110.52935140113144,9.675799156421874,28.357538427520268
205,calcification,test,True,ok,0.458740234375,1.0,0.0,150.39239622139436,140.61597880018041,9.77641742121395,99.85826713410596
206,calcification,test,True,ok,0.4304351806640625,1.0,0.0,172.3844163210323,156.19101454711068,16.193401773921607,9.137372722105354
207,calcification,test,True,ok,0.479736328125,0.9999542236328125,0.0,191.01358142493638,186.42265954950727,4.590921875429103,55.10819175818661
208,calcification,test,True,ok,0.56939697265625,0.9776153564453125,0.0,200.70138814449567,193.20921332388377,7.492174820611893,104.54887313615207
209,calcification,test,True,ok,0.5618896484375,0.9889984130859375,0.0,190.64292309363458,188.60716773474505,2.0357553588895314,93.01475003352573
210,calcification,test,True,ok,0.4812164306640625,1.0,0.0,185.03465770364969,188.8346421953587,-3.7999844917090115,104.15472833888198
211,calcification,test,True,ok,0.488922119140625,1.0,0.0,130.30381998626802,124.0760136143787,6.227806371889329,134.99199139533442
212,calcification,test,True,ok,0.43121337890625,1.0,0.0,157.62523000707714,150.58643631290911,7.038793694168021,110.55466784152183
213,calcification,test,True,ok,0.451995849609375,0.914947509765625,3.3758692863412326e-05,42.56387144689758,46.08300384251267,-3.519132395615088,44.146483586627674
214,calcification,test,True,ok,0.4287261962890625,1.0,0.0,112.80271915151084,99.71070274312882,13.092016408382023,43.919789595088815
215,calcification,test,True,ok,0.442718505859375,1.0,0.0,111.67415730337079,130.7028366464049,-19.028679343034113,114.27947349810331
216,calcification,test,True,ok,0.4644927978515625,1.0,0.0,104.08360434939719,104.19834734292634,-0.11474299352914841,119.52640365850377
217,calcification,test,True,ok,0.4611968994140625,0.652313232421875,0.169727047146402,59.61644334160463,63.38718812834527,-3.770744786740643,129.371604711534
218,calcification,test,True,ok,0.42242431640625,0.994537353515625,0.0,129.40626354573038,123.13888301807037,6.267380527660009,80.65314998764434
219,calcification,test,True,ok,0.3945770263671875,0.99859619140625,0.0,74.09559534398082,59.26115885777654,14.834436486204275,11.1548092145343
220,calcification,test,True,ok,0.424468994140625,1.0,0.0,133.33967215471998,138.65957898085796,-5.319906826137981,127.87228319695964
221,calcification,test,True,ok,0.4273834228515625,1.0,0.0,139.51105001963654,136.36773523063394,3.143314789002602,44.13342146010618
222,calcification,test,True,ok,0.24822998046875,1.0,0.0,138.7337103516105,123.4495209872534,15.284189364357118,19.19018587282628
223,calcification,test,True,ok,0.3468017578125,0.9985809326171875,0.0,68.95534142907427,61.86364698187255,7.091694447201718,36.277486801879824
224,calcification,test,True,ok,0.1484832763671875,0.8715972900390625,0.0,137.76559449183023,110.5819729414927,27.183621550337534,104.1740931878777
225,calcification,test,True,ok,0.44793701171875,1.0,0.0,115.9338465731026,115.69906025428413,0.23478631881846468,33.419920223855115
226,calcification,test,True,ok,0.259552001953125,0.9951629638671875,0.0,137.47495590828925,142.59092033136875,-5.115964423079504,73.36109436924008
227,calcification,test,True,ok,0.157135009765625,0.833648681640625,0.0,151.3186055544766,107.91878779101343,43.39981776346316,74.10603211616677
228,calcification,test,True,ok,0.2179412841796875,0.999969482421875,0.0,120.71756633760414,133.75019998829336,-13.03263365068922,135.44549804930818
229,calcification,test,True,ok,0.451019287109375,1.0,0.0,163.21435821097504,161.81466451720496,1.3996936937700752,22.85639230814064
230,calcification,test,True,ok,0.4597625732421875,1.0,0.0,107.78736185324085,96.49521254060161,11.29214931263924,61.25480991362285
231,calcification,test,True,ok,0.4246673583984375,1.0,0.0,150.20692752685855,150.50104760641824,-0.2941200795596899,63.90239248261385
232,calcification,test,True,ok,0.38568115234375,1.0,0.0,102.57667352429182,98.71445603576751,3.8622174885243084,118.33943649364915
233,calcification,test,True,ok,0.43511962890625,1.0,0.0,166.72082339739094,149.83346839546192,16.887355001929024,51.93632830752786
234,calcification,test,True,ok,0.4659576416015625,1.0,0.0,169.53207584242068,160.11286036743908,9.419215474981598,83.09988758347124
235,calcification,test,True,ok,0.55224609375,0.9228057861328125,0.0,142.52840406719716,82.50408942202836,60.0243146451688,45.705302380726195
236,calcification,test,True,ok,0.4592742919921875,1.0,0.0,117.5291537924848,104.34099952027542,13.188154272209388,80.93938972159326
237,calcification,test,True,ok,0.446014404296875,1.0,0.0,166.43783783783783,158.53283203878146,7.905005799056369,106.79652567297715
238,calcification,test,True,ok,0.3935394287109375,1.0,0.0,127.4950564150285,130.17934331362434,-2.6842868985958432,129.6667434904832
239,calcification,test,True,ok,0.4398956298828125,1.0,0.0,144.8606611398245,142.83439126052252,2.026269879301964,90.85812916297839
240,calcification,test,True,ok,0.4445037841796875,0.977813720703125,0.0,152.28783769867152,124.96613102595798,27.321706672713546,79.17446873603805
241,calcification,test,True,ok,0.2527313232421875,1.0,0.0,113.71683873694379,96.29765380924182,17.419184927701963,100.02546143566995
242,calcification,test,True,ok,0.4658660888671875,1.0,0.0,157.40352428679049,151.05539208684473,6.348132199945752,38.9148908104237
243,calcification,test,True,ok,0.4703521728515625,1.0,0.0,116.7694403892944,111.64679784506353,5.122642544230871,75.46127720015298
244,calcification,test,True,ok,0.5039825439453125,1.0,0.0,172.75536649610947,168.14753745347156,4.607829042637917,45.0991548003432
245,calcification,test,True,ok,0.4256134033203125,1.0,0.0,190.05331086652566,179.38665887415988,10.666651992365786,74.9332131661824
246,calcification,test,True,ok,0.4773406982421875,0.91680908203125,0.0,218.548316977272,211.89434502087408,6.653971956397925,104.147494994063
247,calcification,test,True,ok,0.3660125732421875,0.9155731201171875,0.0,194.17659565598032,166.03321379575922,28.143381860221098,101.16495223703005
248,calcification,test,True,ok,0.4781341552734375,1.0,0.0,177.31460028721875,157.8772550510219,19.437345236196848,17.748624376841953
249,calcification,test,True,ok,0.46099853515625,0.71453857421875,0.029657089898053754,40.739573679332715,34.45399728230098,6.285576397031733,139.25516332175485
250,calcification,test,True,ok,0.4721221923828125,1.0,0.0,74.65026986845933,79.5580575227634,-4.907787654304073,136.48112942301958
251,calcification,test,True,ok,0.4505157470703125,1.0,0.0,115.56497883149873,108.33550859459609,7.2294702369026425,75.01510660822429
252,calcification,test,True,ok,0.4894866943359375,1.0,0.0,143.28460986938495,142.31834892548645,0.9662609438985044,34.127057433564445
253,calcification,test,True,ok,0.4810028076171875,1.0,0.0,156.83139295117851,150.40049392879195,6.430899022386569,103.48383140362695
254,calcification,test,True,ok,0.425537109375,1.0,0.0,163.98027825588068,133.16014130896727,30.820136946913408,39.97174877480664
255,calcification,test,True,ok,0.4339752197265625,0.9921875,0.0,90.05042016806723,88.85949588893382,1.1909242791334123,91.4137266640619
256,calcification,test,True,ok,0.35382080078125,0.98431396484375,0.0,110.78152492668622,113.52972985737225,-2.748204930686029,100.75957384078117
257,calcification,test,True,ok,0.4390411376953125,0.9999847412109375,0.0,144.19712925311924,125.92851508309985,18.26861417001939,87.16871971631615
258,calcification,test,True,ok,0.443145751953125,1.0,0.0,145.68187452654774,126.73946402148299,18.942410505064757,116.72108236675712
259,calcification,test,True,ok,0.4942169189453125,1.0,0.0,154.01253511994813,155.35182671131625,-1.3392915913681236,115.11737983698002
260,calcification,test,True,ok,0.4335174560546875,1.0,0.0,141.9641688078561,146.693898989899,-4.729730182042886,94.34300190086076
261,calcification,test,True,ok,0.5457916259765625,1.0,0.0,92.51891302524533,90.24937010783754,2.26954291740779,50.13612679623608
262,calcification,test,True,ok,0.4450836181640625,1.0,0.0,122.22925023141006,109.6535870431985,12.575663188211564,59.1742684479876
263,calcification,test,True,ok,0.4123077392578125,0.9698333740234375,0.0,157.65722956219236,139.53773854342464,18.119491018767718,143.09346490181534
264,calcification,test,True,ok,0.4505615234375,1.0,0.0,164.3626049850989,150.1118084870029,14.250796498096008,97.71296560057189
265,calcification,test,True,ok,0.3967437744140625,1.0,0.0,165.51944155994,147.27051979258886,18.248921767351135,14.055285153440487
266,calcification,test,True,ok,0.4238128662109375,1.0,0.0,143.16795679567957,142.91549482270068,0.2524619729788924,10.166431949987972
267,calcification,test,True,ok,0.4450836181640625,0.987579345703125,0.0,130.68137406150365,110.21329776995628,20.468076291547362,30.701703309198233
268,calcification,test,True,ok,0.463104248046875,0.997406005859375,0.0,136.36836902800658,114.2068436309896,22.161525397016987,40.365601373859555
269,calcification,test,True,ok,0.520843505859375,0.94757080078125,0.0,141.84010077928164,131.08359340169417,10.756507377587468,120.71950336973957
270,calcification,test,True,ok,0.4487457275390625,1.0,0.0,88.2038151586249,91.72513632463254,-3.5213211660076382,63.766138787945856
271,calcification,test,True,ok,0.48907470703125,0.6604156494140625,0.010295769374766004,160.44315487333083,84.19621311671246,76.24694175661837,108.83802985928892
272,calcification,test,True,ok,0.4759521484375,0.803375244140625,0.02244165170556553,131.2579828161067,97.65111809923131,33.60686471687539,119.9288912071311
273,calcification,test,True,ok,0.41290283203125,0.8182830810546875,3.695491500369549e-05,137.8009608277901,97.9813130263021,39.819647801488,118.63090484767997
274,calcification,test,True,ok,0.3745574951171875,0.9835968017578125,0.0,139.82759604024932,124.68674522432848,15.140850815920842,115.68045103312818
275,calcification,test,True,ok,0.460357666015625,1.0,0.0,117.37444481272787,113.01555165978624,4.358893152941633,5.304572167772871
276,calcification,test,True,ok,0.3934326171875,1.0,0.0,96.1146447409246,97.76657778224995,-1.65193304132535,79.09904882076502
277,calcification,test,True,ok,0.4517822265625,1.0,0.0,161.0746082139962,138.31616009797372,22.758448116022493,65.38917658623228
278,calcification,test,True,ok,0.4280853271484375,1.0,0.0,95.33715915166637,94.47906939516021,0.8580897565061605,112.82409353332109
279,calcification,test,True,ok,0.3780059814453125,1.0,0.0,117.65559278246478,116.55641145156146,1.0991813309033205,123.76504067768748
280,calcification,test,True,ok,0.4753875732421875,1.0,0.0,157.79643716899375,152.0297548064338,5.766682362559948,109.44147757692157
281,calcification,test,True,ok,0.3895416259765625,1.0,0.0,178.5349994124329,170.02319594071037,8.511803471722544,34.819124948737766
282,calcification,test,True,ok,0.4475250244140625,1.0,0.0,120.01547955948038,117.01775899687905,2.99772056260133,121.19354106185992
283,calcification,test,True,ok,0.4712371826171875,1.0,0.0,133.5003076126024,133.39110610913917,0.10920150346322544,44.51097163157232
284,calcification,test,True,ok,0.4394378662109375,1.0,0.0,161.99618042293136,144.90366660315215,17.092513819779214,35.958463653928085
285,calcification,test,True,ok,0.435028076171875,1.0,0.0,130.43753069098562,128.89539782855292,1.5421328624327089,90.03673438982625
286,calcification,test,True,ok,0.4169769287109375,1.0,0.0,113.4019833863944,105.675024208956,7.7269591774384025,26.75065364599418
287,calcification,test,True,ok,0.493316650390625,1.0,0.0,147.03433343643675,145.59332650725773,1.441006929179025,28.559355933402347
288,calcification,test,True,ok,0.3907012939453125,1.0,0.0,155.3709431751611,148.48471112669355,6.886232048467548,17.387652353968694
289,calcification,test,True,ok,0.4819183349609375,1.0,0.0,152.08374758572648,148.34880570199982,3.7349418837266626,32.896552733576605
290,calcification,test,True,ok,0.4863739013671875,1.0,0.0,137.99190588235294,127.75089866611212,10.241007216240817,22.396408318307447
291,calcification,test,True,ok,0.4587860107421875,1.0,0.0,127.28945355373,121.12574360709351,6.163709946636487,10.357737242168325
292,calcification,test,True,ok,0.470916748046875,0.9026031494140625,0.0,94.76219946860216,71.0217742400646,23.74042522853756,20.684044011216344
293,calcification,test,True,ok,0.478851318359375,0.8915252685546875,0.0,117.79663501370212,85.99039643965568,31.806238574046432,89.10570715591123
294,calcification,test,True,ok,0.479034423828125,1.0,0.0,173.53357329426004,170.3116103333138,3.221962960946229,25.698862196423246
295,calcification,test,True,ok,0.4223480224609375,1.0,0.0,136.66534195599553,139.57482103706053,-2.909479081065001,131.62178253918609
296,calcification,test,True,ok,0.414398193359375,1.0,0.0,158.28297370940422,140.5097191099067,17.773254599497506,51.48007377240897
297,calcification,test,True,ok,0.3965911865234375,1.0,0.0,133.1378169366319,133.14133265899608,-0.003515722364170415,35.51691991218118
298,calcification,test,True,ok,0.3867950439453125,1.0,0.0,142.8881612686891,140.51675915096922,2.3714021177198674,45.033941519231284
299,calcification,test,True,ok,0.299072265625,0.9883575439453125,0.0,138.5983163265306,119.59164925113201,19.006667075398596,61.10450579639254
300,calcification,test,True,ok,0.3876190185546875,0.6499481201171875,0.05034838404912806,82.21761209305987,54.37051802755837,27.8470940655015,82.25577136467075
301,calcification,test,True,ok,0.51666259765625,0.8564605712890625,0.0,108.71597755463674,78.14424169718399,30.57173585745275,77.20805114045449
302,calcification,test,True,ok,0.47308349609375,0.926788330078125,0.0,102.38946587537092,110.53060928993398,-8.14114341456306,112.85613125733498
303,calcification,test,True,ok,0.461151123046875,0.9394683837890625,0.0,125.38263516643505,144.61604462819278,-19.23340946175773,122.36558633617764
304,calcification,test,True,ok,0.4475860595703125,1.0,0.0,141.00739781133876,141.26511615059525,-0.2577183392564848,127.53104643029121
305,calcification,test,True,ok,0.4805145263671875,1.0,0.0,151.22063446699056,152.20405345865765,-0.9834189916670937,146.9454615135043
306,calcification,test,True,ok,0.4533843994140625,1.0,0.0,107.61293036717935,105.4013343382743,2.211596028905049,35.49329678657443
307,calcification,test,True,ok,0.46258544921875,1.0,0.0,136.0256960021111,133.04829642248723,2.9773995796238637,107.53704817665111
308,calcification,test,True,ok,0.5747528076171875,0.75537109375,0.03631826267024186,122.94313324660844,60.99131651655962,61.95181673004882,71.28140205410493
309,calcification,test,True,ok,0.49285888671875,0.7734832763671875,0.02996904024767802,127.49037151702787,71.68422794560115,55.806143571426716,67.98294710523457
310,calcification,test,True,ok,0.5201873779296875,0.9255218505859375,0.0,153.1793141884955,160.19545237716648,-7.016138188670965,103.98909715892478
311,calcification,test,True,ok,0.46539306640625,1.0,0.0,125.87613114754099,122.86533850896221,3.0107926385787778,83.21767579450997
312,calcification,test,True,ok,0.4097900390625,0.608673095703125,0.1309577003276735,73.02286267500745,54.686091003102376,18.33677167190507,120.06318206295352
313,calcification,test,True,ok,0.449676513671875,0.725341796875,0.013640990838140481,99.68832711231761,59.58922530915544,40.09910180316217,123.00354382988358
314,calcification,test,True,ok,0.4674530029296875,0.8521728515625,0.0,130.29201893259344,85.80656714707315,44.48545178552028,104.79982727307981
315,calcification,test,True,ok,0.4448699951171875,0.9999847412109375,0.0,152.85570228091237,141.98100656936313,10.874695711549236,61.91112386407748
316,calcification,test,True,ok,0.484710693359375,1.0,0.0,159.4824970093811,162.54352976014215,-3.0610327507610577,117.8347022757261
317,calcification,test,True,ok,0.4548797607421875,0.9321441650390625,0.0,137.49062426621046,110.50200139958012,26.988622866630337,58.03611590407682
318,calcification,test,True,ok,0.4712677001953125,1.0,0.0,122.58361664238303,114.10219041297509,8.481426229407944,24.327202710139115
319,calcification,test,True,ok,0.4695892333984375,1.0,0.0,136.43639317627944,127.41998216391933,9.016411012360109,67.79527471737586
320,calcification,test,True,ok,0.4671478271484375,0.9345550537109375,0.0,128.0824759105014,104.95300821855044,23.12946769195095,70.22257992460055
321,calcification,test,True,ok,0.4586334228515625,0.9572601318359375,0.0,103.13384569318295,89.20592463147214,13.927921061710805,138.7017806192612
322,calcification,test,True,ok,0.44879150390625,0.6714935302734375,0.10553515571875426,139.93927648578813,123.58116487653638,16.35811160925175,114.15034527775602
323,calcification,test,True,ok,0.4694671630859375,0.4502105712890625,0.48639776383787825,40.40991971917964,50.44717995915902,-10.037260239979382,145.5196040176525
324,calcification,test,True,ok,0.5398712158203125,0.975433349609375,0.0,192.33057290636216,157.2225501575195,35.10802274884267,28.892925911221504
325,calcification,test,True,ok,0.468292236328125,0.9999542236328125,0.0,130.62424242424242,121.69089709005338,8.933345334189042,121.70922518901507
326,calcification,train,True,ok,0.4794921875,1.0,0.0,144.30836303462323,133.093720684803,11.214642349820224,118.4046900505556
327,calcification,train,True,ok,0.43206787109375,1.0,0.0,152.7406413335217,137.18027941966685,15.560361913854848,64.66821399403933
328,calcification,train,True,ok,0.4467926025390625,0.891448974609375,0.0,155.24005327686896,120.53504344228382,34.70500983458514,83.79059304559577
329,calcification,train,True,ok,0.438751220703125,1.0,0.0,143.74038394658135,136.41196781034202,7.328416136239326,82.46016716710669
330,calcification,train,True,ok,0.3799896240234375,1.0,0.0,115.38577681403846,121.57413924642532,-6.188362432386853,86.63910521020313
331,calcification,train,True,ok,0.2934722900390625,1.0,0.0,112.5497842250299,111.18132734380062,1.368456881229278,80.05279138689374
332,calcification,train,True,ok,0.3643951416015625,1.0,0.0,121.08789414178636,118.18357940223262,2.9043147395537403,27.901242877066785
333,calcification,train,True,ok,0.392486572265625,1.0,0.0,85.19726304330923,83.95273019540865,1.2445328479005866,36.42038184512802
334,calcification,train,True,ok,0.381744384765625,1.0,0.0,83.11803501478936,81.58625795942544,1.5317770553639178,40.479039322807395
335,calcification,train,True,ok,0.4088897705078125,1.0,0.0,82.14389670485502,79.53548103977903,2.608415665075995,26.08838743506615
336,calcification,train,True,ok,0.3780670166015625,1.0,0.0,107.0904064253138,109.56093132805024,-2.470524902736443,98.17402566217324
337,calcification,train,True,ok,0.4265594482421875,1.0,0.0,126.45033088892863,124.88581996221495,1.5645109267136803,56.67738242097373
338,calcification,train,True,ok,0.410736083984375,1.0,0.0,137.32788468682665,132.3015951110881,5.026289575738559,15.199381172149753
339,calcification,train,True,ok,0.4083099365234375,1.0,0.0,118.2658918494712,116.578151997318,1.6877398521532,43.25717589168576
340,calcification,train,True,ok,0.4337158203125,1.0,0.0,137.14452575288487,134.28510993748654,2.859415815398336,20.498291514077334
341,calcification,train,True,ok,0.261138916015625,1.0,0.0,81.73921935257684,77.19782330345711,4.541396049119726,48.60312333899501
342,calcification,train,True,ok,0.399505615234375,1.0,0.0,69.34031013673516,70.4346445088174,-1.094334372082244,73.74339387419653
343,calcification,train,True,ok,0.3598175048828125,1.0,0.0,93.34192782324753,89.89677034918365,3.445157474063876,40.62718624249299
344,calcification,train,True,ok,0.25177001953125,1.0,0.0,105.86745454545455,103.57761644506077,2.28983810039378,33.18237243948727
345,calcification,train,True,ok,0.3166046142578125,1.0,0.0,76.5067714106704,68.71949449617077,7.787276914499628,22.200067130734414
346,calcification,train,True,ok,0.334259033203125,0.9706573486328125,0.0,172.8013329681366,119.85255558102223,52.94877738711436,29.19487720814656
347,calcification,train,True,ok,0.4300994873046875,1.0,0.0,174.4251960123461,125.6505662802217,48.77462973212441,41.12924528702951
348,calcification,train,True,ok,0.3377227783203125,1.0,0.0,150.45429901052728,136.97099278851692,13.483306222010356,128.92262292157284
349,calcification,train,True,ok,0.37103271484375,1.0,0.0,150.05683500575753,142.52661329451723,7.530221711240301,91.55353223818493
350,calcification,train,True,ok,0.4510498046875,0.962615966796875,0.0,119.37594722598105,90.65571492105849,28.72023230492256,11.660457111815512
351,calcification,train,True,ok,0.4636993408203125,0.9862213134765625,0.0,133.06591200763435,110.09386291859903,22.972049089035323,105.05980543530748
352,calcification,train,True,ok,0.4715118408203125,0.967041015625,0.0,146.59693861040097,157.73578749819546,-11.138848887794495,121.02228624557927
353,calcification,train,True,ok,0.435333251953125,1.0,0.0,153.83817034700314,162.94692752526618,-9.108757178263033,106.18684431303039
354,calcification,train,True,ok,0.4203948974609375,1.0,0.0,127.24311277267613,132.79628800842437,-5.553175235748242,118.03188532818503
355,calcification,train,True,ok,0.395172119140625,0.8943328857421875,0.0,160.89705768785234,102.49785559311772,58.39920209473462,37.567485735978515
356,calcification,train,True,ok,0.408538818359375,0.9684600830078125,0.0,191.27466945544185,183.24671069604253,8.027958759399326,102.71576927843329
357,calcification,train,True,ok,0.4493408203125,0.9914703369140625,0.0,99.38824368378158,108.05021059632011,-8.661966912538531,158.58437351831617
358,calcification,train,True,ok,0.4643707275390625,0.9657440185546875,0.0,175.373509019814,146.51400165228043,28.85950736753358,125.65525854461113
359,calcification,train,True,ok,0.459320068359375,0.9110260009765625,0.0,144.18267889176798,108.13286673816108,36.049812153606894,35.11102381599873
360,calcification,train,True,ok,0.4795074462890625,1.0,0.0,141.18068416865552,123.51370525636891,17.66697891228661,53.683371068474536
361,calcification,train,True,ok,0.467315673828125,1.0,0.0,173.62394697316006,173.2859925522773,0.3379544208827667,109.46569393150071
362,calcification,train,True,ok,0.458343505859375,1.0,0.0,181.34396431187162,182.65443123556256,-1.3104669236909388,99.32917401584598
363,calcification,train,True,ok,0.43505859375,1.0,0.0,139.4249088103255,131.16554127052723,8.259367539798262,83.5416465987889
364,calcification,train,True,ok,0.3870697021484375,0.9754638671875,0.0,119.13178539046793,97.83228360178246,21.29950178868546,109.22916000395038
365,calcification,train,True,ok,0.4592132568359375,1.0,0.0,165.35789998338595,152.17121413052678,13.18668585285917,32.99888472905825
366,calcification,train,True,ok,0.4515380859375,1.0,0.0,134.29646526088132,130.26257511684844,4.033890144032881,67.30638617623616
367,calcification,train,True,ok,0.4418487548828125,1.0,0.0,170.42269572124184,168.03466469832418,2.3880310229176587,100.02608232814
368,calcification,train,True,ok,0.4199981689453125,0.8512420654296875,0.0,190.21202543142599,141.43829417800112,48.77373125342487,7.048982866942443
369,calcification,train,True,ok,0.37310791015625,0.8420867919921875,0.0,95.95157860297726,77.20674715217604,18.74483145080123,104.41983811689121
370,calcification,train,True,ok,0.377197265625,0.8702239990234375,0.0,194.76836569579288,163.42853292826342,31.339832767529458,15.057148563860144
371,calcification,train,True,ok,0.2451171875,0.8967742919921875,0.0,114.84549302788845,96.16991429495472,18.67557873293373,124.98860319118945
372,calcification,train,True,ok,0.099700927734375,0.98828125,0.0,138.26675849403122,130.3545981492153,7.912160344815931,47.22337884561785
373,calcification,train,True,ok,0.072967529296875,0.83673095703125,0.0,134.4926808866583,108.24424729235935,26.248433594298945,121.25145520546434
374,calcification,train,True,ok,0.4694061279296875,1.0,0.0,112.19825764717355,109.56863083426796,2.6296268129055846,22.323051963825236
375,calcification,train,True,ok,0.3819580078125,1.0,0.0,201.5691514860978,187.65963855421685,13.909512931880954,84.25665270549354
376,calcification,train,True,ok,0.448150634765625,0.9534149169921875,0.0,120.3575417092271,101.41843167615993,18.93911003306718,74.25902007532036
377,calcification,train,True,ok,0.398651123046875,1.0,0.0,136.9473704355814,143.46457751839634,-6.517207082814934,153.7271879006956
378,calcification,train,True,ok,0.4979095458984375,1.0,0.0,155.83298090772578,156.24920224889834,-0.4162213411725588,35.29787248384384
379,calcification,train,True,ok,0.448272705078125,1.0,0.0,153.45340050377834,152.74857569555837,0.7048248082199677,40.27025356095173
380,calcification,train,True,ok,0.402557373046875,1.0,0.0,149.34493215070881,149.48005312356335,-0.13512097285453706,57.148167300825556
381,calcification,train,True,ok,0.4742279052734375,1.0,0.0,128.71221725280736,128.65351017209855,0.05870708070881392,28.32358286747207
382,calcification,train,True,ok,0.430694580078125,1.0,0.0,132.22787500885707,130.30171535781292,1.926159651044145,44.404704091594375
383,calcification,train,True,ok,0.469085693359375,1.0,0.0,149.99082688179038,144.13338506639076,5.857441815399625,52.591291455256176
384,calcification,train,True,ok,0.43505859375,1.0,0.0,125.73067480359147,117.04478176318064,8.685893040410832,19.546456669935733
385,calcification,train,True,ok,0.39453125,1.0,0.0,126.47277227722772,119.87172379032258,6.6010484869051425,18.090286043239516
386,calcification,train,True,ok,0.48077392578125,1.0,0.0,77.19499809572172,77.56691548136828,-0.37191738564656873,51.14648193695009
387,calcification,train,True,ok,0.4422454833984375,1.0,0.0,71.63488941793464,74.27152354115941,-2.6366341232247663,25.26219389161832
388,calcification,train,True,ok,0.4422607421875,0.998443603515625,0.0,121.69179547336462,115.11463121033049,6.577164263034135,105.47119739007063
389,calcification,train,True,ok,0.426605224609375,0.9879302978515625,0.0,117.61402818513484,109.9144446218532,7.699583563281635,87.30413889486925
390,calcification,train,True,ok,0.4719696044921875,1.0,0.0,137.39209854191589,134.05450079468284,3.3375977472330476,89.50371755522237
391,calcification,train,True,ok,0.4788360595703125,1.0,0.0,176.66030400560848,160.19953154735762,16.460772458250858,35.88961183690779
392,calcification,train,True,ok,0.472381591796875,1.0,0.0,159.43720524581693,167.17496674185898,-7.737761496042054,118.66512194207522
393,calcification,train,True,ok,0.4315185546875,1.0,0.0,139.1973479490806,140.10693579557656,-0.9095878464959526,102.8576233121211
394,calcification,train,True,ok,0.4473724365234375,0.9928741455078125,0.0,160.58436508748593,124.92467625700638,35.65968883047955,22.19384157184236
395,calcification,train,True,ok,0.400848388671875,0.9952545166015625,0.0,190.58530643319375,171.24374777160904,19.341558661584713,10.722690536435683
396,calcification,train,True,ok,0.4441680908203125,1.0,0.0,148.3759318423855,132.670079885799,15.705851956586514,62.865483488961246
397,calcification,train,True,ok,0.4503936767578125,1.0,0.0,132.01063793745976,126.71109692106944,5.299541016390322,50.317458424095356
398,calcification,train,True,ok,0.453155517578125,1.0,0.0,114.02932857431477,101.61398515542162,12.415343418893158,28.027833668882295
399,calcification,train,True,ok,0.3533477783203125,1.0,0.0,88.63851103338084,75.06106798178342,13.577443051597413,82.23771228891532
400,calcification,train,True,ok,0.4528350830078125,1.0,0.0,118.80385483707921,124.53897208511113,-5.735117248031912,127.28799966110064
401,calcification,train,True,ok,0.3011322021484375,1.0,0.0,166.6852292880669,150.81423986375844,15.870989424308448,71.2073544884058
402,calcification,train,True,ok,0.3494415283203125,0.9999847412109375,0.0,173.79620977249903,163.62917790547672,10.167031867022303,20.534081723884427
403,calcification,train,True,ok,0.419952392578125,0.9935760498046875,0.0,188.93477944916793,159.5392750039459,29.39550444522203,86.27078937539133
404,calcification,train,True,ok,0.3189544677734375,0.9884796142578125,0.0,182.34210400420992,138.27519996415208,44.066904040057835,24.796752356839004
405,calcification,train,True,ok,0.4182891845703125,0.9997406005859375,0.0,213.88684200926568,206.61679301209244,7.270048997173234,28.742640936870583
406,calcification,train,True,ok,0.485687255859375,1.0,0.0,151.07499214577442,147.56188809114104,3.5131040546333736,126.48973561327972
407,calcification,train,True,ok,0.4508514404296875,1.0,0.0,54.24733475479744,59.827641779432604,-5.580307024635161,99.17941297650243
408,calcification,train,True,ok,0.4550628662109375,1.0,0.0,112.89642222445764,107.06686640719066,5.829555817266979,56.88553451285825
409,calcification,train,True,ok,0.2647857666015625,0.999786376953125,0.0,68.35025643980867,75.11549716705062,-6.765240727241945,132.4053870302746
410,calcification,train,True,ok,0.1807708740234375,0.9999847412109375,0.0,111.54427281168228,106.67093818100543,4.873334630676851,95.9815746282983
411,calcification,train,True,ok,0.4242706298828125,1.0,0.0,117.69750044955943,106.73215658212081,10.96534386743862,45.528643548707485
412,calcification,train,True,ok,0.4391326904296875,1.0,0.0,78.82570624413636,75.42908833691541,3.396617907220943,87.56815818710173
413,calcification,train,True,ok,0.1725921630859375,0.9453125,0.0,104.97515692688533,88.9448409405256,16.03031598635974,104.3381304426032
414,calcification,train,True,ok,0.43658447265625,0.9626312255859375,0.0,97.72529008807493,81.20460946809663,16.520680619978293,13.294777473132381
415,calcification,train,True,ok,0.3961944580078125,0.780303955078125,7.70267668014635e-05,141.69220103986135,57.21444997599252,84.47775106386882,10.718688344919963
416,calcification,train,True,ok,0.4785614013671875,0.660430908203125,0.1456493320154322,91.38076714600007,59.260702894097676,32.12006425190239,90.82413527836486
417,calcification,train,True,ok,0.48309326171875,1.0,0.0,178.16345546430827,152.87628409493448,25.287171369373795,95.90795799347678
418,calcification,train,True,ok,0.462677001953125,1.0,0.0,130.3910362113317,132.25393309479185,-1.862896883460138,97.88167973740912
419,calcification,train,True,ok,0.3892669677734375,1.0,0.0,128.62863078671944,118.44109931292942,10.187531473790017,21.721905961197315
420,calcification,train,True,ok,0.4159088134765625,0.5180816650390625,0.35128590820706607,27.877499357963092,29.114945531492463,-1.2374461735293707,92.04296574875502
421,calcification,train,True,ok,0.4758758544921875,0.999969482421875,0.0,136.97309776509442,127.10154589653266,9.871551868561767,4.8516906645402935
422,calcification,train,True,ok,0.4544219970703125,1.0,0.0,147.15845673415936,140.0896378128933,7.0688189212660575,6.279356263128112
423,calcification,train,True,ok,0.3990478515625,1.0,0.0,133.5799556439278,126.85491570180784,6.725039942119963,37.71064266302351
424,calcification,train,True,ok,0.35888671875,1.0,0.0,142.656037414966,128.40337014470677,14.252667270259224,21.84251753955987
425,calcification,train,True,ok,0.429290771484375,1.0,0.0,75.91593801094761,75.43088604887438,0.48505196207322854,19.385293919715927
426,calcification,train,True,ok,0.46575927734375,1.0,0.0,165.03744594417506,157.54875471266993,7.488691231505129,22.308033697712283
427,calcification,train,True,ok,0.3988494873046875,1.0,0.0,80.85240445311604,88.56438307485341,-7.711978621737373,145.68812334259076
428,calcification,train,True,ok,0.5138397216796875,1.0,0.0,138.78821083890125,127.74809328018581,11.040117558715437,24.137722768466432
429,calcification,train,True,ok,0.4593505859375,1.0,0.0,146.088227478076,139.88623278392413,6.201994694151864,17.12145438051467
430,calcification,train,True,ok,0.4081573486328125,1.0,0.0,142.9678492653931,138.62920566169078,4.338643603702337,7.7847553101662
431,calcification,train,True,ok,0.4615020751953125,1.0,0.0,120.21358902297901,115.81012156073787,4.403467462241139,72.16688567651104
432,calcification,train,True,ok,0.433685302734375,1.0,0.0,137.92569136584336,135.00794848305222,2.9177428827911456,19.60804229611833
433,calcification,train,True,ok,0.5001983642578125,1.0,0.0,142.23150605533692,138.00650282399633,4.225003231340594,63.3018069209047
434,calcification,train,True,ok,0.452850341796875,1.0,0.0,128.75419502661904,123.85573651625857,4.89845851036047,8.480739840826054
435,calcification,train,True,ok,0.39215087890625,1.0,0.0,136.6166926070039,132.15076814941258,4.4659244575913135,31.309569189524225
436,calcification,train,True,ok,0.4747314453125,1.0,0.0,146.66774877860632,128.99381245642576,17.673936322180566,17.003329364550126
437,calcification,train,True,ok,0.4362945556640625,1.0,0.0,145.83006330220684,139.49719838670384,6.332864915502995,29.2549999778851
438,calcification,train,True,ok,0.4408416748046875,1.0,0.0,144.3351908898965,139.152762996316,5.1824278935804955,43.47000355186902
439,calcification,train,True,ok,0.448089599609375,1.0,0.0,137.937138187019,118.61783245783799,19.31930572918101,46.74661481713994
440,calcification,train,True,ok,0.43975830078125,1.0,0.0,152.38931297709922,150.5798834295675,1.809429547531721,8.674124518717061
441,calcification,train,True,ok,0.49407958984375,1.0,0.0,138.8012353304509,146.77412836289056,-7.972893032439657,6.470978290364364
442,calcification,train,True,ok,0.44268798828125,0.6249847412109375,0.1361505583896319,45.46304977250793,34.01943927280692,11.443610499701009,35.6626381995486
443,calcification,train,True,ok,0.4689178466796875,1.0,0.0,135.30539194949725,131.71282861657807,3.592563332919184,3.6608966064924577
444,calcification,train,True,ok,0.4462432861328125,1.0,0.0,68.32494443494615,74.11804579647847,-5.793101361532322,92.41893888160791
445,calcification,train,True,ok,0.47833251953125,1.0,0.0,84.46605844072987,86.8504446004446,-2.3843861597147367,101.21680787261474
446,calcification,train,True,ok,0.5055389404296875,1.0,0.0,171.8859074582717,165.25428174664404,6.631625711627663,28.131624679458614
447,calcification,train,True,ok,0.4172515869140625,1.0,0.0,135.157213384531,134.4096514885706,0.7475618959603878,121.92167730259345
448,calcification,train,True,ok,0.5118560791015625,1.0,0.0,105.97257415412133,105.00550154731017,0.9670726068111577,73.45778623952025
449,calcification,train,True,ok,0.55047607421875,1.0,0.0,141.7489189488857,130.88503054989818,10.863888398987513,57.48839693634951
450,calcification,train,True,ok,0.4707794189453125,0.9998626708984375,0.0,197.52727449518684,189.39670732058934,8.130567174597502,69.14369218821983
451,calcification,train,True,ok,0.440338134765625,1.0,0.0,122.29728324901241,123.92728611156552,-1.6300028625531127,116.14579514906029
452,calcification,train,True,ok,0.4698028564453125,0.988983154296875,0.0,167.06232745461043,154.31792672748728,12.74440072712315,78.97458939452892
453,calcification,train,True,ok,0.4383544921875,0.9999847412109375,0.0,179.64821776663882,162.73141708324277,16.916800683396048,64.92364741938881
454,calcification,train,True,ok,0.430816650390625,1.0,0.0,115.51310476730184,108.7543027183529,6.758802048948937,86.35091774129125
455,calcification,train,True,ok,0.4229583740234375,1.0,0.0,75.84065081712905,79.57011396990771,-3.7294631527786635,139.6215548550266
456,calcification,train,True,ok,0.4500885009765625,1.0,0.0,132.25856866800012,132.94286744915232,-0.6842987811521937,132.61829273365805
457,calcification,train,True,ok,0.42059326171875,0.968292236328125,0.0,103.387461906835,77.24288949752449,26.144572409310513,50.81213426603894
458,calcification,train,True,ok,0.485992431640625,1.0,0.0,141.39777080062794,128.96036929288132,12.437401507746614,94.24179136349055
459,calcification,train,True,ok,0.4556427001953125,1.0,0.0,127.91560898831251,126.28734407848634,1.6282649098261714,32.437511669342825
460,calcification,train,True,ok,0.447845458984375,1.0,0.0,105.69339011925042,100.21723871110375,5.476151408146677,120.05612577869009
461,calcification,train,True,ok,0.4104156494140625,0.986907958984375,0.0,116.54931776778079,125.2802349957297,-8.730917227948908,114.0986540251894
462,calcification,train,True,ok,0.3881683349609375,1.0,0.0,108.43657376469201,109.49120881861487,-1.0546350539228513,113.91622290427783
463,calcification,train,True,ok,0.430755615234375,1.0,0.0,126.19907899397803,121.35763684125878,4.841442152719253,61.68914865701497
464,calcification,train,True,ok,0.39093017578125,1.0,0.0,119.20741608118658,106.42491732638541,12.782498754801168,114.27315128339056
465,calcification,train,True,ok,0.304656982421875,0.9501190185546875,0.0,142.80001001702894,102.99139784946236,39.80861216756658,32.769217187946715
466,calcification,train,True,ok,0.3334503173828125,1.0,0.0,170.06383562897543,174.50353684499692,-4.43970121602149,116.34344063458367
467,calcification,train,True,ok,0.353790283203125,1.0,0.0,167.40606400414043,165.234639905549,2.1714240985914444,107.44517173945286
468,calcification,train,True,ok,0.4465484619140625,1.0,0.0,151.88347855800444,141.47164401312344,10.411834544881003,55.26616198822619
469,calcification,train,True,ok,0.4931182861328125,1.0,0.0,136.54305783333848,136.68825069990066,-0.14519286656218355,59.08269053154722
470,calcification,train,True,ok,0.469512939453125,1.0,0.0,122.04842378940526,120.38238508887994,1.6660387005253199,147.30896580235722
471,calcification,train,True,ok,0.4036712646484375,1.0,0.0,129.04407484407486,123.82129423505027,5.222780609024582,132.9995196305532
472,calcification,train,True,ok,0.450653076171875,0.9982757568359375,0.0,63.630222794067855,55.17987889561691,8.450343898450946,69.68516345381127
473,calcification,train,True,ok,0.441864013671875,1.0,0.0,128.53615581186546,115.11572529936028,13.420430512505177,58.03927520297838
474,calcification,train,True,ok,0.45880126953125,1.0,0.0,164.52750432353332,154.12270215405437,10.404802169478955,107.66702026926282
475,calcification,train,True,ok,0.416259765625,0.948455810546875,0.0,114.81389296187683,100.52339502300293,14.290497938873898,129.85853833914467
476,calcification,train,True,ok,0.50970458984375,1.0,0.0,107.97159022871513,107.24772812149882,0.7238621072163056,76.14751200423262
477,calcification,train,True,ok,0.4556732177734375,1.0,0.0,87.03867662324616,89.52866313458358,-2.4899865113374204,75.2409660457079
478,calcification,train,True,ok,0.427093505859375,1.0,0.0,96.0215791354055,91.59870558781229,4.422873547593213,76.58664523624724
479,calcification,train,True,ok,0.4685211181640625,1.0,0.0,95.4376811594203,91.57793345008757,3.859747709332723,69.86349930759967
480,calcification,train,True,ok,0.39324951171875,0.8172454833984375,0.007837963681514822,92.26330901753842,60.93242631526003,31.330882702278387,69.03637358028776
481,calcification,train,True,ok,0.445587158203125,0.958831787109375,0.0,174.82045750291076,151.9540100181648,22.866447484745947,129.39312754076536
482,calcification,train,True,ok,0.443939208984375,1.0,0.0,130.8146009486492,130.8196586356402,-0.005057686990994625,115.88727224837994
483,calcification,train,True,ok,0.44317626953125,1.0,0.0,151.00216912271037,148.26197522744712,2.7401938952632463,44.93932788798114
484,calcification,train,True,ok,0.4432373046875,1.0,0.0,141.12648030845497,126.70927428195571,14.417206026499258,101.92741180346732
485,calcification,train,True,ok,0.440948486328125,1.0,0.0,130.86462730984843,125.99115672252852,4.873470587319915,87.17078690415212
486,calcification,train,True,ok,0.4773712158203125,1.0,0.0,112.52152788876458,116.89892265919244,-4.3773947704278555,113.12498197442258
487,calcification,train,True,ok,0.4501190185546875,1.0,0.0,95.97115156445982,93.84615811527041,2.124993449189404,102.4122285780995
488,calcification,train,True,ok,0.441375732421875,1.0,0.0,141.16725437322825,136.18724392242558,4.980010450802666,48.23205675846542
489,calcification,train,True,ok,0.4463653564453125,0.8837890625,0.0,108.87898677058763,141.77532177603837,-32.89633500545074,108.07495117303735
490,calcification,train,True,ok,0.4389190673828125,1.0,0.0,165.36763427776813,153.27388431100596,12.093749966762175,149.04052524305578
491,calcification,train,True,ok,0.3910064697265625,0.9365386962890625,0.0,174.70419512195122,130.71747137380672,43.9867237481445,79.4691516945475
492,calcification,train,True,ok,0.397308349609375,0.9544677734375,0.0,198.3049389354021,150.40526102587472,47.899677909527384,54.015502966012534
493,calcification,train,True,ok,0.433807373046875,1.0,0.0,152.04667604642984,148.80272732172693,3.2439487247029035,108.5553254630579
494,calcification,train,True,ok,0.4600830078125,0.7352752685546875,0.0,175.78180551870523,175.88070879493557,-0.09890327623034523,88.06391113693888
495,calcification,train,True,ok,0.4662322998046875,1.0,0.0,118.11942398952708,112.35459249306767,5.764831496459408,50.53513908226077
496,calcification,train,True,ok,0.4745941162109375,1.0,0.0,108.24901134938752,104.26416519036971,3.984846159017806,45.01276721849248
497,calcification,train,True,ok,0.4770355224609375,1.0,0.0,143.06944311166555,128.3556443847927,14.713798726872852,60.76850056572766
498,calcification,train,True,ok,0.3639373779296875,1.0,0.0,124.49486394700432,108.19285114549598,16.30201280150834,39.50793802467086
499,calcification,train,True,ok,0.503814697265625,1.0,0.0,168.30922527106426,164.06202718494373,4.247198086120534,53.41724861717814
500,calcification,train,True,ok,0.414031982421875,1.0,0.0,145.7847350187956,139.64866413207645,6.136070886719153,90.26361273344149
501,calcification,train,True,ok,0.51263427734375,0.9990386962890625,0.0,116.29009405881652,110.73650594865373,5.553588110162792,72.39019950675761
502,calcification,train,True,ok,0.4172210693359375,0.9998321533203125,0.0,131.93636396884028,126.9229439949729,5.013419973867386,43.917220312164254
503,calcification,train,True,ok,0.32769775390625,1.0,0.0,127.85574594896629,120.91273263731276,6.94301331165353,96.0737960095994
504,calcification,train,True,ok,0.5327606201171875,0.629150390625,0.0425605040813404,155.60598596591723,36.16524607295647,119.44073989296075,50.451627450491706
505,calcification,train,True,ok,0.570281982421875,0.5611114501953125,0.11007652378658961,137.8367046609943,17.518358071159717,120.31834658983456,22.646342177241795
506,calcification,train,True,ok,0.484954833984375,0.6359405517578125,0.0,142.6780882260399,26.151863482846476,116.52622474319342,25.74956606180389
507,calcification,train,True,ok,0.54620361328125,0.8014373779296875,0.0,136.10414571460498,64.85917955615332,71.24496615845166,111.10350533438519
508,calcification,train,True,ok,0.3927459716796875,1.0,0.0,168.85846380978282,166.2634620700053,2.59500173977753,71.09009615367464
509,calcification,train,True,ok,0.454193115234375,1.0,0.0,167.07380904387557,160.07914453452614,6.994664509349434,80.26189065792127
510,calcification,train,True,ok,0.3195037841796875,0.993316650390625,0.0,193.13205024117676,168.36136959885195,24.770680642324805,99.0179472617701
511,calcification,train,True,ok,0.4130096435546875,1.0,0.0,144.2524845753131,129.56837973433153,14.684104840981576,118.08173457388305
512,calcification,train,True,ok,0.4820556640625,0.925140380859375,0.0,109.19792985565967,77.74911619137403,31.448813664285638,22.61617248626613
513,calcification,train,True,ok,0.55078125,0.9186859130859375,0.0,124.75318594858156,80.8514945652174,43.90169138336417,34.684094050249925
514,calcification,train,True,ok,0.4588470458984375,1.0,0.0,156.5378271424296,161.7437473565487,-5.205920214119118,155.8233758421169
515,calcification,train,True,ok,0.49346923828125,1.0,0.0,157.32501546072976,138.74475840462708,18.58025705610268,65.66648630715818
516,calcification,train,True,ok,0.5201416015625,0.9922027587890625,0.0,163.05685285144332,149.0265835665225,14.03026928492082,96.13576681841491
517,calcification,train,True,ok,0.42742919921875,1.0,0.0,141.11016707125518,131.0231052126639,10.087061858591284,107.04987559646156
518,calcification,train,True,ok,0.430877685546875,1.0,0.0,159.2211913025002,161.63566411067617,-2.4144728081759865,142.83487165187057
519,calcification,train,True,ok,0.29888916015625,1.0,0.0,151.4225035736165,123.95734308348568,27.465160490130813,84.44482591121104
520,calcification,train,True,ok,0.4259490966796875,1.0,0.0,150.2909546838617,121.61364663352914,28.67730805033257,2.7396765062900132
521,calcification,train,True,ok,0.318328857421875,0.9567718505859375,0.0,149.6303805962995,107.05663249317276,42.57374810312673,28.11515194754933
522,calcification,train,True,ok,0.2581787109375,1.0,0.0,174.53244680851063,154.4381067961165,20.094340012394127,20.049596262730315
523,calcification,train,True,ok,0.449371337890625,1.0,0.0,132.07748726655348,122.71263093720556,9.364856329347916,119.26543427829786
524,calcification,train,True,ok,0.454437255859375,1.0,0.0,159.7584446981398,148.5766068132237,11.18183788491612,11.039495118706421
525,calcification,train,True,ok,0.4423065185546875,1.0,0.0,142.97309138579362,146.31636980491942,-3.343278419125795,105.20804521102852
526,calcification,train,True,ok,0.493072509765625,1.0,0.0,148.94763879433063,144.38847751489976,4.559161279430867,118.01547079383054
527,calcification,train,True,ok,0.3833160400390625,1.0,0.0,205.56020859042235,201.161499443276,4.398709147146349,68.65208729473217
528,calcification,train,True,ok,0.3937530517578125,1.0,0.0,170.16330168571983,156.7968588759407,13.36644280977913,93.77053372397009
529,calcification,train,True,ok,0.44329833984375,0.9993133544921875,0.0,144.9043783560512,135.38973248547308,9.514645870578136,56.89356750544988
530,calcification,train,True,ok,0.4518280029296875,1.0,0.0,134.9873357873763,131.8646903270703,3.1226454603060176,105.54275671920904
531,calcification,train,True,ok,0.462371826171875,1.0,0.0,139.18490528677975,132.51705738775047,6.667847899029283,80.50538643143473
532,calcification,train,True,ok,0.4001922607421875,1.0,0.0,161.09452091356235,137.4458266554733,23.64869425808905,97.06043696069466
533,calcification,train,True,ok,0.4835662841796875,1.0,0.0,175.3777413145688,177.6403309203723,-2.262589605803498,118.41622099935418
534,calcification,train,True,ok,0.4282073974609375,1.0,0.0,138.08063998859708,137.8291303071545,0.2515096814425988,117.31417885010968
535,calcification,train,True,ok,0.484954833984375,1.0,0.0,156.0971619155497,158.08991526930143,-1.9927533537517377,109.88494828232021
536,calcification,train,True,ok,0.4442596435546875,1.0,0.0,123.3233041387601,126.53946898767195,-3.216164848911859,16.538498505056534
537,calcification,train,True,ok,0.4433746337890625,1.0,0.0,168.65939360567162,166.86836261958936,1.7910309860822622,73.30090970041566
538,calcification,train,True,ok,0.446533203125,1.0,0.0,112.00211864406779,108.56685597706219,3.4352626670056026,51.37708264835458
539,calcification,train,True,ok,0.347564697265625,1.0,0.0,111.19949073667574,108.7041957060667,2.495295030609043,56.202268322928596
540,calcification,train,True,ok,0.4732513427734375,1.0,0.0,141.30266000322425,133.51021117580603,7.792448827418212,6.922113570666258
541,calcification,train,True,ok,0.5102996826171875,1.0,0.0,114.85814669736567,109.86735425170598,4.990792445659693,13.476490574055617
542,calcification,train,True,ok,0.4166259765625,0.99951171875,0.0,148.3859874011134,135.70956267001463,12.676424731098763,17.866155887318627
543,calcification,train,True,ok,0.4556121826171875,1.0,0.0,145.7678756823738,142.36093281385766,3.406942868516154,12.122700589824298
544,calcification,train,True,ok,0.4685211181640625,0.9680023193359375,0.0,135.3679856700863,103.49237747983119,31.87560819025512,60.07509612193
545,calcification,train,True,ok,0.403533935546875,1.0,0.0,130.28000453754822,120.95241749808135,9.327587039466877,136.60670587297224
546,calcification,train,True,ok,0.4236602783203125,1.0,0.0,127.72926346119215,125.18109131344153,2.54817214775062,47.443897631018004
547,calcification,train,True,ok,0.4691925048828125,1.0,0.0,133.21542163972813,125.82533705119728,7.390084588530854,19.440229561003683
548,calcification,train,True,ok,0.472747802734375,1.0,0.0,160.9989994190175,134.7832667708514,26.215732648166096,23.71880107674876
549,calcification,train,True,ok,0.4521484375,1.0,0.0,95.77200323974083,95.14154411764706,0.6304591220937681,129.37635348532555
550,calcification,train,True,ok,0.39581298828125,0.967254638671875,0.0,154.46858134155744,144.00075765228812,10.467823689269323,115.24960953599992
551,calcification,train,True,ok,0.4453582763671875,1.0,0.0,125.53667728783363,109.15450218713032,16.382175100703307,55.42867297563968
552,calcification,train,True,ok,0.183135986328125,0.7142181396484375,0.018163639393434426,138.15897350441594,69.691056151231,68.46791735318494,71.88907966899977
553,calcification,train,True,ok,0.1908111572265625,0.9969635009765625,0.0,111.84662135145942,88.99285323678603,22.853768114673386,15.806485619507047
554,calcification,train,True,ok,0.4648590087890625,1.0,0.0,183.19369768586904,182.1870206153232,1.0066770705458339,62.96813743536222
555,calcification,train,True,ok,0.3839569091796875,1.0,0.0,177.90001192226683,169.56163772818468,8.33837419408215,47.93974355877292
556,calcification,train,True,ok,0.3956451416015625,1.0,0.0,153.72308997647423,147.71406569545786,6.009024281016366,32.95778823828206
557,calcification,train,True,ok,0.4192962646484375,0.949676513671875,0.0,95.89981440372648,71.13603279291588,24.763781610810597,75.23238442488775
558,calcification,train,True,ok,0.392242431640625,0.9213409423828125,0.0,166.94067532871702,118.29465227215667,48.64602305656035,92.90664747112436
559,calcification,train,True,ok,0.2498016357421875,1.0,0.0,134.57620182029197,113.52736702939083,21.04883479090114,67.59544100438706
560,calcification,train,True,ok,0.443695068359375,1.0,0.0,164.75383451406563,156.51878874321136,8.23504577085427,60.34034319119324
561,calcification,train,True,ok,0.454254150390625,0.9940185546875,0.0,216.745347665435,217.78213946205895,-1.0367917966239588,105.58626542723974
562,calcification,train,True,ok,0.479339599609375,1.0,0.0,207.681129432737,200.80845202508647,6.872677407650542,77.2688377108869
563,calcification,train,True,ok,0.4922637939453125,1.0,0.0,123.52081460587087,125.17286250939144,-1.6520479035205682,78.02911758103431
564,calcification,train,True,ok,0.4674530029296875,0.999969482421875,0.0,189.3383711441162,175.9516059711756,13.386765172940585,18.977122818084844
565,calcification,train,True,ok,0.4330902099609375,1.0,0.0,174.36641651692915,152.1164374343929,22.249979082536242,16.013122446009945
566,calcification,train,True,ok,0.4878387451171875,1.0,0.0,126.36605048325045,132.6120065544466,-6.245956071196147,147.5036236506235
567,calcification,train,True,ok,0.426239013671875,1.0,0.0,117.2193742392783,111.91138769214403,5.307986547134263,70.47506930679371
568,calcification,train,True,ok,0.4890594482421875,1.0,0.0,97.47149854918723,91.42645960878005,6.045038940407181,95.57801618598545
569,calcification,train,True,ok,0.4914703369140625,1.0,0.0,102.58235275854575,92.01221232034086,10.570140438204888,31.01143796204612
570,calcification,train,True,ok,0.4723052978515625,1.0,0.0,111.5898297418667,108.9764624237342,2.6133673181324895,73.2487171050877
571,calcification,train,True,ok,0.498779296875,1.0,0.0,121.19423029858052,116.46852167559669,4.725708622983831,7.451541275116047
572,calcification,train,True,ok,0.439208984375,1.0,0.0,120.13163563090606,105.05112646930779,15.080509161598272,18.878284843195058
573,calcification,train,True,ok,0.4036865234375,1.0,0.0,148.82578621106742,133.87842886386898,14.947357347198448,73.29551514867659
574,calcification,train,True,ok,0.423431396484375,0.90771484375,0.004216216216216216,148.84864864864866,118.39736939607262,30.451279252576043,97.11837546154271
575,calcification,train,True,ok,0.4895782470703125,1.0,0.0,81.56920679445224,80.69298376730143,0.8762230271508145,62.509533109720664
576,calcification,train,True,ok,0.471221923828125,1.0,0.0,75.4908684670682,70.66638771858949,4.824480748478706,27.063144700996805
577,calcification,train,True,ok,0.4628448486328125,1.0,0.0,175.69083176738206,161.807232338153,13.883599429229065,70.77705607419087
578,calcification,train,True,ok,0.4338836669921875,0.8555450439453125,0.0,117.78695269913838,107.18816204414975,10.598790654988633,143.8187465190377
579,calcification,train,True,ok,0.456695556640625,1.0,0.0,160.9513865686602,157.0828792900073,3.8685072786529133,37.152150581044296
580,calcification,train,True,ok,0.4477996826171875,0.98211669921875,0.0,131.67308413125704,110.55431208378236,21.11877204747468,76.74757439725678
581,calcification,train,True,ok,0.5516204833984375,0.71600341796875,0.1427623025642444,101.38483029515089,91.16882763314617,10.216002662004726,146.45913645702197
582,calcification,train,True,ok,0.426849365234375,1.0,0.0,139.78265532279974,108.56533198445237,31.21732333834737,68.64799376646558
583,calcification,train,True,ok,0.4664764404296875,1.0,0.0,113.77370710804357,111.28416988416988,2.4895372238736826,105.19262211596548
584,calcification,train,True,ok,0.436553955078125,1.0,0.0,157.53970639636492,144.9721334561014,12.567572940263517,9.350784856753512
585,calcification,train,True,ok,0.454071044921875,1.0,0.0,162.55047382216546,148.168343674884,14.382130147281458,42.91102657036596
586,calcification,train,True,ok,0.404266357421875,0.9998931884765625,0.0,137.118592888956,130.66128784386046,6.457305045095524,12.532058830154643
587,calcification,train,True,ok,0.3912200927734375,1.0,0.0,136.59659113069932,134.71479058575832,1.881800544941001,4.6741879674105435
588,calcification,train,True,ok,0.1560211181640625,0.768035888671875,0.0,102.3360391198044,81.01894740648333,21.317091713321062,106.53665588244797
589,calcification,train,True,ok,0.20635986328125,1.0,0.0,127.91718426501035,127.6707682842421,0.24641598076824778,96.36097102735272
590,calcification,train,True,ok,0.400115966796875,1.0,0.0,155.2656929296011,144.80805819809737,10.457634731503731,12.69262729560418
591,calcification,train,True,ok,0.42926025390625,1.0,0.0,119.16667851556946,114.53384664741739,4.632831868152067,23.718214032539418
592,calcification,train,True,ok,0.2231597900390625,0.99609375,0.0,137.30495726495727,129.97839366738032,7.32656359757695,51.661462616436026
593,calcification,train,True,ok,0.1438140869140625,0.8510284423828125,0.0,118.95140583554377,91.38546809003583,27.565937745507938,130.08250003597314
594,calcification,train,True,ok,0.445068359375,1.0,0.0,173.22397833241908,165.4726957765068,7.751282555912269,13.752020336981928
595,calcification,train,True,ok,0.189422607421875,0.9921875,0.0,144.94812308683746,139.65577350250368,5.292349584333778,81.12277418087326
596,calcification,train,True,ok,0.410797119140625,1.0,0.0,172.85090260753287,163.3376236598125,9.51327894772038,29.782282931570133
597,calcification,train,True,ok,0.074920654296875,0.8616943359375,0.0,118.86904276985743,99.84763962656287,19.021403143294563,82.60941974434473
598,calcification,train,True,ok,0.41387939453125,1.0,0.0,146.18603450818463,137.32359679266895,8.862437715515682,19.489090675489592
599,calcification,train,True,ok,0.3277130126953125,1.0,0.0,139.24132793220656,132.32978506094102,6.911542871265539,81.80361579812761
600,calcification,train,True,ok,0.4546356201171875,0.9132080078125,0.0,79.11350897801644,53.750594555272656,25.362914422743785,36.72097654579054
601,calcification,train,True,ok,0.4410400390625,1.0,0.0,171.01210905065042,175.86197859794714,-4.84986954729672,44.71483554590854
602,calcification,train,True,ok,0.5400238037109375,0.970123291015625,0.0,178.67664095391484,173.73471554154918,4.941925412365663,109.13127370641212
603,calcification,train,True,ok,0.4633331298828125,1.0,0.0,106.02572040177836,103.55673708452987,2.4689833172484867,28.830687765535988
604,calcification,train,True,ok,0.447906494140625,1.0,0.0,110.67527423860462,111.90779945829418,-1.2325252196895633,70.54513717522389
605,calcification,train,True,ok,0.4417877197265625,1.0,0.0,110.33095016060511,105.92797200885657,4.402978151748542,22.43520058050141
606,calcification,train,True,ok,0.474395751953125,0.993988037109375,0.0,102.35490511418463,86.5936828659351,15.761222248249538,24.581375435477536
607,calcification,train,True,ok,0.4549102783203125,1.0,0.0,100.74007983094623,100.43515382246731,0.3049260084789154,60.24563213916493
608,calcification,train,True,ok,0.4468231201171875,0.7186431884765625,0.10398524741317489,51.713724686678276,48.580145091440706,3.1335795952375705,124.12678385195638
609,calcification,train,True,ok,0.379119873046875,1.0,0.0,129.32097721967318,124.5215286311133,4.799448588559883,82.44427135657664
610,calcification,train,True,ok,0.45361328125,1.0,0.0,117.32477798708288,118.44579423592494,-1.1210162488420536,136.72131689441903
611,calcification,train,True,ok,0.4733734130859375,1.0,0.0,143.57428359604165,127.57659432677542,15.997689269266232,82.3460945878643
612,calcification,train,True,ok,0.4515838623046875,1.0,0.0,169.30508531846596,152.61169694777553,16.69338837069043,24.177991582690666
613,calcification,train,True,ok,0.416290283203125,1.0,0.0,136.89535224690272,124.94340461128247,11.951947635620243,57.54283350820984
614,calcification,train,True,ok,0.44891357421875,1.0,0.0,184.01444595513257,179.30908738509248,4.70535857004009,43.746456349022644
615,calcification,train,True,ok,0.4007568359375,1.0,0.0,175.00898568382576,176.57078834793236,-1.561802664106608,104.7248140464522
616,calcification,train,True,ok,0.5000762939453125,1.0,0.0,176.58066090989533,178.51433018954307,-1.933669279647745,100.46098711965074
617,calcification,train,True,ok,0.46875,1.0,0.0,184.1728515625,183.03188189338235,1.140969669117652,96.86849467778758
618,calcification,train,True,ok,0.470489501953125,0.981170654296875,0.0,142.4971135759227,120.50060515244078,21.996508423481913,61.82198677453076
619,calcification,train,True,ok,0.4952239990234375,1.0,0.0,184.4663071945771,182.57108309905988,1.8952240955172215,32.67957740904634
620,calcification,train,True,ok,0.34014892578125,1.0,0.0,165.5237753454154,162.8203912681528,2.703384077262598,108.99949956847733
621,calcification,train,True,ok,0.41455078125,1.0,0.0,168.82254858657245,154.56479357798165,14.257755008590806,44.03726810945493
622,calcification,train,True,ok,0.4565887451171875,1.0,0.0,132.49333288774523,114.29772835762222,18.195604530123006,64.29776528311953
623,calcification,train,True,ok,0.455810546875,1.0,0.0,103.58151446170326,94.92221848362495,8.659295978078319,61.74121676376658
624,calcification,train,True,ok,0.5208740234375,1.0,0.0,164.30337473634873,160.44694267515925,3.85643206118948,55.977918026320715
625,calcification,train,True,ok,0.4653472900390625,1.0,0.0,141.66219628160147,142.50018550757727,-0.8379892259758037,110.99158775348022
626,calcification,train,True,ok,0.5320587158203125,1.0,0.0,130.99902492185035,128.58212410734666,2.416900814503691,15.753416955366584
627,calcification,train,True,ok,0.4724273681640625,1.0,0.0,170.439940570395,168.29301518438177,2.146925386013237,30.53286161451443
628,calcification,train,True,ok,0.34130859375,1.0,0.0,139.19121065808298,136.11100815418828,3.0802025038946965,114.36850211334846
629,calcification,train,True,ok,0.49432373046875,0.897125244140625,0.0,121.42786146437832,101.26632468316234,20.161536781215986,125.13153479953552
630,calcification,train,True,ok,0.386932373046875,0.69354248046875,0.012224938875305624,64.7979730262639,36.2790830802927,28.518889945971203,54.636075149073896
631,calcification,train,True,ok,0.3586273193359375,0.9747161865234375,0.0,84.38901416840403,70.18349867960887,14.205515488795157,21.639829420751596
632,calcification,train,True,ok,0.4791107177734375,1.0,0.0,101.16344469569094,102.61856636494127,-1.4551216692503317,118.84781776359641
633,calcification,train,True,ok,0.4633636474609375,1.0,0.0,99.03935192807982,94.68665586169638,4.352696066383444,142.28786584541535
634,calcification,train,True,ok,0.4347381591796875,1.0,0.0,166.3443543575164,159.42737211499528,6.916982242521129,96.90155275459043
635,calcification,train,True,ok,0.4431915283203125,1.0,0.0,150.88042692373904,148.9483982351813,1.9320286885577502,102.73944203767665
636,calcification,train,True,ok,0.073638916015625,0.8227081298828125,0.0,143.21094073767094,102.47359578323176,40.73734495443918,79.98896422610403
637,calcification,train,True,ok,0.0586395263671875,0.889068603515625,0.0,131.01379130887327,100.73465385051789,30.27913745835538,50.10052110353082
638,calcification,train,True,ok,0.0629119873046875,0.966796875,0.0,128.62308998302208,112.71725856089101,15.905831422131072,131.21758617847874
639,calcification,train,True,ok,0.0409088134765625,0.813751220703125,0.0,137.08802685565087,103.3128311192427,33.775195736408165,83.6011665578002
640,calcification,train,True,ok,0.0802154541015625,0.8082122802734375,0.0,143.6309682328324,103.81016606114899,39.82080217168341,80.96914075487182
641,calcification,train,True,ok,0.0536956787109375,0.8357391357421875,0.0,111.77749360613811,104.31950916684136,7.457984439296752,83.20131880225287
642,calcification,train,True,ok,0.136444091796875,0.9929656982421875,0.0,104.81983896220085,95.3139025338375,9.505936428363341,142.13973449410219
643,calcification,train,True,ok,0.0566253662109375,0.8994293212890625,0.0,135.52465642683913,117.67107157298827,17.85358485385086,80.89405844077095
644,calcification,train,True,ok,0.3877105712890625,1.0,0.0,114.43555433114251,110.99685996959653,3.438694361545984,23.182024776505504
645,calcification,train,True,ok,0.36920166015625,1.0,0.0,118.90151264671847,113.65718432510886,5.244328321609615,17.958910208788147
646,calcification,train,True,ok,0.4085235595703125,1.0,0.0,106.49464012251148,104.52823568867218,1.9664044338393012,19.53370770717153
647,calcification,train,True,ok,0.4799957275390625,1.0,0.0,125.59601996376006,120.54740455999296,5.048615403767101,13.753162701405124
648,calcification,train,True,ok,0.34844970703125,1.0,0.0,120.44486775267121,113.23093676814989,7.213930984521326,20.977576236095604
649,calcification,train,True,ok,0.471710205078125,1.0,0.0,125.22177654137285,120.08329963606955,5.138476905303293,25.129653713774697
650,calcification,train,True,ok,0.4745330810546875,1.0,0.0,126.03614264124248,121.93085925022505,4.105283391017423,12.90483241130388
651,calcification,train,True,ok,0.4067535400390625,1.0,0.0,114.79168698653262,113.69338203143084,1.0983049551017814,25.46160007337966
652,calcification,train,True,ok,0.4584808349609375,1.0,0.0,169.44074283622325,150.1086533855561,19.332089450667155,29.17857430316988
653,calcification,train,True,ok,0.477081298828125,1.0,0.0,151.6233288556259,136.25360373504523,15.369725120580682,24.189223040494973
654,calcification,train,True,ok,0.468780517578125,1.0,0.0,125.74506868042445,120.79321537312575,4.951853307298705,35.93086822511604
655,calcification,train,True,ok,0.42352294921875,0.9942474365234375,0.0,95.29006340971321,71.03080995235574,24.259253457357474,22.04745295330686
656,calcification,train,True,ok,0.4762420654296875,1.0,0.0,119.64057543814681,98.87647487254188,20.764100565604934,47.737682289641555
657,calcification,train,True,ok,0.4663543701171875,1.0,0.0,127.08143834047705,120.78552025848512,6.295918081991928,49.372433168261075
658,calcification,train,True,ok,0.462371826171875,1.0,0.0,141.30730644841924,122.7036669126412,18.603639535778044,20.776000796599742
659,calcification,train,True,ok,0.4385223388671875,1.0,0.0,158.27927206931346,156.3430986221703,1.936173447143176,32.72241152704242
660,calcification,train,True,ok,0.4315338134765625,1.0,0.0,100.04632085145504,99.25389880552946,0.7924220459255764,41.87452183150832
661,calcification,train,True,ok,0.4813385009765625,1.0,0.0,164.75745760025362,159.22305904504134,5.534398555212277,56.16485743922967
662,calcification,train,True,ok,0.48919677734375,1.0,0.0,151.02258265751715,141.42445333970605,9.5981293178111,8.258400272481307
663,calcification,train,True,ok,0.4661407470703125,1.0,0.0,183.96602180104094,185.3575042158516,-1.3914824148106675,75.69752607855901
664,calcification,train,True,ok,0.4208984375,0.957977294921875,0.0,166.09817285382832,176.5637647554806,-10.465591901652289,117.23857484453518
665,calcification,train,True,ok,0.43963623046875,1.0,0.0,181.68398583923366,179.02687615728135,2.6571096819523063,50.31281798523505
666,calcification,train,True,ok,0.4711151123046875,1.0,0.0,197.81318218623483,201.45624765586683,-3.643065469632006,96.6726256144386
667,calcification,train,True,ok,0.3800506591796875,0.8070068359375,0.0,141.81711968522904,57.01358635457432,84.80353333065472,32.29715725841033
668,calcification,train,True,ok,0.4373779296875,0.922149658203125,0.0,123.8878035166062,62.31509004122369,61.57271347538251,19.682832186510726
669,calcification,train,True,ok,0.364288330078125,0.8153839111328125,0.0,99.05168802881796,70.26914214392012,28.782545884897843,64.1007466372508
670,calcification,train,True,ok,0.428741455078125,1.0,0.0,80.51007189123781,72.34275335220899,8.167318539028827,41.63253508431293
671,calcification,train,True,ok,0.367523193359375,1.0,0.0,113.53105538487088,111.62607961399276,1.9049757708781243,26.856849525557845
672,calcification,train,True,ok,0.4394073486328125,1.0,0.0,134.7089974650137,130.7867661068619,3.922231358151805,37.710918800288745
673,calcification,train,True,ok,0.40313720703125,1.0,0.0,134.63777441332323,133.549187033439,1.088587379884217,30.021202233954188
674,calcification,train,True,ok,0.47027587890625,1.0,0.0,152.6216742375081,147.65560548450281,4.966068753005288,41.35971342936227
675,calcification,train,True,ok,0.460723876953125,1.0,0.0,141.59631052526993,138.12809122290759,3.4682193023623427,100.57572287343298
676,calcification,train,True,ok,0.447265625,1.0,0.0,105.29479394104804,107.42965989399293,-2.1348659529448923,20.129579494855168
677,calcification,train,True,ok,0.4014739990234375,1.0,0.0,115.08334916954885,114.27671128107075,0.8066378884781074,32.1787857124402
678,calcification,train,True,ok,0.4530181884765625,1.0,0.0,167.85870187611573,164.21251429687283,3.6461875792429055,19.10797870898033
679,calcification,train,True,ok,0.4594268798828125,1.0,0.0,170.73901491248463,166.0283117396336,4.7107031728510265,87.37915040719429
680,calcification,train,True,ok,0.0975799560546875,0.8165130615234375,0.0,109.07787333854574,82.9161157234406,26.161757615105145,76.39519793413166
681,calcification,train,True,ok,0.0618896484375,0.8571319580078125,0.0,135.29709072978304,90.59159076122316,44.70549996855988,38.97901493697976
682,calcification,train,True,ok,0.0923309326171875,0.98773193359375,0.0,126.25202445876715,121.92934353198285,4.322680926784301,93.64161972014612
683,calcification,train,True,ok,0.21478271484375,0.98828125,0.0,125.72286160841148,126.7601438010105,-1.0372821925990223,74.18067731513341
684,calcification,train,True,ok,0.0476837158203125,0.6987457275390625,0.0,121.65568,80.1272371857525,41.5284428142475,68.73392056708786
685,calcification,train,True,ok,0.142303466796875,0.900115966796875,0.0,149.3967402959468,113.04234122042341,36.3543990755234,27.660570819652285
686,calcification,train,True,ok,0.3285369873046875,0.94000244140625,0.0,161.5389902930658,109.7935234632428,51.745466829823,56.32638875685921
687,calcification,train,True,ok,0.476348876953125,0.978515625,0.0,163.01101928374655,123.45786467742876,39.55315460631779,53.10786520041122
688,calcification,train,True,ok,0.3363800048828125,0.7991943359375,0.0,112.80521660240417,69.06994550596676,43.735271096437415,71.33631391180047
689,calcification,train,True,ok,0.348052978515625,0.945892333984375,0.0,114.9382726874178,83.99464026588026,30.94363242153753,17.467578416537933
690,calcification,train,True,ok,0.4672698974609375,1.0,0.0,169.90908794043693,176.27588577320768,-6.366797832770743,78.4728572874673
691,calcification,train,True,ok,0.330535888671875,1.0,0.0,204.80306527559782,190.73202808041208,14.071037195185738,39.36454744603674
692,calcification,train,True,ok,0.4378509521484375,1.0,0.0,108.24094790033107,109.28175130968215,-1.040803409351085,145.42030486612893
693,calcification,train,True,ok,0.4521331787109375,1.0,0.0,171.76554959333131,170.39966578470964,1.3658838086216747,128.03919677676564
694,calcification,train,True,ok,0.4282989501953125,1.0,0.0,182.88599522605008,182.6315157338458,0.2544794922042968,139.1764450706446
695,calcification,train,True,ok,0.5287933349609375,1.0,0.0,132.44137931034481,122.01496065541919,10.426418654925627,14.718370180715366
696,calcification,train,True,ok,0.553375244140625,1.0,0.0,111.62093972315668,104.89480696959345,6.726132753563235,29.424457150764365
697,calcification,train,True,ok,0.3805694580078125,1.0,0.0,95.38097911070126,91.62443650695899,3.7565426037422753,6.5048481574583
698,calcification,train,True,ok,0.44488525390625,1.0,0.0,128.66665523391413,123.52460142935679,5.142053804557335,25.451327170346946
699,calcification,train,True,ok,0.4124298095703125,0.8624725341796875,0.0,51.42025232158053,48.223465863349524,3.196786458231003,124.74453311709159
700,calcification,train,True,ok,0.4191436767578125,1.0,0.0,115.91150023663039,108.30180996663778,7.609690269992612,13.776098690002598
701,calcification,train,True,ok,0.3784332275390625,1.0,0.0,97.18112172896254,96.16057444458083,1.0205472843817063,30.340199275388375
702,calcification,train,True,ok,0.534027099609375,1.0,0.0,134.83476198639923,122.50628724867379,12.328474737725443,27.406647865255305
703,calcification,train,True,ok,0.415618896484375,1.0,0.0,99.36757471179969,92.83617943495744,6.531395276842247,15.864673401628032
704,calcification,train,True,ok,0.369384765625,0.9178466796875,0.0,157.57063780568407,109.77235772357723,47.79828008210684,105.08337911580828
705,calcification,train,True,ok,0.4554901123046875,1.0,0.0,144.64363002914476,112.45839988790809,32.18523014123667,36.04950269469763
706,calcification,train,True,ok,0.4390411376953125,1.0,0.0,138.36739304208808,135.0770883769007,3.290304665187392,77.15681801773442
707,calcification,train,True,ok,0.485076904296875,1.0,0.0,77.28590751808746,81.12445919516387,-3.83855167707641,105.63187041851323
708,calcification,train,True,ok,0.4663543701171875,1.0,0.0,93.08140562117593,92.66314013667686,0.41826548449907364,43.9575266284535
709,calcification,train,True,ok,0.1361236572265625,1.0,0.0,94.06131599596458,91.21783979510731,2.8434762008572676,135.8163509180544
710,calcification,train,True,ok,0.4638519287109375,1.0,0.0,135.76065002138228,144.6488317158551,-8.88818169447282,116.04897083110298
711,calcification,train,True,ok,0.326873779296875,1.0,0.0,107.98608906731397,110.73144579951942,-2.745356732205451,90.70270948584395
712,calcification,train,True,ok,0.4515533447265625,1.0,0.0,157.65512114351367,161.85162618590547,-4.196505042391806,64.17952815708472
713,calcification,train,True,ok,0.49884033203125,1.0,0.0,89.35660100330357,88.18743149433686,1.1691695089667036,94.05529316722902
714,calcification,train,True,ok,0.145294189453125,0.989166259765625,0.0,117.11625708884688,101.97682722176599,15.139429867080892,21.076980829866088
715,calcification,train,True,ok,0.4116363525390625,1.0,0.0,131.1097601660674,137.73788220648876,-6.628122040421374,31.841371216163665
716,calcification,train,True,ok,0.4901275634765625,1.0,0.0,98.35444101989353,94.77540026934011,3.5790407505534176,60.112564202235205
717,calcification,train,True,ok,0.1148529052734375,0.7940826416015625,0.0,74.2665072406005,64.58489199951731,9.681615241083193,106.90592107608805
718,calcification,train,True,ok,0.4918365478515625,0.9658203125,0.0,166.06670182731983,159.14305017565985,6.923651651659981,10.493927051737145
719,calcification,train,True,ok,0.4671783447265625,0.975006103515625,0.0,165.28941437763334,154.17300037229015,11.116414005343188,20.23757219326356
720,calcification,train,True,ok,0.4466400146484375,1.0,0.0,160.04567660824708,140.37134978629533,19.67432682195175,42.947460518750816
721,calcification,train,True,ok,0.4260711669921875,1.0,0.0,134.15499767216988,130.87195916305532,3.2830385091145615,85.3113984899259
722,calcification,train,True,ok,0.4294586181640625,0.958465576171875,0.0,98.45397050985966,85.53582412880105,12.918146381058605,138.47131481909997
723,calcification,train,True,ok,0.4893798828125,1.0,0.0,130.78230231978048,115.59924097537652,15.183061344403967,48.673047755003445
724,calcification,train,True,ok,0.4457855224609375,0.995452880859375,0.0,109.2982029779223,92.48349439718069,16.81470858074161,14.872048813509005
725,calcification,train,True,ok,0.450469970703125,0.99951171875,0.0,117.27867353160354,110.14369411895375,7.134979412649798,63.968064213553184
726,calcification,train,True,ok,0.4228515625,0.5657958984375,0.07938799076212472,36.70749133949192,19.991751269035532,16.715740070456384,19.672260295189787
727,calcification,train,True,ok,0.3997802734375,0.953125,0.0,153.12721374045802,112.64261744966443,40.48459629079359,22.30049200778761
728,calcification,train,True,ok,0.4312286376953125,1.0,0.0,144.62789710201338,138.37263581488935,6.2552612871240285,18.424171464373572
729,calcification,train,True,ok,0.4982452392578125,1.0,0.0,132.83588031727558,135.36112885077395,-2.5252485334983703,28.743848196604382
730,calcification,train,True,ok,0.410125732421875,1.0,0.0,104.24778629362304,103.14762791660199,1.100158377021046,42.857084749372305
731,calcification,train,True,ok,0.414306640625,1.0,0.0,112.33025191514437,110.15759170487703,2.1726602102673382,42.99253040232231
732,calcification,train,True,ok,0.461395263671875,1.0,0.0,147.5947814008863,137.5110204544167,10.083760946469596,33.192018816002616
733,calcification,train,True,ok,0.4394378662109375,1.0,0.0,127.1714642869544,120.96820644037346,6.203257846580939,67.72167092871392
734,calcification,train,True,ok,0.4565887451171875,1.0,0.0,111.53390368612773,108.0258613427681,3.5080423433596337,49.6383275240592
735,calcification,train,True,ok,0.4678955078125,1.0,0.0,99.70956170101748,100.14223445744437,-0.4326727564268964,90.61396703365206
736,calcification,train,True,ok,0.4766845703125,0.950958251953125,0.0,138.75582586427657,110.61596104501983,28.139864819256744,58.503511808509224
737,calcification,train,True,ok,0.437255859375,0.99603271484375,0.0,151.223234226689,135.97936550976138,15.243868716927608,23.472285903848306
738,calcification,train,True,ok,0.431396484375,1.0,0.0,115.07268675721562,108.60192142550451,6.470765331711107,19.777127348561958
739,calcification,train,True,ok,0.4505615234375,1.0,0.0,88.88637903007316,83.66029771161963,5.226081318453524,149.55474269103428
740,calcification,train,True,ok,0.45977783203125,1.0,0.0,138.2808310102217,136.7257936956276,1.5550373145941023,9.585818936529062
741,calcification,train,True,ok,0.41583251953125,0.7018280029296875,0.06494936151475121,33.896007632467345,34.264862605788316,-0.36885497332097117,117.20952471785185
742,calcification,train,True,ok,0.4678802490234375,1.0,0.0,208.18481557577536,207.8105124308204,0.37430314495495054,95.5791071259241
743,calcification,train,True,ok,0.4264373779296875,1.0,0.0,211.40730668765877,210.84117694006224,0.5661297475965341,30.97256656198459
744,calcification,train,True,ok,0.415496826171875,1.0,0.0,199.35034887991185,201.53333681407614,-2.182987934164288,114.67362131379404
745,calcification,train,True,ok,0.4857635498046875,0.99896240234375,0.0,224.5791424532747,221.37874247054984,3.2003999827248606,96.10483463860456
746,calcification,train,True,ok,0.4594268798828125,1.0,0.0,222.94699259357668,222.16594687667597,0.7810457169007066,122.30803461790669
747,calcification,train,True,ok,0.35333251953125,1.0,0.0,219.055536362066,218.92682869277962,0.12870766928637067,120.54080211254822
748,calcification,train,True,ok,0.3159332275390625,0.9805145263671875,0.0,158.13996619174114,146.31525060783832,11.824715583902815,118.94197365143691
749,calcification,train,True,ok,0.4646148681640625,0.8292694091796875,0.013892081841768203,156.32877927025518,120.97859606121925,35.35018320903593,93.31232479172046
750,calcification,train,True,ok,0.4603729248046875,0.9951171875,0.0,202.65841370852806,196.98399547575286,5.674418232775196,32.11970851983464
751,calcification,train,True,ok,0.595794677734375,0.970703125,0.0,172.2959842237361,167.920120800302,4.375863423434112,102.16230989587741
752,calcification,train,True,ok,0.470245361328125,0.8026885986328125,0.008469076513725745,140.92497890843015,108.83291088196324,32.092068026466904,100.04016395757222
753,calcification,train,True,ok,0.4769134521484375,0.9963226318359375,0.0,190.60492721164613,190.5839094542166,0.021017757429518724,65.73415599112762
754,calcification,train,True,ok,0.498992919921875,1.0,0.0,173.3208060669072,179.44347322896996,-6.122667162062754,112.57325328581729
755,calcification,train,True,ok,0.3407745361328125,0.94232177734375,0.0,127.3031388528187,98.30021063352082,29.002928219297885,120.38386095209009
756,calcification,train,True,ok,0.375518798828125,0.993988037109375,0.0,129.38520926452662,108.99103259541612,20.394176669110507,101.32948879622039
757,calcification,train,True,ok,0.4411468505859375,1.0,0.0,167.70585590259762,161.98806825938567,5.717787643211949,103.48951746886547
758,calcification,train,True,ok,0.4187164306640625,1.0,0.0,152.7436317918443,146.69641685260532,6.047214939238984,20.72241307194768
759,calcification,train,True,ok,0.4405059814453125,1.0,0.0,142.00997609892966,130.43085062863065,11.579125470299005,13.386973650181561
760,calcification,train,True,ok,0.4756011962890625,1.0,0.0,166.10927524142576,157.87825530305236,8.231019938373407,16.71415953994872
761,calcification,train,True,ok,0.4260101318359375,1.0,0.0,185.11737526415703,168.69269213387565,16.42468313028138,1.3949224705510752
762,calcification,train,True,ok,0.4478607177734375,1.0,0.0,140.17232802970938,132.60779328451017,7.564534745199211,49.39919639652668
763,calcification,train,True,ok,0.45245361328125,1.0,0.0,158.2344192634561,155.24476089622115,2.989658367234938,66.31804725661934
764,calcification,train,True,ok,0.457427978515625,1.0,0.0,136.48679031289612,133.30572585634738,3.1810644565487394,50.36806801672566
765,calcification,train,True,ok,0.4508209228515625,1.0,0.0,116.42792350651548,114.66686115973438,1.7610623467811024,41.91179391996475
766,calcification,train,True,ok,0.331573486328125,1.0,0.0,113.03497468936953,110.66121079304204,2.373763896327489,82.51406718442595
767,calcification,train,True,ok,0.454315185546875,1.0,0.0,102.64076039497549,95.6249370840557,7.015823310919785,7.841411762156117
768,calcification,train,True,ok,0.4523773193359375,1.0,0.0,119.6882989847202,117.68096074005963,2.0073382446605734,81.60229048281971
769,calcification,train,True,ok,0.4518280029296875,1.0,0.0,102.03110330620378,101.98132219902575,0.049781107178020534,106.82977562675933
770,calcification,train,True,ok,0.3916168212890625,1.0,0.0,107.00268848626534,101.50420104838103,5.498487437884307,45.82702176042686
771,calcification,train,True,ok,0.4185638427734375,1.0,0.0,133.28529765593672,124.6850282115208,8.600269444415915,40.65025803326515
772,calcification,train,True,ok,0.488128662109375,1.0,0.0,134.66398874648328,122.71123233768557,11.952756408797711,13.263987393628623
773,calcification,train,True,ok,0.4829254150390625,1.0,0.0,137.32531833549243,123.37681116652404,13.94850716896839,17.80979295020919
774,calcification,train,True,ok,0.4651641845703125,0.97216796875,0.0,131.409381663113,136.65102279535535,-5.241641132242336,124.25622970642883
775,calcification,train,True,ok,0.491363525390625,0.9484710693359375,0.0,130.66228805664244,142.54136917261656,-11.879081115974117,120.63275526119254
776,calcification,train,True,ok,0.4592132568359375,1.0,0.0,143.02967270310683,141.12866454106825,1.901008162038579,26.490066289629706
777,calcification,train,True,ok,0.4567413330078125,1.0,0.0,145.18621588213676,141.17692329298092,4.009292589155848,19.90898620128823
778,calcification,train,True,ok,0.51129150390625,1.0,0.0,130.87716366240898,132.44295616335705,-1.5657925009480778,67.9095988194072
779,calcification,train,True,ok,0.4332122802734375,1.0,0.0,124.4209080342362,125.70782070265177,-1.2869126684155674,88.37596897555667
780,calcification,train,True,ok,0.4060821533203125,1.0,0.0,129.8238454890467,129.71895794260462,0.10488754644208598,84.57261268113926
781,calcification,train,True,ok,0.4834136962890625,1.0,0.0,170.22909630377828,166.7851720573032,3.4439242464750635,87.7678748685755
782,calcification,train,True,ok,0.47137451171875,1.0,0.0,138.25233070050498,133.1308740330216,5.121456667483386,14.434263235992677
783,calcification,train,True,ok,0.4350128173828125,0.8311920166015625,0.0,145.4938440492476,80.76063413184973,64.73320991739787,53.228452899740184
784,calcification,train,True,ok,0.447967529296875,0.916961669921875,0.0,138.5474146740241,96.2981646304384,42.24925004358572,71.45393655495734
785,calcification,train,True,ok,0.2474517822265625,0.99993896484375,0.0,80.1020534007523,83.5051400068939,-3.403086606141599,89.7218002607403
786,calcification,train,True,ok,0.2297821044921875,0.999969482421875,0.0,90.88312636961285,78.78003843334588,12.103087936266974,40.84936608124781
787,calcification,train,True,ok,0.3906097412109375,1.0,0.0,124.38376499081996,125.67446227808799,-1.2906972872680313,96.00202682784922
788,calcification,train,True,ok,0.4480743408203125,1.0,0.0,203.97687723480334,203.82414088634542,0.15273634845792117,60.19330678401131
789,calcification,train,True,ok,0.508544921875,0.884979248046875,0.0,85.55700912145943,66.21907600596126,19.337933115498174,118.97613295919946
790,calcification,train,True,ok,0.4486846923828125,1.0,0.0,164.54912429858868,149.93484819130387,14.614276107284809,47.15622032840088
791,calcification,train,True,ok,0.4794921875,1.0,0.0,156.63772912423624,146.48786350844279,10.149865615793459,95.27750425634301
792,calcification,train,True,ok,0.44171142578125,1.0,0.0,134.86251209064528,127.6716683065486,7.1908437840966855,12.846151311866715
793,calcification,train,True,ok,0.4694366455078125,1.0,0.0,144.96531773118804,142.78249115642345,2.18282657476459,32.68940818930822
794,calcification,train,True,ok,0.4320220947265625,1.0,0.0,162.80210504008758,157.3243156113156,5.477789428771985,34.93977973805693
795,calcification,train,True,ok,0.5198974609375,0.9207305908203125,0.0,146.3842744775769,83.95693490973811,62.427339567838786,54.35911398524496
796,calcification,train,True,ok,0.5100250244140625,0.6204376220703125,0.030037397157816007,110.39141361256544,26.24614618043661,84.14526743212883,89.22378644061524
797,calcification,train,True,ok,0.59747314453125,1.0,0.0,145.18339462662172,120.7305913570887,24.45280326953302,72.6877011898417
798,calcification,train,True,ok,0.319183349609375,0.7186431884765625,0.02428530452242088,96.62066163113109,64.9970863776951,31.623575253435988,110.0417030218131
799,calcification,train,True,ok,0.462554931640625,1.0,0.0,163.4973939433925,158.05448299358355,5.442910949808947,66.71854692253314
800,calcification,train,True,ok,0.46435546875,1.0,0.0,155.68907728706625,149.86426048313584,5.824816803930418,66.04487132432341
801,calcification,train,True,ok,0.3847198486328125,0.4498748779296875,0.3269345179074287,30.559314639273392,28.75850011159884,1.8008145276745537,131.79051939904835
802,calcification,train,True,ok,0.366912841796875,0.48291015625,0.36051734176162353,48.612284787490644,47.99004579416727,0.6222389933233714,137.3938963340831
803,calcification,train,True,ok,0.3694305419921875,1.0,0.0,163.3745818016604,146.10649727767697,17.268084523983447,77.50841769599334
804,calcification,train,True,ok,0.3322601318359375,1.0,0.0,87.15035591274398,67.12764790566943,20.02270800707454,79.05304442303415
805,calcification,train,True,ok,0.3865203857421875,1.0,0.0,157.7194741620939,154.13279442855367,3.5866797335402225,101.83717280798518
806,calcification,train,True,ok,0.42095947265625,1.0,0.0,145.00989560678556,136.14237904500897,8.867516561776597,41.679703485458276
807,calcification,train,True,ok,0.4678192138671875,1.0,0.0,155.73414005675332,131.4989821372251,24.235157919528206,74.31794709879121
808,calcification,train,True,ok,0.446533203125,1.0,0.0,127.74586522689995,118.39520842523159,9.350656801668364,119.02015670468435
809,calcification,train,True,ok,0.46722412109375,1.0,0.0,117.15160026126715,112.66995073891626,4.481649522350892,156.9331796823379
810,calcification,train,True,ok,0.447174072265625,1.0,0.0,94.504401828977,104.019597019045,-9.515195190067999,150.73016662355562
811,calcification,train,True,ok,0.4186859130859375,0.9531097412109375,0.0,172.06224716644192,139.2343229125653,32.82792425387663,76.08639750122757
812,calcification,train,True,ok,0.387542724609375,0.9274444580078125,0.0,162.1937554138121,129.52680751407644,32.666947899735675,73.56953705549164
813,calcification,train,True,ok,0.3498382568359375,0.9386749267578125,0.0,130.0364635582501,97.75634255673684,32.28012100151325,72.17264794118395
814,calcification,train,True,ok,0.320709228515625,1.0,0.0,162.40964887239508,143.22736870479358,19.182280167601505,72.310237200868
815,calcification,train,True,ok,0.4105072021484375,0.889739990234375,0.0,206.69691112515332,206.95312297776513,-0.2562118526118127,139.23581447989548
816,calcification,train,True,ok,0.286376953125,1.0,0.0,168.3713768115942,161.7142062949025,6.657170516691679,40.491097063608066
817,calcification,train,True,ok,0.4312896728515625,1.0,0.0,76.40067220944631,73.07649378873656,3.3241784207097567,27.988385574607296
818,calcification,train,True,ok,0.4366455078125,1.0,0.0,126.83194716242662,124.79981040086673,2.032136761559883,12.350204238989027
819,calcification,train,True,ok,0.4742279052734375,1.0,0.0,132.67412078895717,117.89232957018893,14.781791218768234,98.25587714837
820,calcification,train,True,ok,0.4482574462890625,1.0,0.0,140.1314293494911,125.36505434331701,14.766375006174087,9.622413905587461
821,calcification,train,True,ok,0.4686279296875,0.879974365234375,0.004525918207866632,134.88909872362595,99.20620836204917,35.68289036157678,119.28611650526013
822,calcification,train,True,ok,0.3940887451171875,0.935455322265625,0.0,143.73361211135634,116.18547432571961,27.548137785636726,108.78248709254672
823,calcification,train,True,ok,0.4599151611328125,0.998870849609375,0.0,193.59151985667364,180.0220652634553,13.569454593218353,73.7214399068814
824,calcification,train,True,ok,0.463165283203125,1.0,0.0,161.93335310008567,159.86822807117275,2.0651250289129166,77.76601958565395
825,calcification,train,True,ok,0.4342803955078125,0.89447021484375,0.0,191.3490039000738,199.43527983816588,-8.086275938092086,104.36802113425938
826,calcification,train,True,ok,0.4010772705078125,1.0,0.0,157.70857903747384,129.10774247789865,28.600836559575185,11.337627962128582
827,calcification,train,True,ok,0.451141357421875,0.9960784912109375,0.0,181.06693499289725,160.1207673060884,20.94616768680885,36.912980481899076
828,calcification,train,True,ok,0.431427001953125,1.0,0.0,162.41989106599704,162.97265310504,-0.5527620390429604,65.54431980540838
829,calcification,train,True,ok,0.4312286376953125,1.0,0.0,165.81235625066347,161.26951039570758,4.542845854955885,43.88600060889297
830,calcification,train,True,ok,0.5316009521484375,1.0,0.0,123.37343207325124,135.908883604261,-12.53545153100977,116.84359229475596
831,calcification,train,True,ok,0.4523162841796875,1.0,0.0,153.17572445433998,146.7406736689605,6.435050785379474,66.42482872028434
832,calcification,train,True,ok,0.4395599365234375,1.0,0.0,102.53893150970251,86.25459446214163,16.284337047560882,103.41923596049644
833,calcification,train,True,ok,0.44488525390625,1.0,0.0,165.6033749485526,160.16363386476087,5.439741083791745,13.929409286960652
834,calcification,train,True,ok,0.476348876953125,1.0,0.0,113.33653661349221,109.19963284573693,4.136903767755285,74.96169444363221
835,calcification,train,True,ok,0.4050750732421875,0.999847412109375,0.0,144.78728293215806,147.03249634512298,-2.2452134129649153,14.97657235100176
836,calcification,train,True,ok,0.3603515625,0.879547119140625,0.0,131.20376016260164,74.42492843511451,56.77883172748713,29.336654335255563
837,calcification,train,True,ok,0.4576416015625,0.857757568359375,0.0,135.71749133102162,79.01640220571686,56.70108912530476,41.644107132833284
838,calcification,train,True,ok,0.5069122314453125,1.0,0.0,121.3703982420758,117.38950951570479,3.980888726371006,27.063474480163276
839,calcification,train,True,ok,0.445953369140625,1.0,0.0,124.68435639499076,111.71261360506747,12.971742789923283,33.578676380693786
840,calcification,train,True,ok,0.5001983642578125,0.97491455078125,0.0,77.21762606387847,81.00708288810868,-3.7894568242302142,96.05603029960919
841,calcification,train,True,ok,0.489990234375,1.0,0.0,99.86652964623816,88.75236357108665,11.114166075151516,14.296417855407425
842,calcification,train,True,ok,0.460540771484375,1.0,0.0,66.36091047644291,59.48865757764327,6.872252898799644,89.22008673539993
843,calcification,train,True,ok,0.482696533203125,1.0,0.0,92.49898843017007,84.9084419798242,7.590546450345869,42.96850478359084
844,calcification,train,True,ok,0.4314727783203125,1.0,0.0,198.02015772535984,173.0326364099949,24.987521315364944,38.35737202171189
845,calcification,train,True,ok,0.394683837890625,0.863006591796875,0.0,139.927820304647,115.75510461305772,24.17271569158929,129.9312270655815
846,calcification,train,True,ok,0.4171295166015625,0.9983978271484375,0.0,187.2804623769982,163.47388675096207,23.806575626036135,88.91658580338112
847,calcification,train,True,ok,0.444122314453125,1.0,0.0,153.2632446918161,142.7463628877299,10.51688180408621,68.47042914025543
848,calcification,train,True,ok,0.463775634765625,1.0,0.0,194.50579061656907,176.96972283876843,17.53606777780064,1.3142215339704661
849,calcification,train,True,ok,0.3159027099609375,1.0,0.0,115.40762208375598,106.26917672250352,9.138445361252465,75.52911121635475
850,calcification,train,True,ok,0.362518310546875,0.987640380859375,0.0,140.85348093273845,109.15982095839915,31.693659974339297,105.51358074775901
851,calcification,train,True,ok,0.370391845703125,1.0,0.0,119.44380818983274,118.03354175754932,1.4102664322834215,6.8806935564534975
852,calcification,train,True,ok,0.4272308349609375,1.0,0.0,135.12729026036644,133.69483443002903,1.4324558303374033,44.68692332556294
853,calcification,train,True,ok,0.217071533203125,0.9035491943359375,0.0,97.30809784900886,77.80268953420386,19.505408314804995,37.810340098004254
854,calcification,train,True,ok,0.1939849853515625,0.6337738037109375,0.08251396208605365,67.81389129237787,56.16301611040645,11.650875181971422,95.11479938311432
855,calcification,train,True,ok,0.54449462890625,0.9921722412109375,0.0,204.3234502858424,198.30018089240252,6.023269393439875,44.88024234963734
856,calcification,train,True,ok,0.456512451171875,0.8153076171875,0.0312855137375493,161.52653920716625,111.30922567241282,50.21731353475343,18.227036955769744
857,calcification,train,True,ok,0.4852447509765625,1.0,0.0,73.77271154995125,80.91368015414258,-7.140968604191329,140.97081010575863
858,calcification,train,True,ok,0.446258544921875,1.0,0.0,92.01624153730425,85.1406723615321,6.875569175772156,51.481262962995174
859,calcification,train,True,ok,0.4686279296875,1.0,0.0,108.16872883563428,107.35980932690099,0.8089195087332968,89.13757521966497
860,calcification,train,True,ok,0.468597412109375,1.0,0.0,106.70592640833604,97.73229770860851,8.973628699727527,25.605946008719126
861,calcification,train,True,ok,0.4625244140625,1.0,0.0,121.34009633148588,121.71601748807632,-0.37592115659043657,86.49382855787903
862,calcification,train,True,ok,0.432647705078125,1.0,0.0,97.80489525287437,85.81106449357216,11.993830759302213,12.96800006477366
863,calcification,train,True,ok,0.43414306640625,1.0,0.0,158.30398566005906,169.59003883076258,-11.286053170703525,82.76605587423794
864,calcification,train,True,ok,0.4009246826171875,1.0,0.0,154.20334919124645,128.93033799444743,25.27301119679902,97.13485491814207
865,calcification,train,True,ok,0.5408935546875,1.0,0.0,163.9276404874746,157.26226402552513,6.665376461949478,29.447829758229677
866,calcification,train,True,ok,0.4445037841796875,1.0,0.0,128.51965260375545,124.22354072242824,4.296111881327207,133.85223698919285
867,calcification,train,True,ok,0.3795928955078125,1.0,0.0,140.27547533866624,135.03883519024077,5.236640148425465,125.66297968644315
868,calcification,train,True,ok,0.45062255859375,1.0,0.0,108.39790735473385,105.86529274525053,2.5326146094833177,43.24583701563138
869,calcification,train,True,ok,0.4470977783203125,1.0,0.0,99.39435514146275,93.191913895405,6.202441246057759,16.016924679503138
870,calcification,train,True,ok,0.4051971435546875,1.0,0.0,72.36972321596686,63.820707524178445,8.549015691788412,19.827892443848377
871,calcification,train,True,ok,0.478973388671875,0.66302490234375,0.0,174.97171073590314,39.022696655537985,135.94901408036515,79.02219790093277
872,calcification,train,True,ok,0.553802490234375,0.665557861328125,0.029343693172425193,145.12170055656583,39.81632583270638,105.30537472385944,55.645622259584364
873,calcification,train,True,ok,0.4710693359375,0.7005462646484375,0.0,189.39984451930553,46.56496653588738,142.83487798341815,26.212833727214463
874,calcification,train,True,ok,0.5351409912109375,0.88677978515625,0.0,196.68740554874398,97.19816182504513,99.48924372369885,53.41747976710853
875,calcification,train,True,ok,0.4562835693359375,1.0,0.0,153.13677557435707,156.30903937361435,-3.17226379925728,103.34222570870055
876,calcification,train,True,ok,0.4473419189453125,1.0,0.0,96.44250776000273,90.31152157707281,6.130986182929917,70.72435386780158
877,calcification,train,True,ok,0.3953704833984375,0.7888336181640625,0.0,128.8373277758481,60.58796214511041,68.2493656307377,88.5568710407947
878,calcification,train,True,ok,0.30841064453125,0.8641815185546875,0.0,185.9266772214526,116.71584590945194,69.21083131200065,31.377032734751054
879,calcification,train,True,ok,0.5052642822265625,1.0,0.0,147.71787515477305,145.20914165869908,2.5087334960739724,30.68548179860042
880,calcification,train,True,ok,0.4307861328125,1.0,0.0,97.02277557381694,91.8178211451855,5.204954428631439,100.21297757297756
881,calcification,train,True,ok,0.294281005859375,1.0,0.0,134.7879809188012,130.28875675675675,4.499224162044442,91.51388506559749
882,calcification,train,True,ok,0.2857666015625,1.0,0.0,153.55916275096112,135.07829858143907,18.48086416952205,21.21771795117559
883,calcification,train,True,ok,0.3861236572265625,0.67730712890625,0.00015807152736613318,113.03896463149576,25.992443637990604,87.04652099350515,12.400182797207941
884,calcification,train,True,ok,0.3890838623046875,0.69976806640625,0.04525667673242088,109.59531746342994,66.06978544846018,43.525532014969755,110.75552536714437
885,calcification,train,True,ok,0.4681854248046875,1.0,0.0,106.57321643907049,101.34539350988437,5.227822929186118,119.8321095991332
886,calcification,train,True,ok,0.4604949951171875,0.9818572998046875,0.0,127.0803870240896,94.68721893825834,32.39316808583126,104.84593537631626
887,calcification,train,True,ok,0.469879150390625,1.0,0.0,94.21507436513606,86.17345000287835,8.041624362257707,87.11881207161593
888,calcification,train,True,ok,0.4442901611328125,1.0,0.0,112.46907305010818,111.821054943848,0.6480181062601815,101.80442244212068
889,calcification,train,True,ok,0.474578857421875,0.899993896484375,3.2152273165712814e-05,88.22770239855957,84.88560724864959,3.34209514990998,106.64627855683297
890,calcification,train,True,ok,0.47662353515625,0.8871307373046875,0.03316685875272122,79.53441541810732,65.07985422740525,14.454561190702066,79.57971393918795
891,calcification,train,True,ok,0.42254638671875,1.0,0.0,163.4852303914488,166.5406669485255,-3.0554365570767175,120.27814645623934
892,calcification,train,True,ok,0.4405517578125,1.0,0.0,163.1356331393738,158.88301876500108,4.252614374372712,58.98461474922408
893,calcification,train,True,ok,0.474609375,0.9864654541015625,0.0,183.96096965020575,179.7576092007435,4.203360449462252,127.89815339944334
894,calcification,train,True,ok,0.398895263671875,1.0,0.0,148.29255604008875,152.6694166624359,-4.376860622347152,139.92899101289623
895,calcification,train,True,ok,0.430816650390625,1.0,0.0,150.83551746121697,126.33904348292317,24.496473978293793,8.483227352648065
896,calcification,train,True,ok,0.3973541259765625,1.0,0.0,134.01923889251566,103.74287884542348,30.276360047092183,15.688444376775475
897,calcification,train,True,ok,0.4027252197265625,0.6019744873046875,0.03250861970977153,131.11756905240026,50.130189305878446,80.98737974652181,52.095228663721315
898,calcification,train,True,ok,0.369232177734375,0.674835205078125,0.03756508802380362,125.87813042400198,65.27853306884707,60.59959735515491,46.706401973790335
899,calcification,train,True,ok,0.2590484619140625,1.0,0.0,151.52476880485364,146.14050948330896,5.3842593215446755,29.1739290536586
900,calcification,train,True,ok,0.429840087890625,1.0,0.0,162.28420305289316,164.0531766846866,-1.7689736317934432,100.69290447566429
901,calcification,train,True,ok,0.4324188232421875,1.0,0.0,152.9886022795441,149.8571121326989,3.131490146845209,50.015557139312826
902,calcification,train,True,ok,0.35369873046875,1.0,0.0,155.95759275237273,140.67716498252904,15.280427769843698,73.09082551913559
903,calcification,train,True,ok,0.3714599609375,1.0,0.0,140.78068517909958,129.07792775296173,11.70275742613785,84.71211181456309
904,calcification,train,True,ok,0.3282623291015625,0.9878692626953125,0.0,127.08785385580812,77.1227767303455,49.965077125462614,25.90739510089206
905,calcification,train,True,ok,0.27972412109375,0.975311279296875,0.0,169.12262710015273,135.43441233793746,33.68821476221527,40.534388106610244
906,calcification,train,True,ok,0.456146240234375,1.0,0.0,154.03174550076938,154.84608046686495,-0.8143349660955721,62.11414209340935
907,calcification,train,True,ok,0.49365234375,1.0,0.0,170.06809470820968,164.07488548698169,5.993209221228,83.91112801852306
908,calcification,train,True,ok,0.39251708984375,0.9765625,0.0,183.94845280671746,181.5191148397468,2.4293379669706496,119.6152587199119
909,calcification,train,True,ok,0.370819091796875,1.0,0.0,175.38967986173978,168.44026774021438,6.949412121525398,57.69147562878077
910,calcification,train,True,ok,0.454986572265625,0.9894866943359375,0.0,139.30800187806022,111.39680273251582,27.9111991455444,80.13629303350919
911,calcification,train,True,ok,0.4392852783203125,1.0,0.0,135.52495744902566,125.286962200996,10.237995248029662,142.42089786180614
912,calcification,train,True,ok,0.441925048828125,1.0,0.0,69.34928527035426,57.165691474818175,12.183593795536083,64.92939050032963
913,calcification,train,True,ok,0.406219482421875,1.0,0.0,179.6756066411239,170.214550033407,9.461056607716898,22.769879482701498
914,calcification,train,True,ok,0.443115234375,1.0,0.0,167.7219696969697,150.03682595352916,17.685143743440534,5.977224163496869
915,calcification,train,True,ok,0.4568328857421875,1.0,0.0,173.12144694211563,152.92726915189482,20.194177790220806,33.714794624718714
916,calcification,train,True,ok,0.3670501708984375,1.0,0.0,176.13045104967782,162.9122248740387,13.218226175639103,20.03032456442838
917,calcification,train,True,ok,0.4253692626953125,1.0,0.0,140.07612009900635,140.80177381236888,-0.7256537133625329,17.269349425504288
918,calcification,train,True,ok,0.38983154296875,1.0,0.0,184.23872710192578,183.40622186655997,0.8325052353658009,16.99491573267731
919,calcification,train,True,ok,0.36761474609375,1.0,0.0,144.6141042669766,147.22109352379113,-2.606989256814529,68.90712503284864
920,calcification,train,True,ok,0.4456939697265625,1.0,0.0,127.56212126399397,125.72059349794918,1.8415277660447913,137.79528703161566
921,calcification,train,True,ok,0.4596405029296875,1.0,0.0,148.25412475517047,144.72507271341033,3.5290520417601385,107.8309116283495
922,calcification,train,True,ok,0.4455413818359375,1.0,0.0,140.6261858282818,144.72449569309518,-4.0983098648133875,111.05793361786809
923,calcification,train,True,ok,0.4140167236328125,1.0,0.0,159.9246305237165,156.89091998020987,3.033710543506629,36.42829574733788
924,calcification,train,True,ok,0.49908447265625,1.0,0.0,132.19432554726671,131.13972828073597,1.0545972665307488,28.348861307235204
925,calcification,train,True,ok,0.44281005859375,1.0,0.0,150.0184700206754,145.6219739292365,4.396496091438905,75.07954597560568
926,calcification,train,True,ok,0.466339111328125,0.913848876953125,0.0,150.8183037759309,111.19917653113741,39.61912724479349,66.86333178064518
927,calcification,train,True,ok,0.451507568359375,1.0,0.0,163.62598850963164,159.10869081399878,4.5172976956328625,100.74552257049812
928,calcification,train,True,ok,0.159027099609375,0.9999542236328125,9.595087315294569e-05,67.91038188447514,67.73485865660268,0.17552322787246055,119.15328597791877
929,calcification,train,True,ok,0.1813812255859375,0.9921875,0.0,124.137713468495,120.79358422337788,3.3441292451171165,24.6545794831644
930,calcification,train,True,ok,0.179168701171875,1.0,0.0,123.16828478964402,120.56045283860654,2.6078319510374826,137.83987200314758
931,calcification,train,True,ok,0.1387939453125,0.99365234375,0.0,89.38170624450308,78.90804394046775,10.47366230403533,67.76878249993824
932,calcification,train,True,ok,0.4529266357421875,1.0,0.0,126.13300542398005,119.73751150531336,6.395493918666688,33.288094202128505
933,calcification,train,True,ok,0.4355621337890625,1.0,0.0,145.8145034156595,135.9824822254062,9.8320211902533,70.36693041602561
934,calcification,train,True,ok,0.4662933349609375,1.0,0.0,103.4776334304133,103.76087142979672,-0.28323799938341665,146.64946141853537
935,calcification,train,True,ok,0.468353271484375,0.9999542236328125,0.0,127.9899654655633,122.1076000229608,5.882365442602506,107.0955684158791
936,calcification,train,True,ok,0.4693756103515625,1.0,0.0,162.95978674295375,143.7419410496046,19.217845693349147,80.50530958137702
937,calcification,train,True,ok,0.43841552734375,1.0,0.0,172.58680217179452,148.03760460819475,24.549197563599762,9.835785558667599
938,calcification,train,True,ok,0.3964996337890625,1.0,0.0,150.2155089474697,120.2137240524892,30.00178489498049,47.223018966562094
939,calcification,train,True,ok,0.5194244384765625,1.0,0.0,154.94729884550983,133.6663279885696,21.28097085694023,82.56075151704023
940,calcification,train,True,ok,0.1454315185546875,0.766387939453125,0.0,109.68523764557759,81.93336309258102,27.75187455299657,85.7819439878193
941,calcification,train,True,ok,0.3531036376953125,0.9138946533203125,0.0021606672140356943,92.05647984097489,80.47130557848803,11.58517426248686,79.8296104595207
942,calcification,train,True,ok,0.1390533447265625,0.9073944091796875,0.0,122.90145945352792,110.0842209737164,12.817238479811522,151.35767315757485
943,calcification,train,True,ok,0.287139892578125,1.0,0.0,147.85938994579658,143.49514105912067,4.3642488866759095,58.475313580551926
944,calcification,train,True,ok,0.150787353515625,0.7618408203125,0.0,112.95112325440195,68.54881949186043,44.40230376254152,21.71851176872234
945,calcification,train,True,ok,0.3156280517578125,0.9891204833984375,0.0,112.48653613729756,114.4597221912555,-1.9731860539579316,39.55811724933447
946,calcification,train,True,ok,0.4488677978515625,1.0,0.0,93.98381888023931,90.77405243777513,3.2097664424641863,34.81156693598523
947,calcification,train,True,ok,0.47027587890625,1.0,0.0,109.14107722258274,109.90641202903561,-0.76533480645287,51.87994009930852
948,calcification,train,True,ok,0.5414886474609375,1.0,0.0,120.35886380928227,120.30137442177777,0.0574893875045035,42.44098555684587
949,calcification,train,True,ok,0.1669158935546875,1.0,0.0,118.17926684340433,107.83552209828379,10.343744745120546,38.18204620097543
950,calcification,train,True,ok,0.455718994140625,1.0,0.0,114.42365901024577,113.60992430613962,0.8137347041061531,81.64689923834517
951,calcification,train,True,ok,0.329864501953125,1.0,0.0,117.8022481265612,117.20724987476662,0.5949982517945784,59.154878850068314
952,calcification,train,True,ok,0.4101715087890625,1.0,0.0,136.60886871768164,132.733902470573,3.874966247108631,52.430963919228354
953,calcification,train,True,ok,0.4197845458984375,1.0,0.0,125.83457526080477,129.0302432610125,-3.195668000207718,104.74322297308206
954,calcification,train,True,ok,0.5477447509765625,0.9256744384765625,0.0,169.78585954258017,102.26488747933466,67.52097206324551,46.83680079123192
955,calcification,train,True,ok,0.54095458984375,0.961761474609375,0.0,162.5012411147467,126.34895625581704,36.15228485892966,14.449099447951664
956,calcification,train,True,ok,0.4144744873046875,0.997100830078125,0.0,201.4813164967051,177.41198238344668,24.069334113258407,25.382919710533532
957,calcification,train,True,ok,0.43505859375,1.0,0.0,106.79415684624018,90.75891313742437,16.035243708815813,65.49352191986911
958,calcification,train,True,ok,0.4374237060546875,1.0,0.0,153.8328391530331,151.97203612791233,1.8608030251207595,112.45790326745787
959,calcification,train,True,ok,0.4405517578125,1.0,0.0,121.56598088113051,107.43710451669212,14.128876364438398,99.90299087520027
960,calcification,train,True,ok,0.5332183837890625,1.0,0.0,99.04246673343826,133.67098166127292,-34.62851492783466,149.57951371520636
961,calcification,train,True,ok,0.4472503662109375,0.9999542236328125,0.0,132.89696700897275,117.2968668046929,15.600100204279855,144.98960261230562
962,calcification,train,True,ok,0.305389404296875,0.99334716796875,0.0,144.1297092035575,142.92759544835465,1.202113755202845,43.71619295598432
963,calcification,train,True,ok,0.3041839599609375,1.0,0.0,136.62447955856533,135.29501546018727,1.329464098378054,96.97491325508314
964,calcification,train,True,ok,0.4655609130859375,0.8786773681640625,0.0,147.04031332961884,92.30269807280514,54.7376152568137,10.75030107778733
965,calcification,train,True,ok,0.4464874267578125,0.8997955322265625,0.0,160.7358600184546,123.33521709166092,37.400642926793665,14.155155432989552
966,calcification,train,True,ok,0.5044708251953125,1.0,0.0,129.62638758658238,122.85194765204002,6.774439934542357,49.915368400517075
967,calcification,train,True,ok,0.38238525390625,1.0,0.0,179.73495610534718,163.0253730605791,16.709583044768067,142.06756930879237
968,calcification,train,True,ok,0.4263916015625,1.0,0.0,130.24685084454623,120.59677590976804,9.65007493477819,40.57173487305526
969,calcification,train,True,ok,0.4478759765625,0.840423583984375,0.0,159.06432270373398,114.95141499005085,44.11290771368313,70.52571899333849
970,calcification,train,True,ok,0.458892822265625,0.6648406982421875,0.16958169847708984,91.96651592737913,83.81492865602617,8.151587271352966,85.78252626893364
971,calcification,train,True,ok,0.448760986328125,0.967254638671875,0.0,100.07358041482489,82.32079388805846,17.752786526766428,26.66482628981886
972,calcification,train,True,ok,0.110992431640625,0.8022003173828125,0.0,100.97099257629915,78.39056331742817,22.58042925887098,150.01435501785934
973,calcification,train,True,ok,0.5305938720703125,0.642120361328125,0.002933310326977828,95.05262703821931,18.016123264961156,77.03650377325816,35.660680263010285
974,calcification,train,True,ok,0.5397491455078125,0.7404937744140625,0.0,123.50521584259181,38.303252329012366,85.20196351357944,49.72073754063819
975,calcification,train,True,ok,0.4777679443359375,0.515045166015625,0.0,94.01424419533072,6.7800438276113955,87.23420036771932,34.50079006094985
976,calcification,train,True,ok,0.5605010986328125,0.7047882080078125,0.0021778782021615443,104.39593825715296,27.184182203242717,77.21175605391025,66.26617316695943
977,calcification,train,True,ok,0.4547271728515625,1.0,0.0,100.3697862487836,91.06727298167063,9.302513267112971,30.78175168331774
978,calcification,train,True,ok,0.46575927734375,0.89910888671875,0.0,80.2995347922946,72.4350794013481,7.864455390946489,125.36737326300059
979,calcification,train,True,ok,0.4287261962890625,1.0,0.0,158.61540377976297,138.87107027431287,19.7443335054501,14.252730276679982
980,calcification,train,True,ok,0.4907073974609375,1.0,0.0,178.93594328181845,158.37325104113611,20.56269224068234,18.63779993612304
981,calcification,train,True,ok,0.4359283447265625,1.0,0.0,98.73114214708251,89.35783266156301,9.3733094855195,115.08087454943816
982,calcification,train,True,ok,0.28558349609375,0.94488525390625,0.0,180.67252618080786,158.4227253310551,22.249800849752774,137.67410582447528
983,calcification,train,True,ok,0.2260284423828125,0.9988861083984375,0.0,203.55761830824275,178.62770340871006,24.92991489953269,135.47104160293267
984,calcification,train,True,ok,0.472930908203125,1.0,0.0,166.51406723882042,141.33408604018297,25.17998119863745,38.667992585699196
985,calcification,train,True,ok,0.4203948974609375,1.0,0.0,144.374578055243,142.80652889298406,1.5680491622589443,28.10854403316931
986,calcification,train,True,ok,0.4678192138671875,1.0,0.0,123.8804592452461,125.58359377240015,-1.7031345271540488,49.762494091842115
987,calcification,train,True,ok,0.4449310302734375,1.0,0.0,127.94341369731472,115.41570222943068,12.527711467884046,42.7012032321078
988,calcification,train,True,ok,0.4206695556640625,1.0,0.0,126.98411259022815,127.08941975926463,-0.10530716903647885,79.51722611828067
989,calcification,train,True,ok,0.39453125,1.0,0.0,168.55178681930693,162.92011088709677,5.6316759322101575,109.78086564853962
990,calcification,train,True,ok,0.4666290283203125,1.0,0.0,154.01824662372061,150.68553854956372,3.3327080741568977,50.82463410898608
991,calcification,train,True,ok,0.5171966552734375,1.0,0.0,119.47287210503023,120.4259979140988,-0.9531258090685668,21.575613561179885
992,calcification,train,True,ok,0.4202423095703125,1.0,0.0,108.3770378708108,106.81360705355968,1.5634308172511169,68.17401991178292
993,calcification,train,True,ok,0.424468994140625,1.0,0.0,126.18861887986196,122.90710005832759,3.2815188215343767,40.446466964160365
994,calcification,train,True,ok,0.3843536376953125,1.0,0.0,183.1007979673667,178.32170917292487,4.779088794441833,63.005043530667926
995,calcification,train,True,ok,0.4021148681640625,1.0,0.0,184.2207718286343,178.6960161294439,5.524755699190393,56.882072579885495
996,calcification,train,True,ok,0.43585205078125,1.0,0.0,130.49040750595154,123.00100075732988,7.489406748621661,111.47808081863589
997,calcification,train,True,ok,0.4497528076171875,1.0,0.0,121.32776929601357,116.37758242977178,4.950186866241793,131.32199882012117
998,calcification,train,True,ok,0.3373870849609375,1.0,0.0,172.06562344534396,158.7874496257916,13.278173819552364,52.20302322715262
999,calcification,train,True,ok,0.3758697509765625,1.0,0.0,132.55705760565095,120.24690120529057,12.310156400360384,85.63328037215784
1000,calcification,train,True,ok,0.4133148193359375,1.0,0.0,152.56141322405583,141.66701344638352,10.894399777672305,50.8068160097261
1001,calcification,train,True,ok,0.4257965087890625,1.0,0.0,142.710661171833,143.97860806250165,-1.2679468906686395,130.4512804415974
1002,calcification,train,True,ok,0.341339111328125,0.9926300048828125,0.0,144.57536879749665,127.44989111800955,17.125477679487105,21.138864439205452
1003,calcification,train,True,ok,0.481475830078125,1.0,0.0,179.60521645433226,157.8879701018186,21.717246352513655,27.54416411240316
1004,calcification,train,True,ok,0.4604339599609375,0.8939361572265625,0.0025186412593206295,77.49053852526926,69.06826730013292,8.422271225136342,77.27394562432062
1005,calcification,train,True,ok,0.462188720703125,1.0,0.0,121.39560911191812,112.95417919763945,8.441429914278672,46.925933833972756
1006,calcification,train,True,ok,0.4714508056640625,1.0,0.0,123.21105608958798,123.91830018187592,-0.7072440922879366,88.74080786741868
1007,calcification,train,True,ok,0.50811767578125,0.9779052734375,0.0,145.7815915915916,156.57863878893164,-10.79704719734005,107.0981814876495
1008,calcification,train,True,ok,0.4304046630859375,1.0,0.0,129.50561917254583,131.2425995874521,-1.7369804149062702,94.87522553937204
1009,calcification,train,True,ok,0.524627685546875,0.9914398193359375,0.0,111.4863591414112,129.7825319381139,-18.29617279670269,102.52023977551247
1010,calcification,train,True,ok,0.5126495361328125,1.0,0.0,166.02782986576182,166.07836813926548,-0.05053827350366191,76.67589250610445
1011,calcification,train,True,ok,0.4378662109375,1.0,0.0,119.50125453024812,108.49321389793703,11.008040632311094,107.71734613961605
1012,calcification,train,True,ok,0.4498443603515625,1.0,0.0,139.16315593093856,134.8333379559007,4.329817975037855,59.3055422789172
1013,calcification,train,True,ok,0.4453582763671875,1.0,0.0,164.68890259362044,162.07012572560456,2.6187768680158854,117.32975128228622
1014,calcification,train,True,ok,0.39141845703125,1.0,0.0,107.10120068610635,88.93571356935112,18.16548711675523,21.424122905445408
1015,calcification,train,True,ok,0.4005126953125,0.9726104736328125,0.0,134.68740475464799,97.65012217470984,37.03728257993815,28.57960907416258
1016,calcification,train,True,ok,0.4761962890625,1.0,0.0,124.98445911304793,123.0457352598462,1.9387238532017363,140.24895730355698
1017,calcification,train,True,ok,0.3798828125,1.0,0.0,128.04418380462724,120.17165354330709,7.872530261320151,105.05152385510988
1018,calcification,train,True,ok,0.4480133056640625,1.0,0.0,92.81533326521576,91.43894955079475,1.37638371442101,102.38120601875113
1019,calcification,train,True,ok,0.483917236328125,1.0,0.0,133.1264110487482,130.2518183430903,2.8745927056579035,105.54593584410428
1020,calcification,train,True,ok,0.4190826416015625,1.0,0.0,157.94971782268343,152.46481573901394,5.484902083669482,134.40997617229343
1021,calcification,train,True,ok,0.450592041015625,1.0,0.0,123.89197426346088,118.68669110703772,5.205283156423164,13.166155541242823
1022,calcification,train,True,ok,0.4601593017578125,0.895843505859375,0.0,84.24723944689458,88.96984086605048,-4.722601419155893,119.76822995385848
1023,calcification,train,True,ok,0.4401092529296875,1.0,0.0,103.43587698921749,101.01997656228708,2.4159004269304063,69.69956633439705
1024,calcification,train,True,ok,0.4549102783203125,0.9999847412109375,0.0,177.36799382819575,162.87249111216863,14.495502716027119,23.320011858619207
1025,calcification,train,True,ok,0.4523773193359375,0.9508819580078125,0.0,70.59985833305225,58.916603973362314,11.68325435968994,54.36100919830267
1026,calcification,train,True,ok,0.513031005859375,1.0,0.0,194.7598001308667,187.67700695619476,7.082793174671934,17.63015610981398
1027,calcification,train,True,ok,0.4638671875,1.0,0.0,138.24707236842104,126.31713911657559,11.929933251845455,26.00418637237638
1028,calcification,train,True,ok,0.438446044921875,1.0,0.0,144.3177420477483,140.54290527688713,3.774836770861185,107.75134887523201
1029,calcification,train,True,ok,0.5196533203125,0.6350250244140625,0.06207423067888184,114.83303969931877,45.01718551461245,69.81585418470632,68.811060779821
1030,calcification,train,True,ok,0.4368438720703125,0.614837646484375,0.11069195570924587,81.24562506549303,43.43124610507492,37.81437896041811,40.961263262588965
1031,calcification,train,True,ok,0.4092254638671875,1.0,0.0,160.7189678958947,154.1907430844332,6.528224811461513,108.07566211654716
1032,calcification,train,True,ok,0.46185302734375,1.0,0.0,154.7543610413638,144.82326755132132,9.931093490042485,31.10260299184668
1033,calcification,train,True,ok,0.4327850341796875,1.0,0.0,115.52226492261045,95.44465068732683,20.07761423528362,12.972328615530904
1034,calcification,train,True,ok,0.4432525634765625,1.0,0.0,170.61334297221936,169.92468550442624,0.6886574677931208,138.6134695979838
1035,calcification,train,True,ok,0.44384765625,1.0,0.0,167.6772896039604,158.21765254609306,9.459637057867326,123.21201899661777
1036,calcification,train,True,ok,0.3628082275390625,1.0,0.0,109.6289691718888,108.21480399434853,1.4141651775402693,136.14577963889326
1037,calcification,train,True,ok,0.2890167236328125,0.9333038330078125,0.0,92.05010295126974,64.41122438029832,27.638878570971414,44.7005077535065
1038,calcification,train,True,ok,0.4542694091796875,0.9998016357421875,0.0,211.797084411004,210.29386271494477,1.503221696059228,44.21733888759168
1039,calcification,train,True,ok,0.44952392578125,1.0,0.0,138.0052274270197,135.3326311120967,2.6725963149229983,37.582413622293934
1040,calcification,train,True,ok,0.38641357421875,1.0,0.0,147.57798925920076,142.25768427335123,5.320304985849532,66.6162140338651
1041,calcification,train,True,ok,0.451385498046875,1.0,0.0,215.94158609965518,216.18996495522055,-0.2483788555653632,91.66380380944811
1042,calcification,train,True,ok,0.4604949951171875,1.0,0.0,163.88515192683653,157.35478123143932,6.53037069539721,41.27920916490694
1043,calcification,train,True,ok,0.446868896484375,1.0,0.0,117.21699788294748,128.06755862068965,-10.850560737742171,26.86489116163379
1044,calcification,train,True,ok,0.415863037109375,1.0,0.0,84.43725691641593,87.140483778277,-2.7032268618610686,35.08279888632395
1045,calcification,train,True,ok,0.4837188720703125,1.0,0.0,100.61764613103688,98.05609575882961,2.5615503722072646,32.569118139178094
1046,calcification,train,True,ok,0.386016845703125,1.0,0.0,93.46580757372124,97.25779114270092,-3.7919835689796884,112.33709946379875
1047,calcification,train,True,ok,0.43194580078125,1.0,0.0,95.40310159672177,96.07016224347265,-0.6670606467508833,93.18362730255805
1048,calcification,train,True,ok,0.2418212890625,1.0,0.0,108.37234982332156,105.69944453389148,2.6729052894300764,49.1794017759015
1049,calcification,train,True,ok,0.154754638671875,1.0,0.0,106.81818181818181,96.15559446871502,10.66258734946679,42.52434638571054
1050,calcification,train,True,ok,0.346435546875,1.0,0.0,76.64711064129669,68.95795199850579,7.6891586427909004,130.11694686465506
1051,calcification,train,True,ok,0.3543243408203125,1.0,0.0,77.63769863485638,71.06111308046792,6.576585554388458,74.77029687909113
1052,calcification,train,True,ok,0.470703125,1.0,0.0,113.45652878630706,90.78078874538745,22.675740040919607,91.92885176611237
1053,calcification,train,True,ok,0.4625091552734375,0.8517913818359375,0.0,99.21279403516876,65.31105748757984,33.90173654758891,84.8463204617892
1054,calcification,train,True,ok,0.4726104736328125,1.0,0.0,113.08965873502729,110.93753435754998,2.152124377477307,110.84959510901486
1055,calcification,train,True,ok,0.459808349609375,1.0,0.0,114.43445941461472,117.41322524151178,-2.9787658268970603,76.75521868162097
1056,calcification,train,True,ok,0.449371337890625,1.0,0.0,111.80943972835314,107.14066396940642,4.6687757589467225,58.0184223678627
1057,calcification,train,True,ok,0.3706512451171875,1.0,0.0,142.481083528879,116.83496181355316,25.646121715325833,18.094823247632547
1058,calcification,train,True,ok,0.4242706298828125,1.0,0.0,182.49185398309658,176.69889480798284,5.792959175113737,58.605452933903955
1059,calcification,train,True,ok,0.3249359130859375,1.0,0.0,191.72599201690537,186.6669605117425,5.059031505162864,73.75284964134956
1060,calcification,train,True,ok,0.424072265625,0.78521728515625,0.0,108.83390903857224,60.353804578211104,48.48010446036114,49.74012438647515
1061,calcification,train,True,ok,0.3993988037109375,0.869232177734375,0.0,146.48389684813753,79.96021442544651,66.52368242269102,30.509941806733515
1062,calcification,train,True,ok,0.4348907470703125,1.0,0.0,167.19571243114277,139.1929256109086,28.002786820234178,26.850886069280783
1063,calcification,train,True,ok,0.4442291259765625,0.887054443359375,0.0,76.30031257513825,66.0441204733273,10.256192101810953,110.4327333763793
1064,calcification,train,True,ok,0.445343017578125,1.0,0.0,134.69180428972794,108.11529573590096,26.576508553826983,99.81887034527081
1065,calcification,train,True,ok,0.45562744140625,0.6639251708984375,0.22230408573342264,40.685331547220365,46.94088462832156,-6.255553081101198,150.35546140631317
1066,calcification,train,True,ok,0.4634246826171875,1.0,0.0,90.79256527608574,73.4364567041092,17.356108571976534,5.698222378856581
1067,calcification,train,True,ok,0.4707489013671875,0.9997406005859375,0.0,118.56380668373797,97.8848205276056,20.678986156132368,40.227958082656194
1068,calcification,train,True,ok,0.4224090576171875,1.0,0.0,125.26496405736373,113.56748474361345,11.697479313750279,19.011574055319407
1069,calcification,train,True,ok,0.43206787109375,1.0,0.0,155.2823138861421,144.36617409994628,10.916139786195828,23.09054324884644
1070,calcification,train,True,ok,0.4635009765625,1.0,0.0,102.60929681327363,103.96635381114903,-1.3570569978754037,114.03919218691759
1071,calcification,train,True,ok,0.389129638671875,1.0,0.0,147.16822210022744,125.80866263675875,21.359559463468685,47.28497640847957
1072,calcification,train,True,ok,0.416839599609375,0.9534149169921875,0.0,176.27070063694268,150.7987597467162,25.471940890226477,75.78833663002004
1073,calcification,train,True,ok,0.41943359375,0.99945068359375,0.0,174.09967986030267,166.7421677880572,7.35751207224547,68.54009226048598
1074,calcification,train,True,ok,0.4429473876953125,1.0,0.0,149.58820489854972,148.34470101624345,1.2435038823062712,93.08395196595947
1075,calcification,train,True,ok,0.474151611328125,1.0,0.0,156.94358627791723,156.67509140502582,0.2684948728914094,96.45740162157716
1076,calcification,train,True,ok,0.433929443359375,1.0,0.0,153.10999367044096,157.0036929214513,-3.8936992510103323,146.46053778718792
1077,calcification,train,True,ok,0.365631103515625,1.0,0.0,137.31871296219015,128.67597536922113,8.642737592969013,103.11166892581183
1078,calcification,train,True,ok,0.37249755859375,1.0,0.0,120.19031623791578,114.88449567162728,5.305820566288503,43.43339389469196
1079,calcification,train,True,ok,0.4334869384765625,1.0,0.0,102.64546446548628,100.56142430037438,2.084040165111901,52.90714991416096
1080,calcification,train,True,ok,0.3865966796875,1.0,0.0,105.34997631828229,102.7628855721393,2.587090746142991,57.16656198977345
1081,calcification,train,True,ok,0.44708251953125,1.0,0.0,100.41501706484641,86.30740147919197,14.107615585654443,38.165332344281794
1082,calcification,train,True,ok,0.4188995361328125,0.955078125,0.0,118.31541179470368,96.61260930073786,21.70280249396582,30.21546619812428
1083,calcification,train,True,ok,0.3415679931640625,0.9963226318359375,0.0,157.50658923386197,147.92192533197377,9.584663901888206,45.53147990434721
1084,calcification,train,True,ok,0.47235107421875,1.0,0.0,143.33531464013438,137.9731058415269,5.362208798607497,6.146386478312865
1085,calcification,train,True,ok,0.2097320556640625,1.0,0.0,156.73772280829394,157.63534204784614,-0.8976192395521991,130.4507403261243
1086,calcification,train,True,ok,0.2102813720703125,1.0,0.0,122.27066250634932,131.91193121437541,-9.64126870802609,137.2750982932036
1087,calcification,train,True,ok,0.379730224609375,1.0,0.0,189.67829301615367,159.69190651906518,29.98638649708849,82.44487458841932
1088,calcification,train,True,ok,0.48333740234375,0.938201904296875,0.0,183.66056320242456,189.6684878913172,-6.007924688892643,113.87049654061283
1089,calcification,train,True,ok,0.3942108154296875,0.9764404296875,0.0,140.5413199148442,121.56182463917786,18.979495275666338,103.75554323585965
1090,calcification,train,True,ok,0.447174072265625,1.0,0.0,184.150617620965,171.3946453215567,12.755972299408285,76.10296713905366
1091,calcification,train,True,ok,0.414642333984375,1.0,0.0,201.14937072201369,190.66049736718628,10.488873354827405,30.8729720904992
1092,calcification,train,True,ok,0.466796875,1.0,0.0,179.12895528242677,165.68993246336996,13.439022819056817,75.53899984831789
1093,calcification,train,True,ok,0.4145660400390625,0.7581329345703125,0.0,205.14961905112443,94.9281674355566,110.22145161556783,73.54218735849747
1094,calcification,train,True,ok,0.46234130859375,0.9174041748046875,0.0,161.9323102310231,106.37123964127596,55.561070589747146,43.16094747515124
1095,calcification,train,True,ok,0.4809112548828125,1.0,0.0,138.18313925817813,134.72841647314735,3.454722785030782,90.92608516490837
1096,calcification,train,True,ok,0.4429473876953125,1.0,0.0,184.61314547521445,186.4983975675898,-1.8852520923753389,85.70529770770524
1097,calcification,train,True,ok,0.478363037109375,1.0,0.0,181.21103668261563,183.3260691511145,-2.1150324684988675,150.29814853923395
1098,calcification,train,True,ok,0.424102783203125,1.0,0.0,191.19457436856877,184.9765778178157,6.217996550753071,43.63456739514124
1099,calcification,train,True,ok,0.3926544189453125,1.0,0.0,155.14522208836902,146.52089038514686,8.624331703222168,31.033062887838184
1100,calcification,train,True,ok,0.4579010009765625,1.0,0.0,133.18537772001733,124.63481295915783,8.550564760859501,41.91761213712671
1101,calcification,train,True,ok,0.4477386474609375,1.0,0.0,139.9798248304536,106.07946287956234,33.90036195089125,13.946958747526603
1102,calcification,train,True,ok,0.430145263671875,1.0,0.0,145.00446967009577,126.28080651207625,18.72366315801952,24.38540951874985
1103,calcification,train,True,ok,0.494384765625,0.983856201171875,0.0,129.84703703703704,105.99396426846934,23.8530727685677,48.46921074437889
1104,calcification,train,True,ok,0.4535064697265625,0.9581451416015625,0.0,123.6991689377881,73.12709758481083,50.572071352977275,20.1279177694482
1105,calcification,train,True,ok,0.3152618408203125,1.0,0.0,154.80165529258022,141.978139275766,12.82351601681421,75.34717869082824
1106,calcification,train,True,ok,0.348785400390625,1.0,0.0,121.0269489894129,111.75807207460518,9.26887691480772,73.49514648685154
1107,calcification,train,True,ok,0.3983917236328125,0.9952392578125,0.0,92.33390784786855,91.28685925888351,1.0470485889850352,136.59622582980168
1108,calcification,train,True,ok,0.441192626953125,0.6641387939453125,0.00819672131147541,124.96804316248185,42.70659712740975,82.2614460350721,34.24962939930814
1109,calcification,train,True,ok,0.405364990234375,0.70367431640625,0.022171196265903786,115.42682375969284,66.56443418013856,48.862389579554275,83.26470120011695
1110,calcification,train,True,ok,0.3868255615234375,1.0,0.0,137.21695396631296,134.5926589523454,2.6242950139675543,38.5220139080228
1111,calcification,train,True,ok,0.382080078125,1.0,0.0,132.90203674121406,128.68241307783484,4.219623663379224,18.50323578046628
1112,calcification,train,True,ok,0.404205322265625,1.0,0.0,130.79139297848243,124.7739076986119,6.017485279870542,85.96246968739754
1113,calcification,train,True,ok,0.267181396484375,1.0,0.0,89.20194174757282,80.70289010119518,8.499051646377637,87.90579087679248
1114,calcification,train,True,ok,0.30938720703125,1.0,0.0,103.67863483921879,92.22220503756076,11.456429801658032,20.733974336290093
1115,calcification,train,True,ok,0.4527435302734375,0.65777587890625,0.13481176906743958,79.02527720670014,57.602230586923184,21.423046619776954,138.51030976120063
1116,calcification,train,True,ok,0.45123291015625,1.0,0.0,178.09722034356824,175.09389945501056,3.003320888557681,66.65901997843793
1117,calcification,train,True,ok,0.4886932373046875,1.0,0.0,133.66674992974677,122.15697275358859,11.509777176158181,112.44936649075653
1118,calcification,train,True,ok,0.4738311767578125,1.0,0.0,117.72666087012527,116.69645912478613,1.0302017453391414,53.48749842681627
1119,calcification,train,True,ok,0.4446258544921875,1.0,0.0,87.56542777720581,87.79448855674919,-0.22906077954337434,96.94829446210592
1120,calcification,train,True,ok,0.4704742431640625,1.0,0.0,122.49155126001362,122.02019998271042,0.47135127730319937,68.70725914287783
1121,calcification,train,True,ok,0.475616455078125,1.0,0.0,133.70086621751685,137.0023860792644,-3.3015198617475505,103.93818748113046
1122,calcification,train,True,ok,0.4442291259765625,1.0,0.0,105.54759042352214,104.35120665513548,1.196383768386653,28.440913883217416
1123,calcification,train,True,ok,0.47857666015625,1.0,0.0,123.29224588700421,120.02595692379727,3.2662889632069465,82.64458766608087
1124,calcification,train,True,ok,0.4550018310546875,1.0,0.0,110.81468191421577,110.64532295545538,0.16935895876038387,74.9574193364584
1125,calcification,train,True,ok,0.5016021728515625,1.0,0.0,86.63188635050041,84.86538284909531,1.7665035014050972,71.31086588070387
1126,calcification,train,True,ok,0.46099853515625,1.0,0.0,114.23493975903614,103.97947571056505,10.255464048471083,104.03927615104291
1127,calcification,train,True,ok,0.4268798828125,1.0,0.0,99.80468973405776,93.71682641107562,6.087863322982145,43.1727326670414
1128,calcification,train,True,ok,0.44696044921875,1.0,0.0,119.04919431926805,115.91024721333186,3.1389471059361966,15.093082644765461
1129,calcification,train,True,ok,0.501220703125,1.0,0.0,126.23900998538724,123.5335291238375,2.705480861549745,38.71679136811504
1130,calcification,train,True,ok,0.4435882568359375,1.0,0.0,124.94286402256544,122.89581790758261,2.047046114982834,19.113614745442376
1131,calcification,train,True,ok,0.4515533447265625,1.0,0.0,132.68117460210186,128.08018251119827,4.600992090903588,70.7553855109653
1132,calcification,train,True,ok,0.4422454833984375,1.0,0.0,143.7454024773143,138.03154323858507,5.7138592387292135,66.35492038296194
1133,calcification,train,True,ok,0.479827880859375,1.0,0.0,129.51116199198626,116.35866823115283,13.152493760833423,34.036022620395194
1134,calcification,train,True,ok,0.4031524658203125,1.0,0.0,184.4014231104046,174.11292343090886,10.288499679495743,97.53485175692133
1135,calcification,train,True,ok,0.44561767578125,1.0,0.0,169.97695521161484,158.06443355719475,11.91252165442009,35.56650226662692
1136,calcification,train,True,ok,0.435699462890625,1.0,0.0,173.33624010646494,166.14964036558325,7.1865997408816895,67.46981451070518
1137,calcification,train,True,ok,0.3253173828125,0.99505615234375,0.0,121.39437148217635,131.7242400940836,-10.329868611907244,68.17896401703744
1138,calcification,train,True,ok,0.313812255859375,1.0,0.0,114.34007585335019,127.31109628641316,-12.971020433062975,136.84826517653437
1139,calcification,train,True,ok,0.4520721435546875,1.0,0.0,85.23164680865426,82.54471023977275,2.6869365688815066,93.1319963771373
1140,calcification,train,True,ok,0.4512176513671875,1.0,0.0,91.45057657840452,94.85519254831085,-3.404615969906331,108.52328253308444
1141,calcification,train,True,ok,0.4441375732421875,0.99609375,0.0,169.45810286185454,161.88017788026022,7.577924981594322,64.89036775499207
1142,calcification,train,True,ok,0.4256591796875,1.0,0.0,167.34112417550904,165.67465462274177,1.6664695527672677,113.56417328974051
1143,calcification,train,True,ok,0.3624420166015625,1.0,0.0,126.16397928682693,127.26149390900605,-1.0975146221791192,106.3173284839887
1144,calcification,train,True,ok,0.3573150634765625,1.0,0.0,102.03621300764402,95.27825921793016,6.757953789713866,45.90262633005481
1145,calcification,train,True,ok,0.445556640625,1.0,0.0,120.45791095890411,107.59024108322325,12.86766987568086,40.64049515217442
1146,calcification,train,True,ok,0.488494873046875,1.0,0.0,125.56871993502843,116.04492572042241,9.523794214606013,23.9151848934052
1147,calcification,train,True,ok,0.488006591796875,1.0,0.0,133.12231880432742,123.37763008881207,9.744688715515352,57.638485764865734
1148,calcification,train,True,ok,0.3910675048828125,1.0,0.0,133.26368566857857,118.85268248678177,14.4110031817968,28.387360400415922
1149,calcification,train,True,ok,0.4730224609375,1.0,0.0,211.39248387096774,206.67158906648135,4.720894804486392,40.03344797003888
1150,calcification,train,True,ok,0.46929931640625,1.0,0.0,166.29831577578358,164.03950546290972,2.2588103128738624,114.26392378383885
1151,calcification,train,True,ok,0.4108734130859375,0.8261871337890625,0.0,148.31678241170573,89.82687974306509,58.48990266864064,94.89789125758993
1152,calcification,train,True,ok,0.3865966796875,0.9658660888671875,0.0,147.50039469529523,130.60987562189055,16.890519073404676,143.18296826072802
1153,calcification,train,True,ok,0.402069091796875,1.0,0.0,147.14888045540798,137.6017965599959,9.547083895412072,27.400590720564924
1154,calcification,train,True,ok,0.406280517578125,1.0,0.0,143.51318260347028,133.68982266769467,9.823359935775613,24.38181537016434
1155,calcification,train,True,ok,0.501953125,1.0,0.0,157.3229571984436,155.37162990196077,1.951327296482816,136.42142229807982
1156,calcification,train,True,ok,0.4102020263671875,1.0,0.0,120.44693672581185,105.85025741857035,14.596679307241502,41.8201622161201
1157,calcification,train,True,ok,0.34429931640625,0.7599639892578125,0.0,165.74685339478816,83.12503490645071,82.62181848833745,72.57854456254823
1158,calcification,train,True,ok,0.463653564453125,0.9397735595703125,0.0,130.2361943000066,83.17743954480797,47.05875475519862,26.982915166337992
1159,calcification,train,True,ok,0.3892059326171875,1.0,0.0,83.94903359861999,82.6453321342027,1.303701464417287,105.10862860835313
1160,calcification,train,True,ok,0.40863037109375,1.0,0.0,97.57565347274085,96.61487253586542,0.9607809368754374,1.4063688477317373
1161,calcification,train,True,ok,0.4482421875,1.0,0.0,135.16840277777777,129.94474557522125,5.223657202556524,16.724285264792925
1162,calcification,train,True,ok,0.457305908203125,1.0,0.0,145.75502168835501,143.40384074678065,2.35118094157437,4.82252397441116
1163,calcification,train,True,ok,0.4511260986328125,0.999603271484375,0.0,64.81376627769322,63.24030468988908,1.5734615878041396,108.24112648849284
1164,calcification,train,True,ok,0.3979949951171875,0.3989105224609375,0.40509143886822835,19.805888893148794,23.350315565356247,-3.5444266722074538,106.75377747520487
1165,calcification,train,True,ok,0.4672393798828125,1.0,0.0,153.15662453871525,144.7833595875698,8.373264951145444,131.42180079643097
1166,calcification,train,True,ok,0.4727630615234375,1.0,0.0,151.94254913985088,138.4496859896391,13.492863150211775,71.0114218674634
1167,calcification,train,True,ok,0.4487457275390625,1.0,0.0,136.99673569315516,127.1798654745758,9.816870218579353,37.83439955549936
1168,calcification,train,True,ok,0.4753875732421875,1.0,0.0,139.35419675814475,125.03661906285448,14.317577695290268,63.99992837002735
1169,calcification,train,True,ok,0.4515380859375,1.0,0.0,160.21921465260883,157.71288671266416,2.5063279399446685,108.22371128174187
1170,calcification,train,True,ok,0.3543853759765625,1.0,0.0,178.1134983853606,175.73779868119402,2.3756997041665784,123.22121876447035
1171,calcification,train,True,ok,0.454559326171875,1.0,0.0,156.9616649882511,147.42250881217478,9.539156176076318,47.265657861831336
1172,calcification,train,True,ok,0.3772430419921875,1.0,0.0,144.56825627957772,131.6978658760689,12.870390403508821,53.30854114812218
1173,calcification,train,True,ok,0.4449920654296875,1.0,0.0,190.3467064430957,169.35207434085723,20.994632102238484,57.857751794209925
1174,calcification,train,True,ok,0.451385498046875,0.90631103515625,0.0,130.68994658914204,108.5840240307059,22.105922558436134,114.64269529200715
1175,calcification,train,True,ok,0.434295654296875,0.999969482421875,0.0,201.6564893542267,189.51766736796677,12.138821986259927,47.83348160065402
1176,calcification,train,True,ok,0.4436492919921875,1.0,0.0,153.45131556319862,152.23082197416417,1.2204935890344473,146.37690242169208
1177,calcification,train,True,ok,0.4324493408203125,0.92822265625,0.0,101.46370981969585,89.24772146793924,12.215988351756607,106.69073548520763
1178,calcification,train,True,ok,0.4823760986328125,1.0,0.0,101.99243981906177,96.20216372372727,5.790276095334505,71.82009889219138
1179,calcification,train,True,ok,0.4499664306640625,1.0,0.0,125.1275390823697,125.84195633478514,-0.7144172524154442,106.63239519475168
1180,calcification,train,True,ok,0.2874755859375,0.9694976806640625,0.0,109.22515923566878,92.52443464108275,16.700724594586035,89.25167108499987
1181,calcification,train,True,ok,0.1088104248046875,0.8732147216796875,0.0,111.98064787547328,99.13349884427703,12.847149031196253,161.0538063360377
1182,calcification,train,True,ok,0.4104461669921875,0.9885101318359375,0.0,115.61849882895275,114.43709397727567,1.1814048516770868,62.98246091225815
1183,calcification,train,True,ok,0.349365234375,0.99609375,0.0,103.7694357092942,90.30222795497185,13.467207754322345,50.57389761691328
1184,calcification,train,True,ok,0.44964599609375,1.0,0.0,95.94292113479028,98.0969002994344,-2.153979164644113,120.73447603841551
1185,calcification,train,True,ok,0.4906463623046875,1.0,0.0,99.50085523246773,90.61439142026902,8.886463812198713,40.649248739547176
1186,calcification,train,True,ok,0.4983367919921875,1.0,0.0,125.4038396766588,119.57934118076467,5.824498495894133,98.505267354552
1187,calcification,train,True,ok,0.1408538818359375,0.8664398193359375,0.00010833062506770663,88.15198786696999,78.37700026640618,9.774987600563804,19.249137917559114
1188,calcification,train,True,ok,0.4317169189453125,1.0,0.0,91.28272010744708,88.80611121553044,2.4766088919166407,66.38549028295996
1189,calcification,train,True,ok,0.063812255859375,0.8653564453125,0.0,124.52415112386419,94.18458454216514,30.339566581699046,57.54718210138643
1190,calcification,train,True,ok,0.0835113525390625,0.7299957275390625,0.0,104.72428284304769,75.60619682666534,29.11808601638235,52.673573221642236
1191,calcification,train,True,ok,0.4580535888671875,0.9882659912109375,0.0,107.7267064192678,112.79435200045049,-5.067645581182688,112.30983931497899
1192,calcification,train,True,ok,0.4581756591796875,1.0,0.0,100.10400639424518,97.32093272128193,2.7830736729632406,7.723105483225677
1193,calcification,train,True,ok,0.05029296875,0.652099609375,0.0,88.36043689320388,55.0211439588689,33.339292934334985,120.82328375857642
1194,calcification,train,True,ok,0.3708343505859375,0.9888458251953125,0.0,107.37987079784389,89.93839885528581,17.44147194255808,72.89932031956553
1195,calcification,train,True,ok,0.448883056640625,1.0,0.0,172.48160989870146,139.36330915333076,33.1183007453707,4.9260982236916355
1196,calcification,train,True,ok,0.47430419921875,0.979034423828125,0.0,133.77885728992408,110.89939626146523,22.87946102845885,29.68551846060002
1197,calcification,train,True,ok,0.48968505859375,0.9927825927734375,0.0,145.62274086999875,121.98244827173784,23.640292598260913,15.612497793292563
1198,calcification,train,True,ok,0.4575347900390625,1.0,0.0,150.0058696014674,146.62408933644622,3.3817802650211775,27.33569740305622
1199,calcification,train,True,ok,0.471649169921875,0.5783843994140625,0.08945325137495956,125.12018764153996,37.560619187893494,87.55956845364646,55.75604901562689
1200,calcification,train,True,ok,0.5546112060546875,0.76202392578125,0.011252648086499574,159.49440118854375,73.83798691287814,85.65641427566561,90.90598663836836
1201,calcification,train,True,ok,0.44500732421875,1.0,0.0,91.06316006034838,83.13526888815572,7.927891172192659,92.24696275624157
1202,calcification,train,True,ok,0.44561767578125,0.937164306640625,0.0,88.53691275167785,80.29351535836177,8.243397393316073,114.77927293302768
1203,calcification,train,True,ok,0.37078857421875,1.0,0.0,127.61839506172839,113.09084295275973,14.527552108968663,20.201913342424625
1204,calcification,train,True,ok,0.40155029296875,1.0,0.0,138.88011095911233,135.5269250382458,3.3531859208665367,113.71632767492162
1205,calcification,train,True,ok,0.471343994140625,1.0,0.0,144.08585302686953,146.47843906944524,-2.392586042575715,40.28680374244524
1206,calcification,train,True,ok,0.371734619140625,1.0,0.0,165.92192759215172,131.08825958128915,34.83366801086257,32.269077764576565
1207,calcification,train,True,ok,0.4790496826171875,1.0,0.0,116.65453097627011,113.75155970826864,2.9029712680014654,134.10137070007787
1208,calcification,train,True,ok,0.4042510986328125,1.0,0.0,118.53987845846072,122.08255000896447,-3.542671550503755,83.01883671597675
1209,calcification,train,True,ok,0.291595458984375,0.9787445068359375,0.0,154.73249607535323,136.15672252617068,18.575773549182543,100.87188377618784
1210,calcification,train,True,ok,0.2350311279296875,0.9881134033203125,0.0,109.67740050639486,107.68180639498932,1.9955941114055378,103.3404256769207
1211,calcification,train,True,ok,0.39739990234375,1.0,0.0,104.20315619720473,106.13271042236403,-1.9295542251592934,21.814538432846415
1212,calcification,train,True,ok,0.398223876953125,1.0,0.0,137.77048049658978,134.8587656574877,2.911714839102075,43.01836731203949
1213,calcification,train,True,ok,0.4777374267578125,1.0,0.0,148.21849947299498,142.97870102550618,5.239798447488795,21.157648130265493
1214,calcification,train,True,ok,0.42645263671875,1.0,0.0,150.1449835408616,147.0757422581675,3.069241282694094,42.41558121240905
1215,calcification,train,True,ok,0.4787445068359375,1.0,0.0,157.69469322709162,144.08032551740288,13.614367709688736,75.49436555221187
1216,calcification,train,True,ok,0.454437255859375,1.0,0.0,101.95628231817876,85.45175364994127,16.504528668237498,38.172414267825275
1217,calcification,train,True,ok,0.3782806396484375,0.99957275390625,0.0,179.45399540155702,110.6098662412566,68.84412916030043,25.934865161195056
1218,calcification,train,True,ok,0.4774322509765625,1.0,0.0,210.86969861612707,172.62974859111748,38.23995002500959,30.132532274842788
1219,calcification,train,True,ok,0.4543609619140625,1.0,0.0,166.18178459885146,158.3366425235605,7.8451420752909655,19.099908804980707
1220,calcification,train,True,ok,0.501556396484375,1.0,0.0,139.64675996349254,139.78016898304048,-0.1334090195479405,46.82056962636908
1221,calcification,train,True,ok,0.3820343017578125,1.0,0.0,140.32631705076486,137.3448480209388,2.9814690298260587,71.25234753885319
1222,calcification,train,True,ok,0.414459228515625,1.0,0.0,138.33167660702452,122.17545734090791,16.156219266116608,42.087371392427
1223,calcification,train,True,ok,0.253936767578125,1.0,0.0,183.70219925489724,168.9312390068311,14.770960248066132,48.38463850759323
1224,calcification,train,True,ok,0.4280548095703125,0.9027557373046875,0.0,153.36299148041206,83.08729290611744,70.27569857429462,8.496537536676373
1225,calcification,train,True,ok,0.3729705810546875,0.840576171875,0.0,146.74581679826534,70.1559876377972,76.58982916046814,25.654210428635245
1226,calcification,train,True,ok,0.3116455078125,1.0,0.0,126.62504896200548,124.79098687710587,1.8340620848996139,149.25088090893613
1227,calcification,train,True,ok,0.360870361328125,1.0,0.0,117.65023255813954,113.31602444730936,4.3342081108301755,147.11610578322717
1228,calcification,train,True,ok,0.4486541748046875,1.0,0.0,184.17454001292384,168.35646085295988,15.818079159963958,56.38083316088458
1229,calcification,train,True,ok,0.4917755126953125,0.870208740234375,0.010208197586025008,133.19041856712897,102.17110517308674,31.01931339404223,155.0448179985973
1230,calcification,train,True,ok,0.4513092041015625,0.9999847412109375,0.0,188.95455928593162,147.7082232542618,41.24633603166981,27.810855711771186
1231,calcification,train,True,ok,0.477935791015625,1.0,0.0,147.56190537002746,132.80317998480155,14.758725385225915,82.08328817656893
1232,calcification,train,True,ok,0.42071533203125,1.0,0.0,160.5067459741767,139.25798124539037,21.24876472878634,46.56226069664786
1233,calcification,train,True,ok,0.454254150390625,0.9212646484375,0.0,142.1689620423245,125.87675445954258,16.292207582781913,88.92066470486856
1234,calcification,train,True,ok,0.4707794189453125,0.99957275390625,0.0,139.8365799111918,113.14684427529338,26.689735635898415,67.23502209840005
1235,calcification,train,True,ok,0.4621429443359375,1.0,0.0,179.50328523789085,172.66069959431474,6.842585643576115,4.493588216075876
1236,calcification,train,True,ok,0.4150848388671875,1.0,0.0,219.98066389736425,218.77805024391517,1.2026136534490774,101.97791757849987
1237,calcification,train,True,ok,0.4311065673828125,1.0,0.0,156.57997380809118,144.06080519271518,12.519168615376003,53.10181733801154
1238,calcification,train,True,ok,0.455780029296875,1.0,0.0,171.13411449614998,163.464980653844,7.669133842305968,40.98338167688002
1239,calcification,train,True,ok,0.4273681640625,1.0,0.0,129.93019851471007,131.9857972713707,-2.055598756660629,50.44363032797953
1240,calcification,train,True,ok,0.48553466796875,1.0,0.0,145.0109993714645,140.86688812433266,4.144111247131832,24.01951501409545
1241,calcification,train,True,ok,0.4506988525390625,1.0,0.0,152.29674645360058,138.26272952026446,14.034016933336119,28.482046187906406
1242,calcification,train,True,ok,0.402618408203125,0.9989471435546875,0.0,161.2654437959524,158.15067688378033,3.1147669121720583,21.95613907575623
1243,calcification,train,True,ok,0.4671173095703125,1.0,0.0,150.30281253062424,146.85974858975462,3.443063940869621,43.75447199020337
1244,calcification,train,True,ok,0.419830322265625,1.0,0.0,122.38645780330013,117.60862132449634,4.777836478803792,32.64933211783015
1245,calcification,train,True,ok,0.4310455322265625,1.0,0.0,162.68388261531382,143.13489956285034,19.548983052463484,60.61875440851195
1246,calcification,train,True,ok,0.437835693359375,1.0,0.0,163.31163309402663,145.29935942674123,18.0122736672854,95.54917714124458
1247,calcification,train,True,ok,0.4005584716796875,0.9989471435546875,0.0,176.9387451906594,151.83194603538246,25.106799155276946,22.971962191234354
1248,calcification,train,True,ok,0.284515380859375,1.0,0.0,172.46889413278987,154.91872467477074,17.550169458019127,7.165933288912227
1249,calcification,train,True,ok,0.4038238525390625,0.929290771484375,0.0,176.25161534101645,116.63678943461903,59.614825906397414,33.84408230504294
1250,calcification,train,True,ok,0.42578125,0.9296417236328125,0.0,153.21749569954127,91.97863520408163,61.23886049545965,38.33819079624532
1251,calcification,train,True,ok,0.4589080810546875,0.99713134765625,0.0,129.06543640897755,113.93085361382927,15.134582795148276,121.59005085101494
1252,calcification,train,True,ok,0.4832000732421875,1.0,0.0,127.87453816275618,112.66777879476808,15.206759367988099,82.67823633445126
1253,calcification,train,True,ok,0.4592132568359375,1.0,0.0,116.87014454228277,112.81168702914704,4.058457513135735,79.21557283480546
1254,calcification,train,True,ok,0.47064208984375,0.9581146240234375,0.0,77.00940215276877,70.90447365386832,6.104928498900449,141.43138358047244
1255,calcification,train,True,ok,0.483306884765625,0.6815032958984375,0.0,155.64412451853255,65.01946134309846,90.6246631754341,103.81158834033258
1256,calcification,train,True,ok,0.5380401611328125,0.7579193115234375,0.009103542157057372,167.3288051955418,88.39831544178365,78.93048975375815,109.71243510342713
1257,calcification,train,True,ok,0.2750244140625,1.0,0.0,158.5226919662672,144.34742801818487,14.175263948082318,34.89082994750408
1258,calcification,train,True,ok,0.415557861328125,0.9995880126953125,0.0,203.47315855181023,188.1104380972273,15.362720454582927,83.33089946740999
1259,calcification,train,True,ok,0.4891204833984375,0.7476654052734375,0.1434097644673218,111.601559819061,102.49828260804635,9.103277211014642,102.47414919602087
1260,calcification,train,True,ok,0.505645751953125,0.8934783935546875,0.0,159.9434787856841,121.76603494042843,38.17744384525568,83.19738165956734
1261,calcification,train,True,ok,0.498321533203125,0.988250732421875,0.0,166.9905383060812,161.71348622178965,5.27705208429154,90.70586593946064
1262,calcification,train,True,ok,0.447357177734375,1.0,0.0,139.7570775632717,131.66251587608372,8.09456168718799,29.454640898096436
1263,calcification,train,True,ok,0.4750213623046875,1.0,0.0,153.31357810542545,143.63827931986629,9.675298785559164,8.560066756020834
1264,calcification,train,True,ok,0.430633544921875,1.0,0.0,130.7099780313231,117.54105697593397,13.16892105538912,47.16600694991874
1265,calcification,train,True,ok,0.493804931640625,1.0,0.0,155.9308757184352,144.32245131729667,11.608424401138535,65.58443007535364
1266,calcification,train,True,ok,0.4297332763671875,1.0,0.0,156.15523914355714,131.8784148984561,24.27682424510104,89.77995181504785
1267,calcification,train,True,ok,0.3371124267578125,0.94329833984375,0.0,132.1787443986783,92.80986580116475,39.36887859751356,15.733485514819012
1268,calcification,train,True,ok,0.4795684814453125,1.0,0.0,124.6697635941328,122.55680652065558,2.1129570734772187,24.7437960503301
1269,calcification,train,True,ok,0.4209136962890625,1.0,0.0,134.27040058002538,139.92353297673316,-5.653132396707775,133.5456677178792
1270,calcification,train,True,ok,0.470855712890625,1.0,0.0,165.09974722924363,164.10456197012516,0.9951852591184718,127.97959099504531
1271,calcification,train,True,ok,0.4006500244140625,1.0,0.0,134.28102982061927,131.89291988085236,2.388109939766906,68.1133908116071
1272,calcification,train,True,ok,0.4625244140625,1.0,0.0,172.59243863816312,177.84953440835793,-5.257095770194809,142.06742538164278
1273,calcification,train,True,ok,0.453643798828125,1.0,0.0,128.69505549949545,121.4644472993353,7.230608200160148,61.96346632351402
1274,calcification,train,True,ok,0.4026641845703125,1.0,0.0,208.13831520709385,204.0285590211255,4.109756185968365,87.10808187451222
1275,calcification,train,True,ok,0.4546966552734375,1.0,0.0,115.77885163931676,110.66211489492683,5.116736744389925,135.29417152819073
1276,calcification,train,True,ok,0.449981689453125,1.0,0.0,100.6302475415395,93.54835487987572,7.081892661663787,45.70166751102067
1277,calcification,train,True,ok,0.47216796875,1.0,0.0,84.27342942088934,84.53026711378354,-0.25683769289419445,35.813284810136096
1278,calcification,train,True,ok,0.477386474609375,0.9242401123046875,0.0,169.12443265358309,181.98785401459855,-12.863421361015469,116.12904844029977
1279,calcification,train,True,ok,0.4554901123046875,0.98565673828125,0.0,144.4422297410472,125.08406893652796,19.358160804519258,106.97429508909117
1280,calcification,train,True,ok,0.4285888671875,0.77606201171875,0.056857020791797205,68.96055254913131,67.21613971373638,1.7444128353949253,133.05800582561932
1281,calcification,train,True,ok,0.4364776611328125,0.93255615234375,0.0,146.2791819611956,105.49573529013566,40.78344667105995,26.55957205949562
1282,calcification,train,True,ok,0.4297332763671875,0.811553955078125,0.0,114.21581507651884,53.24450806732133,60.97130700919751,94.49338997952455
1283,calcification,train,True,ok,0.455413818359375,0.915435791015625,0.0,175.86956376063793,112.4165032221911,63.453060538446834,26.673118854045658
1284,calcification,train,True,ok,0.293487548828125,0.6799774169921875,0.0021316418841634604,185.12171155245917,89.83264221847868,95.28906933398049,75.16416549795717
1285,calcification,train,True,ok,0.3230743408203125,0.813873291015625,0.0008501393283899306,164.65389883341993,101.94177580416113,62.712123029258805,28.665966676594746
1286,calcification,train,True,ok,0.4365234375,1.0,0.0,185.84570749440715,183.41830047660312,2.427407017804029,118.99041913379851
1287,calcification,train,True,ok,0.4316253662109375,0.9527130126953125,0.0,110.8334570650829,90.95908614996375,19.874370915119144,130.78035519207967
1288,calcification,train,True,ok,0.496795654296875,1.0,0.0,151.41845322194237,148.43983868033234,2.9786145416100283,78.91873088483793
1289,calcification,train,True,ok,0.445648193359375,1.0,0.0,134.3250359515168,149.31849710982658,-14.99346115830977,132.4259994552835
1290,calcification,train,True,ok,0.402099609375,1.0,0.0,114.3383803885853,116.88245202123316,-2.5440716326478565,61.62007977760525
1291,calcification,train,True,ok,0.3716278076171875,1.0,0.0,121.40180661055224,118.60047109103714,2.8013355195151064,54.4863081020373
1292,calcification,train,True,ok,0.4620819091796875,0.9485626220703125,0.0,202.2087970148268,186.7325050350325,15.476291979794325,120.86467785284458
1293,calcification,train,True,ok,0.5149688720703125,1.0,0.0,179.01774867403478,166.9296882373297,12.088060436705064,77.89876656809382
1294,calcification,train,True,ok,0.4495849609375,1.0,0.0,145.07347950040727,149.91694388999778,-4.843464389590508,125.08862679500179
1295,calcification,train,True,ok,0.439666748046875,1.0,0.0,160.7122926355244,159.3568160775557,1.3554765579687,47.81454628085399
1296,calcification,train,True,ok,0.452392578125,1.0,0.0,153.9558486238532,147.6617532322782,6.294095391575013,75.71462698858882
1297,calcification,train,True,ok,0.384063720703125,0.999755859375,0.0,146.68931267381805,131.8163058019125,14.873006871905545,61.682083413302166
1298,calcification,train,True,ok,0.1431427001953125,1.0,0.0,110.16170983903635,98.97268275309412,11.189027085942229,85.31618172180822
1299,calcification,train,True,ok,0.156951904296875,1.0,0.0,124.28524207660898,104.61746606334842,19.667776013260564,27.657389076803213
1300,calcification,train,True,ok,0.232269287109375,0.9972991943359375,0.0,152.0810668768887,142.89068648885,9.190380388038704,105.94808694755044
1301,calcification,train,True,ok,0.205078125,1.0,0.0,128.82388392857143,117.31597435503686,11.507909573534576,52.42900746237391
1302,calcification,train,True,ok,0.167022705078125,1.0,0.0,93.42371642609173,80.36917017768822,13.054546248403511,81.41404333471192
1303,calcification,train,True,ok,0.3409271240234375,1.0,0.0,90.86886273105671,80.96094274535226,9.907919985704453,59.470726263863796
1304,calcification,train,True,ok,0.4486083984375,1.0,0.0,133.87421768707483,131.65948085012175,2.2147368369530795,46.368140232670584
1305,calcification,train,True,ok,0.44927978515625,1.0,0.0,121.91682515962505,121.46215227751303,0.45467288211202117,127.02678045175657
1306,calcification,train,True,ok,0.4443359375,0.99835205078125,0.0,152.67324862637363,142.530783172232,10.142465454141643,62.51665940937359
1307,calcification,train,True,ok,0.44073486328125,0.9999542236328125,0.0,135.32540506855005,126.07764924151479,9.247755827035263,85.51274225243301
1308,calcification,train,True,ok,0.442291259765625,1.0,0.0,127.79365900779686,102.25709986320109,25.53655914459577,42.62836515097382
1309,calcification,train,True,ok,0.41412353515625,1.0,0.0,85.57354458364038,83.16600687571622,2.4075377079241633,133.00811743835067
1310,calcification,train,True,ok,0.4731597900390625,1.0,0.0,114.7279821987165,107.86671300721174,6.861269191504761,125.18307268106415
1311,calcification,train,True,ok,0.46893310546875,1.0,0.0,134.04809319276325,120.76637742788185,13.281715764881397,96.29896861731993
1312,calcification,train,True,ok,0.4216156005859375,0.98602294921875,0.0,80.05779740146936,82.26318427648067,-2.205386875011314,125.77599182715967
1313,calcification,train,True,ok,0.45684814453125,1.0,0.0,147.71723446893787,139.7852005843353,7.932033884602561,104.62623722110392
1314,calcification,train,True,ok,0.3689422607421875,0.918121337890625,0.0,165.94532445510566,104.65604371690404,61.289280738201626,9.660770797420307
1315,calcification,train,True,ok,0.31951904296875,1.0,0.0,135.8865329512894,122.04083325858821,13.845699692701203,108.98663369046872
1316,calcification,train,True,ok,0.4748382568359375,0.785919189453125,0.0,206.6687554227321,209.1579161460906,-2.489160723358509,114.22065776281909
1317,calcification,train,True,ok,0.3882904052734375,0.9836273193359375,0.0,135.3501788030023,94.25308688168825,41.09709192131406,46.21069634394275
1318,calcification,train,True,ok,0.4532318115234375,0.9100799560546875,0.006968993031006969,134.94202605797395,91.8598219518321,43.082204106141845,39.75673831195427
1319,calcification,train,True,ok,0.450225830078125,1.0,0.0,133.1036060462279,117.6970024979184,15.40660354830949,17.771224672750094
1320,calcification,train,True,ok,0.473358154296875,1.0,0.0,136.84133840500292,136.66178941878658,0.1795489862163322,55.608806219204894
1321,calcification,train,True,ok,0.433563232421875,1.0,0.0,116.55025691560499,106.41845805721674,10.131798858388251,29.54649106783807
1322,calcification,train,True,ok,0.4558868408203125,1.0,0.0,101.66338655152794,89.89483720799798,11.768549343529955,33.498874825867205
1323,calcification,train,True,ok,0.4532470703125,1.0,0.0,147.77804336116347,140.52483813351193,7.253205227651534,64.0309738738457
1324,calcification,train,True,ok,0.3953704833984375,0.9871063232421875,0.0,72.34695689089575,61.36078233438486,10.986174556510896,42.91549986737571
1325,calcification,train,True,ok,0.31561279296875,1.0,0.0,126.65644942951073,124.78172656737715,1.8747228621335807,49.65040726786226
1326,calcification,train,True,ok,0.4849090576171875,1.0,0.0,132.15579470719658,133.14604378351157,-0.9902490763149956,14.781621196596507
1327,calcification,train,True,ok,0.4448089599609375,1.0,0.0,151.989434324723,137.75297512711282,14.236459197610174,77.8415572318631
1328,calcification,train,True,ok,0.4591827392578125,1.0,0.0,189.68474396038945,181.12425584741698,8.560488112972479,129.1875034587741
1329,calcification,train,True,ok,0.5178985595703125,1.0,0.0,178.91346748769925,185.0751068206995,-6.161639333000238,81.79414861180993
1330,calcification,train,True,ok,0.458251953125,1.0,0.0,156.213805274374,135.26613902658855,20.947666247785463,115.29056146103522
1331,calcification,train,True,ok,0.4764251708984375,0.988861083984375,0.0,167.5413957659418,131.75204732900067,35.78934843694111,17.583852551951658
1332,calcification,train,True,ok,0.4244384765625,1.0,0.0,133.6143586425079,126.87741251325556,6.736946129252345,115.0537964967908
1333,calcification,train,True,ok,0.5064697265625,0.9916839599609375,0.0,171.3871716076163,165.09893643334158,6.288235174274718,117.15104677342053
1334,calcification,train,True,ok,0.4521026611328125,1.0,0.0,158.83175267474434,154.22458016542734,4.607172509316996,27.099331893243946
1335,calcification,train,True,ok,0.4434814453125,1.0,0.0,164.28495733553538,160.49577758280324,3.7891797527321387,67.50498637138614
1336,calcification,train,True,ok,0.2124176025390625,0.9696807861328125,0.0,103.58875080813159,103.80949336433207,-0.22074255620047722,114.7666120900848
1337,calcification,train,True,ok,0.3314971923828125,0.99609375,0.0,137.95433831990795,141.69427769281688,-3.7399393729089354,90.05228207071507
1338,calcification,train,True,ok,0.497222900390625,0.9200286865234375,0.0,55.12959553182348,52.44321699544765,2.686378536375834,115.47331576798508
1339,calcification,train,True,ok,0.135162353515625,0.91387939453125,0.0,121.69993226461955,95.77892656762765,25.921005696991898,56.42472294014138
1340,calcification,train,True,ok,0.1019439697265625,0.7818756103515625,0.0,83.98967220475977,75.76122674369212,8.22844546106765,102.13380124857906
1341,calcification,train,True,ok,0.4452972412109375,0.94329833984375,0.0,43.52732755371278,41.796467966880314,1.7308595868324659,62.070881724646256
1342,calcification,train,True,ok,0.34710693359375,1.0,0.0,146.11939511165818,144.8702673646817,1.2491277469764839,113.36422603979815
1343,calcification,train,True,ok,0.4552001953125,1.0,0.0,142.28134218289085,134.7457427739189,7.535599408971962,43.32638283885582
1344,calcification,train,True,ok,0.465057373046875,1.0,0.0,131.80172583502855,117.49706201152377,14.304663823504782,12.8545756280545
1345,calcification,train,True,ok,0.386016845703125,1.0,0.0,142.2011226183888,115.6887022217804,26.512420396608405,23.23078273744503
1346,calcification,train,True,ok,0.361083984375,0.8700408935546875,0.0,126.03063725490196,72.21599159342759,53.81464566147437,30.968181530663475
1347,calcification,train,True,ok,0.37945556640625,0.819793701171875,0.0,114.86645488177578,82.90503590046228,31.9614189813135,82.8553568589367
1348,calcification,train,True,ok,0.4479522705078125,1.0,0.0,162.74653404639437,155.85770750988144,6.888826536512937,22.990275112624115
1349,calcification,train,True,ok,0.4612884521484375,1.0,0.0,147.2045251562965,140.62954255771137,6.574982598585137,6.983848546212145
1350,calcification,train,True,ok,0.46923828125,0.9973297119140625,0.0,132.74808142559834,121.29119710211592,11.456884323482427,110.71943868493693
1351,calcification,train,True,ok,0.3536834716796875,1.0,0.0,147.05202985460977,145.40779564180656,1.6442342128032124,105.39345221998143
1352,calcification,train,True,ok,0.466400146484375,1.0,0.0,108.0232284237388,98.1938804689734,9.829347954765396,49.05560330726474
1353,calcification,train,True,ok,0.4154510498046875,1.0,0.0,164.71627428655378,140.36649351327364,24.349780773280145,110.21440751635758
1354,calcification,train,True,ok,0.2367401123046875,1.0,0.0,174.03931679020303,159.4811779052798,14.558138884923238,8.276525084327128
1355,calcification,train,True,ok,0.4261932373046875,1.0,0.0,170.219111381619,171.82635287860657,-1.6072414969875695,86.46542348814398
1356,calcification,train,True,ok,0.1683502197265625,1.0,0.0,167.98984863591045,153.6453956662936,14.344452969616839,9.653757173281148
1357,calcification,train,True,ok,0.4836883544921875,1.0,0.0,175.39666866462665,170.73218665957384,4.664482005052804,102.57897496442152
1358,calcification,train,True,ok,0.5027923583984375,1.0,0.0,159.67075354313982,159.67580174927113,-0.005048206131306188,63.31423366795255
1359,calcification,train,True,ok,0.469207763671875,1.0,0.0,174.14969105691057,171.46800436957398,2.681686687336594,57.80847145472165
1360,calcification,train,True,ok,0.4357147216796875,1.0,0.0,150.89154263701627,146.94429571942348,3.9472469175927927,38.84972287116343
1361,calcification,train,True,ok,0.4017333984375,1.0,0.0,150.3704800972349,149.1266323199347,1.243847777300175,75.82359241359802
1362,calcification,train,True,ok,0.42919921875,1.0,0.0,159.53896473265073,158.14387296834903,1.3950917643016965,57.04564214369627
1363,calcification,train,True,ok,0.6097869873046875,1.0,0.0,162.14100543002277,148.36120126696125,13.779804163061527,11.35930122319323
1364,calcification,train,True,ok,0.466033935546875,1.0,0.0,161.19943029271167,128.86717723038234,32.33225306232933,13.442247128557298
1365,calcification,train,True,ok,0.4850311279296875,1.0,0.0,157.5340862616793,126.45553942339032,31.078546838288986,36.613732048078916
1366,calcification,train,True,ok,0.4457244873046875,0.738494873046875,0.00023963575365444525,40.388826127143886,30.497866483138335,9.890959644005552,80.97520751039002
1367,calcification,train,True,ok,0.4864959716796875,1.0,0.0,137.45453690054262,109.05749858853594,28.397038312006686,14.163468998280914
1368,calcification,train,True,ok,0.4630584716796875,1.0,0.0,149.64757636669194,125.27127795617949,24.376298410512447,22.987479382444118
1369,calcification,train,True,ok,0.397308349609375,1.0,0.0,142.45767724095552,117.15810927135551,25.299567969600005,27.630267138037365
1370,calcification,train,True,ok,0.5167999267578125,1.0,0.0,119.85756886828663,98.75065525626046,21.106913612026176,21.92148488191405
1371,calcification,train,True,ok,0.4723052978515625,1.0,0.0,139.30262010144412,110.6943295838996,28.608290517544518,28.70782967322575
1372,calcification,train,True,ok,0.5264129638671875,1.0,0.0,147.2960665526537,135.68521442149694,11.610852131156776,23.066801727299033
1373,calcification,train,True,ok,0.4459381103515625,1.0,0.0,150.14699743370403,144.89146539616095,5.255532037543077,34.36121521286598
1374,calcification,train,True,ok,0.4239349365234375,1.0,0.0,152.82824029082533,144.99231849124573,7.835921799579609,46.13626044750218
1375,calcification,train,True,ok,0.469818115234375,1.0,0.0,149.30240337772003,146.1523340816209,3.150069296099133,85.90690300173739
1376,calcification,train,True,ok,0.4236602783203125,1.0,0.0,124.06014766792724,123.64636890736278,0.41377876056445473,41.46958337303959
1377,calcification,train,True,ok,0.4489288330078125,1.0,0.0,185.4728935114374,164.77053855738612,20.702354954051287,51.48356087705547
1378,calcification,train,True,ok,0.465789794921875,1.0,0.0,167.1231409290441,169.49602970579835,-2.3728887767542517,128.90357720219393
1379,calcification,train,True,ok,0.4727020263671875,1.0,0.0,133.08102262823203,126.71539774864716,6.365624879584871,135.618533751347
1380,calcification,train,True,ok,0.4142608642578125,1.0,0.0,111.34130170540351,98.77242295568813,12.568878749715381,55.834441507983314
1381,calcification,train,True,ok,0.4581298828125,1.0,0.0,145.80732081001864,147.98552601937374,-2.1782052093550988,83.37185050983102
1382,calcification,train,True,ok,0.4693450927734375,0.9923248291015625,0.0,129.32751389837122,105.58348908761538,23.744024810755846,33.24050939684165
1383,calcification,train,True,ok,0.38592529296875,0.7282562255859375,0.003400284674996046,113.56709631504033,81.29405625683331,32.273040058207016,80.91086372629056
1384,calcification,train,True,ok,0.4430999755859375,0.8141632080078125,0.0,115.10489341919488,60.80384689152533,54.30104652766955,20.347929296667115
1385,calcification,train,True,ok,0.3605804443359375,0.94525146484375,0.0,121.70817993313868,84.73800262498509,36.970177308153595,52.59548065883048
1386,calcification,train,True,ok,0.531219482421875,0.6352691650390625,0.008875739644970414,104.97391853851899,17.084955406549053,87.88896313196993,11.831588609316302
1387,calcification,train,True,ok,0.5370330810546875,0.6930084228515625,0.023043045887199888,113.59982952123882,37.966975379849046,75.63285414138977,140.05433965366313
1388,calcification,train,True,ok,0.454254150390625,0.63189697265625,0.0,205.6460866644273,94.6529944640161,110.99309220041118,16.74625553678192
1389,calcification,train,True,ok,0.3263092041015625,0.7024078369140625,0.0,182.52971709141923,93.06287513306607,89.46684195835316,18.62429586962578
1390,calcification,train,True,ok,0.322052001953125,1.0,0.0,108.79105467639533,103.52617600720234,5.264878669192996,69.3137302542704
1391,calcification,train,True,ok,0.462432861328125,0.999969482421875,0.0,65.92064277700786,61.50068123758161,4.419961539426247,119.5627436714304
1392,calcification,train,True,ok,0.3761138916015625,0.9995269775390625,0.0,124.79690859669763,99.24208183530217,25.55482676139546,82.87905813283382
1393,calcification,train,True,ok,0.2581024169921875,1.0,0.0,148.5544191545965,101.51897328314925,47.03544587144725,54.454981348758594
1394,calcification,train,True,ok,0.4345855712890625,1.0,0.0,165.19430497524667,165.79991903926594,-0.605614064019278,142.05673179399548
1395,calcification,train,True,ok,0.4640350341796875,1.0,0.0,144.10062148564663,134.97446263345196,9.126158852194663,35.713060797687
1396,calcification,train,True,ok,0.2910614013671875,0.776153564453125,0.0,88.09410222804718,66.73874862788145,21.355353600165728,121.72108750435419
1397,calcification,train,True,ok,0.3733673095703125,0.860809326171875,0.0,94.36703584126855,78.60980836194511,15.757227479323433,151.71897133804723
1398,calcification,train,True,ok,0.43524169921875,1.0,0.0,184.34518300378627,179.61553009834648,4.729652905439792,50.216254138617714
1399,calcification,train,True,ok,0.456390380859375,1.0,0.0,195.8921096623203,193.84845337674733,2.043656285572979,84.83199085893294
1400,calcification,train,True,ok,0.459136962890625,0.989715576171875,0.0,161.2958457959455,139.7981718670654,21.49767392888009,65.25040621586378
1401,calcification,train,True,ok,0.45526123046875,1.0,0.0,166.20307681994905,156.07408963585434,10.128987184094711,38.12397683772885
1402,calcification,train,True,ok,0.4109954833984375,1.0,0.0,123.69099684425468,119.43695759177223,4.254039252482457,37.20705252192219
1403,calcification,train,True,ok,0.4555511474609375,0.9979095458984375,0.0,159.1982247529727,157.97839186121465,1.2198328917580454,67.4895574464194
1404,calcification,train,True,ok,0.4943389892578125,0.96441650390625,0.0,128.71741210605921,107.19795407224116,21.519458033818054,105.92359148373174
1405,calcification,train,True,ok,0.454620361328125,1.0,0.0,109.20584681479492,103.94317609535001,5.2626707194449125,38.01417873497219
1406,calcification,train,True,ok,0.470611572265625,1.0,0.0,94.98534465987939,93.29771718452758,1.6876274753518032,26.11099265246274
1407,calcification,train,True,ok,0.2797088623046875,0.9896697998046875,0.0,136.93797392395396,103.52617307488613,33.41180084906783,77.66957044093135
1408,calcification,train,True,ok,0.3164215087890625,0.99993896484375,0.0,192.63803828904855,170.42813455657492,22.209903732473634,37.377341316198944
1409,calcification,train,True,ok,0.4537353515625,1.0,0.0,198.20799704062415,195.62027932960893,2.587717711015216,117.68657110376907
1410,calcification,train,True,ok,0.4152374267578125,1.0,0.0,168.1213023187447,168.57534639772462,-0.45404407897990495,22.059355825711446
1411,calcification,train,True,ok,0.4489898681640625,1.0,0.0,125.3654375531011,121.91243665365124,3.4530008994498615,92.80598919100936
1412,calcification,train,True,ok,0.443603515625,1.0,0.0,133.46357319757843,135.35651601579642,-1.892942818217989,117.79959714749761
1413,calcification,train,True,ok,0.48870849609375,1.0,0.0,148.83139752716374,149.68837292586844,-0.8569753987046909,12.301458755078242
1414,calcification,train,True,ok,0.44158935546875,1.0,0.0,205.59194885970973,201.45365613728276,4.138292722426968,101.78967646862614
1415,calcification,train,True,ok,0.46087646484375,1.0,0.0,141.46020394649716,122.61666477980302,18.843539166694143,41.47636873364699
1416,calcification,train,True,ok,0.312835693359375,1.0,0.0,130.33138230416546,130.0772083314829,0.25417397268256536,95.25341433506672
1417,calcification,train,True,ok,0.3643798828125,1.0,0.0,136.49811557788945,139.6242798156328,-3.126164237743353,69.85297040992289
1418,calcification,train,True,ok,0.182525634765625,1.0,0.0,181.86674469152317,175.50776496061522,6.358979730907947,24.89731241746362
1419,calcification,train,True,ok,0.228179931640625,1.0,0.0,145.4721813561589,142.6661658297418,2.8060155264170987,81.10030527801243
1420,calcification,train,True,ok,0.3246002197265625,1.0,0.0,124.31086353593757,119.78225606036645,4.528607475571121,10.840756294686525
1421,calcification,train,True,ok,0.4625396728515625,0.9951934814453125,0.0,187.30247748490746,180.99608210544247,6.306395379464988,47.820701003296314
1422,calcification,train,True,ok,0.230224609375,1.0,0.0,157.92656415694591,147.5140144307009,10.412549726245004,7.595349014815497
1423,calcification,train,True,ok,0.409942626953125,1.0,0.0,170.6973125884017,161.19798293250582,9.499329655895878,70.7634617893838
1424,calcification,train,True,ok,0.447296142578125,1.0,0.0,178.49389370266766,164.9682789464966,13.525614756171052,47.06853828115801
1425,calcification,train,True,ok,0.3202667236328125,1.0,0.0,152.45843060650816,142.89970143892967,9.558729167578491,39.44873110401601
1426,calcification,train,True,ok,0.4405517578125,1.0,0.0,109.09258104738154,99.09126118263147,10.001319864750073,15.522453614061371
1427,calcification,train,True,ok,0.412872314453125,1.0,0.0,103.32537512011235,97.4815998752534,5.843775244858961,38.33360215144076
1428,calcification,train,True,ok,0.430145263671875,1.0,0.0,76.3477829017382,95.71271354361913,-19.36493064188093,141.35900606728242
1429,calcification,train,True,ok,0.4449920654296875,1.0,0.0,138.60521894180982,118.78250350534738,19.822715436462445,26.981237449824114
1430,calcification,train,True,ok,0.09039306640625,0.8126983642578125,0.0,110.7871370695476,77.51107159632289,33.276065473224705,55.38881774839669
1431,calcification,train,True,ok,0.151824951171875,0.87652587890625,0.0,128.81045226130652,102.19810743712445,26.612344824182074,112.13430336965983
1432,calcification,train,True,ok,0.4726104736328125,0.8459930419921875,0.00045200658638168726,133.84799664223678,115.05555073344328,18.792445908793496,102.83616337659642
1433,calcification,train,True,ok,0.459808349609375,1.0,0.0,169.18580341142896,162.13326930681882,7.052534104610146,22.30437462431663
1434,calcification,train,True,ok,0.40948486328125,1.0,0.0,142.0856685049933,136.23726098191216,5.848407523081136,37.75174195396178
1435,calcification,train,True,ok,0.2444305419921875,1.0,0.0,118.42355952306636,111.60655936345094,6.817000159615418,53.90892210796091
1436,calcification,train,True,ok,0.445831298828125,1.0,0.0,91.6774933260319,88.93251280356849,2.7449805224634076,24.43622862044622
1437,calcification,train,True,ok,0.4378662109375,1.0,0.0,102.65162391971006,104.61965255157438,-1.968028631864314,121.90100012124022
1438,calcification,train,True,ok,0.4691925048828125,1.0,0.0,156.66216787537806,141.33713743639865,15.325030438979411,62.64744144938694
1439,calcification,train,True,ok,0.436767578125,1.0,0.0,169.70989379541643,142.83438990030342,26.875503895113013,64.4778199697474
1440,calcification,train,True,ok,0.435455322265625,0.999969482421875,0.0,137.51229939028664,135.89366992810423,1.6186294621824118,121.0584449515362
1441,calcification,train,True,ok,0.4949188232421875,1.0,0.0,119.44263912440265,132.08543548533277,-12.64279636093012,123.30753314321596
1442,calcification,train,True,ok,0.46588134765625,1.0,0.0,137.17525874492335,137.27211175865617,-0.09685301373281163,115.00279697505833
1443,calcification,train,True,ok,0.487518310546875,0.9997711181640625,0.0,212.63236306729266,214.55088429702852,-1.918521229735859,89.01505937026663
1444,calcification,train,True,ok,0.4431304931640625,1.0,0.0,190.49543748493508,186.43838882038636,4.0570486645487165,90.17868372558657
1445,calcification,train,True,ok,0.4589080810546875,1.0,0.0,153.34902743142143,158.8926990214602,-5.54367159003877,140.6244534480215
1446,calcification,train,True,ok,0.469146728515625,1.0,0.0,120.76754699798347,120.15317620005749,0.6143707979259858,114.5587826578235
1447,calcification,train,True,ok,0.44677734375,1.0,0.0,133.9996243169399,126.2402360988526,7.759388218087295,20.40703641565324
1448,calcification,train,True,ok,0.4112701416015625,1.0,0.0,131.9373353615553,130.32913459295546,1.6082007685998576,17.97568275301972
1449,calcification,train,True,ok,0.4654541015625,0.982879638671875,0.0,149.18030422239707,140.00667960721626,9.173624615180813,27.053408677401777
1450,calcification,train,True,ok,0.4245758056640625,0.9971923828125,0.0,128.58174303683737,115.73445413804991,12.847288898787454,45.27308678977815
1451,calcification,train,True,ok,0.4752960205078125,0.99114990234375,0.0,136.37548556936017,125.2297089016198,11.145776667740364,6.991885342119559
1452,calcification,train,True,ok,0.419036865234375,0.9506378173828125,0.0,187.11867307552254,170.05901665178337,17.05965642373917,18.667723120782863
1453,calcification,train,True,ok,0.4869842529296875,0.9529571533203125,0.0,172.69556634811218,164.48005710716515,8.215509240947029,25.06717389706411
1454,calcification,train,True,ok,0.408416748046875,0.9900665283203125,0.0,160.8190988567586,152.34077895279856,8.478319903960028,32.387629232504864
1455,calcification,train,True,ok,0.446624755859375,0.9803619384765625,0.0,141.5050222070379,133.31845254508355,8.186569661954366,19.065841448865147
1456,calcification,train,True,ok,0.4648284912109375,1.0,0.0,138.23691035026098,130.28976705728053,7.947143292980456,28.818764086801263
1457,calcification,train,True,ok,0.5016021728515625,0.9999847412109375,0.0,102.99376387917135,83.58319811407402,19.41056576509733,36.4217114424501
1458,calcification,train,True,ok,0.4090576171875,0.9755096435546875,0.0,142.30326768128916,126.70563933071679,15.597628350572364,28.46686739655635
1459,calcification,train,True,ok,0.4014129638671875,0.9974517822265625,0.0,141.24845098262819,115.4029417012924,25.84550928133578,17.496372955701908
1460,calcification,train,True,ok,0.4144439697265625,1.0,0.0,140.97172416332242,136.94449511400651,4.027229049315906,46.060322694628994
1461,calcification,train,True,ok,0.500701904296875,1.0,0.0,138.68440299872006,131.70927816148156,6.975124837238496,12.516205904566243
1462,calcification,train,True,ok,0.43548583984375,1.0,0.0,137.6187806587246,135.41688290626013,2.2018977524644754,25.075676431388995
1463,calcification,train,True,ok,0.5268707275390625,1.0,0.0,158.00964406730574,154.6063792046957,3.4032648626100297,23.474741714200107
1464,calcification,train,True,ok,0.45635986328125,0.9982757568359375,0.0,144.10910124381437,132.42152239811384,11.687578845700529,28.74566927650981
1465,calcification,train,True,ok,0.489013671875,1.0,0.0,74.96895282076885,71.07787864309603,3.89107417767282,75.34229652612778
1466,calcification,train,True,ok,0.4554443359375,0.9225921630859375,0.0,201.87513401232914,191.74641336023313,10.128720652096007,26.599407890083764
1467,calcification,train,True,ok,0.4911346435546875,0.9990386962890625,0.0,183.3676328952683,180.38570871690305,2.981924178365233,49.99103284448248
1468,calcification,train,True,ok,0.410430908203125,0.9999847412109375,0.0,160.38077180459513,160.896811429163,-0.5160396245678669,35.228849373028
1469,calcification,train,True,ok,0.4622802734375,0.9989471435546875,0.0,178.87552812252443,180.05261066969354,-1.1770825471691069,24.39769444410515
1470,calcification,train,True,ok,0.4034271240234375,1.0,0.0,153.94039108892167,157.55098856689773,-3.6105974779760572,57.635605708667065
1471,calcification,train,True,ok,0.4606475830078125,0.6312103271484375,0.09341150750273278,44.50733710954321,37.667722861911905,6.839614247631303,126.03389542842278
1472,calcification,train,True,ok,0.50311279296875,0.8173065185546875,0.03703142059929637,51.1249241780905,49.53110797199361,1.5938162060968892,85.55967018717665
1473,calcification,train,False,"IMG_IS_MASK,MASK_ON_BLACK",0.44287109375,0.0411224365234375,0.8761369900771775,4.711342337375965,0.050202673093777385,4.661139664282187,14.52025611150798
1474,calcification,train,True,ok,0.4230194091796875,0.7629241943359375,0.07773329004797461,67.13306640695451,63.627059476899475,3.5060069300550367,2.753244598310835
1475,calcification,train,False,"IMG_IS_MASK,MASK_ON_BLACK",0.4461212158203125,0.0272216796875,0.9166467147792181,3.07952252283066,0.8209317061076062,2.2585908167230535,42.282838878884725
1476,calcification,train,True,ok,0.4895172119140625,0.584991455078125,0.30977837349209814,46.28122564757956,37.218203557016885,9.063022090562676,32.580186250170684
1477,calcification,train,True,ok,0.4548187255859375,0.992279052734375,0.0,201.62804039319622,190.06126675809566,11.56677363510056,145.76599842906765
1478,calcification,train,True,ok,0.4611968994140625,1.0,0.0,186.34514474772539,182.70632380844495,3.6388209392804356,95.03380508350986
1479,calcification,train,True,ok,0.4925689697265625,0.9613037109375,0.0,123.66494222607726,131.20186438129605,-7.5369221552187895,104.77695546496211
1480,calcification,train,True,ok,0.36505126953125,0.9745941162109375,0.0,146.76784818592208,110.49187734307411,36.27597084284797,35.132883948144155
1481,calcification,train,True,ok,0.3350372314453125,1.0,0.0,160.90718221979324,143.01812799742996,17.889054222363285,25.083031718930123
1482,calcification,train,True,ok,0.4437103271484375,1.0,0.0,143.48839368616527,126.8376992072853,16.65069447887997,49.65186912073946
1483,calcification,train,True,ok,0.4586029052734375,1.0,0.0,129.9949758775578,117.41856204729292,12.576413830264883,21.0320598636224
1484,calcification,train,True,ok,0.454864501953125,1.0,0.0,124.37336464273734,120.6613110899625,3.7120535527748473,25.15464402324415
1485,calcification,train,True,ok,0.4491424560546875,0.997344970703125,0.0,150.55838287752675,156.16852718761254,-5.610144310085786,105.26344812714653
1486,calcification,train,True,ok,0.4670867919921875,1.0,0.0,186.7489791251511,183.66307802433786,3.0859011008132313,60.80425396806973
1487,calcification,train,True,ok,0.4218597412109375,0.9957122802734375,0.0,199.8940210511086,165.46520098181531,34.428820069293295,30.968703415519933
1488,calcification,train,True,ok,0.4438934326171875,1.0,0.0,167.53215771200715,168.52800109754423,-0.9958433855370856,29.974389728442915
1489,calcification,train,True,ok,0.4050445556640625,1.0,0.0,77.34153324543229,65.9594521812726,11.382081064159692,19.3920353745464
1490,calcification,train,True,ok,0.4879913330078125,1.0,0.0,96.1891748225509,88.17186708389212,8.017307738658772,31.41896513768491
1491,calcification,train,True,ok,0.4730224609375,0.90667724609375,0.0,54.20090322580645,47.43366342367385,6.7672398021326,30.23141035740866
1492,calcification,train,True,ok,0.4390411376953125,1.0,0.0,144.1185486393494,137.4184370154775,6.700111623871891,42.35995600024016
1493,calcification,train,True,ok,0.463165283203125,1.0,0.0,113.97090992949859,105.27823887215054,8.69267105734805,20.993309538742505
1494,calcification,train,True,ok,0.425872802734375,1.0,0.0,128.74260121820137,123.31855631744007,5.424044900761302,15.643617694174564
1495,calcification,train,True,ok,0.4613037109375,0.9998931884765625,0.0,170.63535326806033,146.20606730115568,24.429285966904644,48.85580312506711
1496,calcification,train,True,ok,0.476409912109375,1.0,0.0,148.77535071423995,128.36023197528706,20.415118738952884,59.74567565873729
1497,calcification,train,True,ok,0.390228271484375,0.7705078125,0.0,163.51998123093767,70.21402832691057,93.30595290402711,88.00669569427122
1498,calcification,train,True,ok,0.3213348388671875,0.9518585205078125,0.0,150.1135381547082,116.8982620230681,33.21527613164011,71.02151267429934
1499,calcification,train,True,ok,0.431640625,1.0,0.0,113.05557126696833,109.45739368556701,3.598177581401316,22.600143790794263
1500,calcification,train,True,ok,0.3853607177734375,1.0,0.0,119.78075628588398,116.2660311313026,3.5147251545813845,20.258599284603022
1501,calcification,train,True,ok,0.37786865234375,0.7595062255859375,0.0,120.40219673719916,53.14257333464142,67.25962340255774,70.8757061997351
1502,calcification,train,True,ok,0.42144775390625,0.78094482421875,0.0077842143374366405,120.45582910934105,60.418715054330626,60.03711405501043,7.624942172942287
1503,calcification,train,True,ok,0.4439849853515625,1.0,0.0,182.68251022442175,159.4238864952386,23.258623729183142,54.86945666742295
1504,calcification,train,True,ok,0.4439544677734375,1.0,0.0,137.5779687231483,129.83395076973738,7.744017953410918,17.436875752968618
1505,calcification,train,True,ok,0.4618377685546875,1.0,0.0,150.4490699441636,147.5590178343588,2.890052109804799,3.374310564672963
1506,calcification,train,True,ok,0.4254913330078125,1.0,0.0,163.50008965393582,159.8504687790497,3.649620874886125,57.29417701264803
1507,calcification,train,True,ok,0.45098876953125,1.0,0.0,128.9956015699012,122.10352973874375,6.892071831157452,19.027055707854487
1508,calcification,train,True,ok,0.4488677978515625,0.98406982421875,0.0,146.87840364415135,115.7171294886348,31.16127415551655,43.814663003293234
1509,calcification,train,True,ok,0.38653564453125,0.9495697021484375,0.0,142.2875019737881,88.38729977116705,53.900202202621045,22.364348116331993
1510,calcification,train,True,ok,0.4452362060546875,0.9317169189453125,0.0,154.2998731964769,103.78103253843827,50.51884065803864,72.56779535499626
1511,calcification,train,True,ok,0.4488525390625,0.8483428955078125,0.03753059559423443,144.64947647538753,87.24648394241417,57.40299253297336,40.92180010512162
1512,calcification,train,True,ok,0.384613037109375,0.7404022216796875,0.0,209.20157898912956,94.96364988842053,114.23792910070902,7.030536293218946
1513,calcification,train,True,ok,0.4037933349609375,0.8239593505859375,0.004307901598458225,196.7448135132071,114.18186471476467,82.56294879844243,24.773007871519724
1514,calcification,train,True,ok,0.4564971923828125,1.0,0.0,154.66313467259417,142.42056205957493,12.242572613019234,44.50206056077767
1515,calcification,train,True,ok,0.461151123046875,0.9932098388671875,0.0,95.91423466349018,95.16115421645806,0.7530804470321186,139.46170913944806
1516,calcification,train,True,ok,0.40496826171875,0.9969940185546875,0.0,201.56936699321778,202.5508000820597,-0.9814330888419249,147.28086569812587
1517,calcification,train,True,ok,0.411163330078125,1.0,0.0,124.88792399614043,125.64584089142265,-0.7579168952822215,100.33029614299541
1518,calcification,train,True,ok,0.4340362548828125,1.0,0.0,127.76751625944806,125.97320104607587,1.7943152133721867,121.07915912403327
1519,calcification,train,True,ok,0.29608154296875,0.998748779296875,0.0,159.06148216862502,139.94793202115667,19.113550147468345,21.588823896982788
1520,calcification,train,True,ok,0.39068603515625,1.0,0.0,117.41009217309795,112.25187819292798,5.158213980169975,62.04400620718064
1521,calcification,train,True,ok,0.38140869140625,0.7043609619140625,0.0,123.54020643302928,48.10392205229403,75.43628438073526,23.004891498580882
1522,calcification,train,True,ok,0.407318115234375,0.68096923828125,0.01663295122499438,116.83029894358283,49.75683538437774,67.0734635592051,24.46171177462466
1523,calcification,train,True,ok,0.4608612060546875,0.9966278076171875,0.0,145.51269741416417,123.55075991282936,21.961937501334802,107.40941516376408
1524,calcification,train,True,ok,0.451568603515625,0.9210662841796875,0.0,134.32540379806719,88.47696288464749,45.848440913419694,6.580103154297506
1525,calcification,train,True,ok,0.45269775390625,0.990814208984375,0.0,131.5019886746663,120.44700011152001,11.054988563146296,101.26228477867136
1526,calcification,train,True,ok,0.4154510498046875,0.9913330078125,0.0,206.61545524663018,191.343052546399,15.272402700231169,60.06957808340461
1527,calcification,train,True,ok,0.4429931640625,1.0,0.0,184.33394185726095,175.1243151435459,9.20962671371504,42.82580119630667
1528,calcification,train,True,ok,0.44622802734375,1.0,0.0,175.54175215428805,172.217155295933,3.3245968583550507,123.08661603104812
1529,calcification,train,True,ok,0.435882568359375,1.0,0.0,154.37772176713577,155.24809304841764,-0.8703712812818765,33.639121140216474
1530,calcification,train,True,ok,0.4908294677734375,1.0,0.0,102.28799701557497,102.77700860079715,-0.4890115852221726,56.39335912793174
1531,calcification,train,True,ok,0.4678497314453125,1.0,0.0,101.59133752976093,99.68521863799283,1.9061188917681022,38.133376801100056
1532,calcification,train,True,ok,0.4709320068359375,1.0,0.0,177.1433107604575,176.39396648689183,0.7493442735656686,76.72770214675973
1533,calcification,train,True,ok,0.4182586669921875,1.0,0.0,153.2582539856262,149.02457704918032,4.233676936445875,2.20988479883933
1534,calcification,train,True,ok,0.443328857421875,1.0,0.0,150.54670613340676,145.07145989803192,5.47524623537484,5.485344191723222
1535,calcification,train,True,ok,0.3914031982421875,1.0,0.0,207.83700440528634,205.96504951736242,1.8719548879239198,50.16797605332547
1536,calcification,train,True,ok,0.3746337890625,1.0,0.0,119.49963343108504,120.34564708178802,-0.8460136507029716,84.04683143821028
1537,calcification,train,True,ok,0.46307373046875,0.8812713623046875,0.0,60.805258995650455,47.28953052176878,13.515728473881673,19.81768258880561
1538,calcification,train,True,ok,0.46685791015625,1.0,0.0,187.74581644659432,186.70314825414997,1.0426681924443528,51.91833262185608
1539,calcification,train,True,ok,0.4257354736328125,1.0,0.0,106.51707824092327,103.26666666666667,3.250411574256603,34.829991224025974
1540,calcification,train,True,ok,0.399749755859375,1.0,0.0,138.09206809680128,134.56357720270478,3.5284908940965067,5.495597379380083
1541,calcification,train,True,ok,0.3942718505859375,1.0,0.0,166.7950772088703,163.89956419880596,2.8955130100643487,46.85793554529141
1542,calcification,train,True,ok,0.4620361328125,1.0,0.0,112.99260237780713,98.87426253687316,14.11833984093397,79.16674781914173
1543,calcification,train,True,ok,0.4705352783203125,0.9720306396484375,0.0,121.19836559976652,99.84348252111012,21.3548830786564,97.39069501468087
1544,calcification,train,True,ok,0.4602813720703125,0.9858245849609375,0.0,89.45274324548318,86.94826270108281,2.5044805444003657,132.44788498524096
1545,calcification,train,True,ok,0.4443206787109375,1.0,0.0,92.42432775850818,94.27121948540517,-1.8468917268969847,108.69035614665943
1546,calcification,train,True,ok,0.5702362060546875,0.994049072265625,0.0,133.37719086992587,134.50722527960235,-1.1300344096764832,89.3649679049332
1547,calcification,train,True,ok,0.4259490966796875,1.0,0.0,129.39720580333153,135.0431407990218,-5.645934995690283,90.21805061666389
1548,calcification,train,True,ok,0.4928741455078125,0.9477691650390625,0.0,134.81644531129066,116.10585226417933,18.71059304711133,73.60167471815882
1549,calcification,train,True,ok,0.449554443359375,1.0,0.0,107.11204263118593,91.72952819204967,15.382514439136258,38.042071945097206
1550,calcification,train,True,ok,0.4488067626953125,1.0,0.0,150.15700540577296,147.42634886360491,2.730656542168049,119.15921231104494
1551,calcification,train,True,ok,0.44744873046875,0.974639892578125,0.0,163.12784749693085,161.37255605876504,1.7552914381658127,139.31813735132332
1552,calcification,train,True,ok,0.4283905029296875,0.75640869140625,0.0,206.50283170080144,196.14922185739837,10.353609843403063,115.85913877763402
1553,calcification,train,True,ok,0.3322601318359375,1.0,0.0,181.82861079219288,172.99885743013186,8.829753362061012,58.13899805640777
1554,calcification,train,True,ok,0.384674072265625,1.0,0.0,189.03407378024593,181.35889996528294,7.675173814962989,44.58717420050722
1555,calcification,train,True,ok,0.5277099609375,1.0,0.0,199.4849641452695,200.02242181442233,-0.5374576691528432,35.121303437555795
1556,calcification,train,True,ok,0.4746246337890625,1.0,0.0,200.6965761131651,196.17873428015452,4.5178418330105785,62.082193064047615
1557,calcification,train,True,ok,0.4546966552734375,1.0,0.0,150.36850229873485,130.48501553012284,19.883486768612016,11.283088610988854
1558,calcification,train,True,ok,0.465728759765625,0.9918670654296875,0.0,132.34909245789922,100.20240475238477,32.14668770551445,20.080543931851864
1559,calcification,train,True,ok,0.3973236083984375,1.0,0.0,180.53884557778716,177.50583588626984,3.0330096915173215,55.019171156516705
1560,calcification,train,True,ok,0.4683685302734375,1.0,0.0,94.9035999348428,94.12686203036652,0.7767379044762777,93.18444869921362
1561,calcification,train,True,ok,0.411407470703125,1.0,0.0,107.69427342185298,91.52828329963188,16.165990122221103,25.790244652874517
1562,calcification,train,True,ok,0.53466796875,1.0,0.0,96.31909246575343,100.10257082896118,-3.783478363207749,110.51800203703957
1563,calcification,train,True,ok,0.474609375,1.0,0.0,102.78263245884774,101.36730367100371,1.4153287878440324,65.7883175796423
1564,calcification,train,True,ok,0.437591552734375,1.0,0.0,138.31191156984448,136.25647077974932,2.0554407900951617,13.601817211548564
1565,calcification,train,True,ok,0.4579315185546875,1.0,0.0,152.6104428376262,144.744039408867,7.866403428759213,15.204710752396537
1566,calcification,train,True,ok,0.4474029541015625,0.9477386474609375,0.0,166.94850107431535,126.57249758387408,40.37600349044126,51.87779376866584
1567,calcification,train,True,ok,0.376953125,0.9911041259765625,0.0,124.98591321243524,102.86042809561128,22.125485116823953,149.4259824830376
1568,calcification,train,True,ok,0.4018707275390625,0.9967041015625,0.0,188.97456050423358,165.1911528355315,23.78340766870207,56.53018825596857
1569,calcification,train,True,ok,0.341796875,1.0,0.0,130.02482142857144,105.75616654302671,24.268654885544734,22.77214754565197
1570,calcification,train,True,ok,0.334869384765625,1.0,0.0,121.7941310489383,119.49295710025235,2.3011739486859426,53.05118433264354
1571,calcification,train,True,ok,0.405975341796875,1.0,0.0,124.02999323460874,123.1143334189571,0.9156598156516367,57.78597166940198
1572,calcification,train,True,ok,0.39202880859375,0.9636383056640625,0.0,148.78506928226685,120.85588796305592,27.929181319210926,24.24283128703026
1573,calcification,train,True,ok,0.3864593505859375,1.0,0.0,150.2706597702057,148.68457310552364,1.5860866646820568,71.86176590345013
1574,calcification,train,True,ok,0.3182373046875,0.9999847412109375,0.0,163.5669351745301,142.81481647269473,20.75211870183537,85.79135740823301
1575,calcification,train,True,ok,0.4139862060546875,0.9925537109375,0.0,124.5604658877299,98.98062752245801,25.579838365271897,70.18901316280584
1576,calcification,train,True,ok,0.4402313232421875,1.0,0.0,161.74811964923225,154.4273953932125,7.3207242560197585,158.49363655703553
1577,calcification,train,True,ok,0.4861602783203125,1.0,0.0,170.94557609616774,169.7192873051225,1.2262887910452491,102.6524065105851
1578,calcification,train,True,ok,0.4603271484375,1.0,0.0,141.8882590824715,141.76939606423886,0.11886301823264489,113.9782864454523
1579,calcification,train,True,ok,0.24530029296875,0.8095245361328125,0.0,172.34529733764617,93.50531742822483,78.83997990942134,12.30794687923131
1580,calcification,train,True,ok,0.3509979248046875,0.825225830078125,0.0030430813372168846,151.0237360344303,99.00115204664614,52.02258398778416,67.15703616792169
1581,calcification,train,True,ok,0.3686065673828125,0.9465789794921875,0.0,122.60007451256365,100.93044781169192,21.66962670087173,83.34241511810163
1582,calcification,train,True,ok,0.4180908203125,1.0,0.0,138.2864598540146,126.63978917558212,11.646670678432471,63.663307279304746
1583,calcification,train,True,ok,0.5050811767578125,1.0,0.0,156.91281230174314,162.57755511022043,-5.6647428084772855,102.33548974107545
1584,calcification,train,True,ok,0.44708251953125,0.9972991943359375,0.0,142.05952218430033,124.25946572469367,17.800056459606665,10.70395545694915
1585,calcification,train,True,ok,0.4840545654296875,1.0,0.0,131.51309775241938,129.02079082009877,2.4923069323206164,62.478473668927016
1586,calcification,train,True,ok,0.404022216796875,1.0,0.0,131.0408263464008,128.10230938604127,2.9385169603595216,15.912242435916914
1587,calcification,train,True,ok,0.4188232421875,1.0,0.0,99.81273681142524,95.68851081705525,4.1242259943699935,13.186273448687725
1588,calcification,train,True,ok,0.4471282958984375,1.0,0.0,168.64737398901136,165.46935114398477,3.1780228450265895,73.27656437340936
1589,calcification,train,True,ok,0.4477081298828125,1.0,0.0,134.57479295184214,136.51722613620666,-1.9424331843645177,108.21801826946408
1590,calcification,train,True,ok,0.4319000244140625,1.0,0.0,94.39625507860802,92.78724718648438,1.6090078921236426,22.20510032193221
1591,calcification,train,True,ok,0.475311279296875,1.0,0.0,158.5798073836276,147.06142034548944,11.518387038138172,64.84424878562152
1592,calcification,train,True,ok,0.40753173828125,1.0,0.0,145.17451699865208,136.7677449263418,8.406772072310275,7.572565505014989
1593,calcification,train,True,ok,0.48614501953125,0.7923583984375,0.026114249843063403,63.546202134337726,64.87730134220216,-1.3310992078644333,124.69912205619598
1594,calcification,train,True,ok,0.4703826904296875,1.0,0.0,127.30940409381387,125.7585640611945,1.5508400326193623,75.12356295561509
1595,calcification,train,True,ok,0.402313232421875,1.0,0.0,164.34772054919213,153.66132244064335,10.686398108548786,46.221659517372444
1596,calcification,train,True,ok,0.438262939453125,1.0,0.0,135.04978761924656,132.01578203944152,3.03400557980504,67.40409860806588
1597,calcification,train,True,ok,0.556671142578125,1.0,0.0,136.64977249054328,135.70947201762235,0.9403004729209385,111.67251865578586
1598,calcification,train,True,ok,0.4629364013671875,1.0,0.0,142.4365008734632,139.12376054777397,3.3127403256892194,74.78548767590715
1599,calcification,train,True,ok,0.3873138427734375,1.0,0.0,180.836701729504,180.29718825492492,0.5395134745790813,70.00168120151395
1600,calcification,train,True,ok,0.300537109375,1.0,0.0,115.7229386677498,110.33551483420594,5.387423833543863,111.78008853893387
1601,calcification,train,True,ok,0.4709320068359375,1.0,0.0,162.17250429316658,158.46177140714678,3.710732886019798,123.23625066870886
1602,calcification,train,True,ok,0.410064697265625,1.0,0.0,121.69732827267991,119.34695566706327,2.3503726056166414,63.76317095985355
1603,calcification,train,True,ok,0.3376312255859375,0.99688720703125,0.0,183.35368554254984,153.65878043723652,29.694905105313325,65.25047946139769
1604,calcification,train,True,ok,0.4380340576171875,1.0,0.0,175.52412303619326,165.50262021776317,10.021502818430093,105.79955206935004
1605,calcification,train,True,ok,0.29949951171875,0.87017822265625,0.0,115.06954350927246,87.35503615927507,27.71450734999739,92.46658443744715
1606,calcification,train,True,ok,0.3911590576171875,0.9374847412109375,0.0,134.26362395162863,88.41750833312449,45.84611561850414,40.725143013495234
1607,calcification,train,True,ok,0.45220947265625,1.0,0.0,151.22627885004724,131.9009192200557,19.32535962999154,18.652376077106886
1608,calcification,train,True,ok,0.480712890625,1.0,0.0,120.39953656678517,117.30577103902209,3.0937655277630824,114.30242692014018
1609,calcification,train,True,ok,0.438690185546875,1.0,0.0,139.1527652173913,152.81422280215298,-13.661457584761678,96.96601929003577
1610,calcification,train,True,ok,0.4225311279296875,1.0,0.0,98.2194575854971,103.11755846214824,-4.898100876651142,132.17263671720107
1611,calcification,train,True,ok,0.4599151611328125,1.0,0.0,142.5545602335689,137.66978386777794,4.8847763657909695,89.06624043593875
1612,calcification,train,True,ok,0.38775634765625,1.0,0.0,170.53246497717615,156.13697537633337,14.39548960084278,40.70133775900038
1613,calcification,train,True,ok,0.4111328125,0.98602294921875,0.0,95.82255789786224,99.32486007462687,-3.50230217676463,123.51549476961988
1614,calcification,train,True,ok,0.4582977294921875,1.0,0.0,85.13487597802563,87.10996873327512,-1.9750927552494915,81.35607197122462
1615,calcification,train,True,ok,0.4561767578125,0.9767303466796875,0.0,96.7713071982874,86.46324354657688,10.308063651710526,102.86683540353347
1616,calcification,train,True,ok,0.391510009765625,1.0,0.0,172.92212955023774,163.14496714980692,9.777162400430825,114.9534389589221
1617,calcification,train,True,ok,0.4154510498046875,1.0,0.0,131.71017739743638,118.21480592027983,13.495371477156553,99.99800976289404
1618,calcification,train,True,ok,0.3416290283203125,0.7278289794921875,0.04908660502925544,120.77176291929072,114.162653255151,6.609109664139723,99.31518467998822
1619,calcification,train,True,ok,0.4754638671875,0.9921875,0.0,165.85776636713734,165.12191645333954,0.7358499137978072,114.25000639976648
1620,calcification,train,True,ok,0.41827392578125,1.0,0.0,162.77863709324384,163.8961021928444,-1.1174650996005653,90.90940812306671
1621,calcification,train,True,ok,0.439178466796875,1.0,0.0,118.72069348898617,114.97170376013496,3.748989728851214,18.70023579570693
1622,calcification,train,True,ok,0.48187255859375,1.0,0.0,127.89325522482584,126.58030981269879,1.3129454121270498,23.80412668130604
1623,calcification,train,True,ok,0.4582366943359375,1.0,0.0,138.37837567846557,135.57124348683283,2.8071321916327463,31.57237680732694
1624,calcification,train,True,ok,0.3470458984375,1.0,0.0,131.21658459373901,131.27290147691158,-0.05631688317257044,33.983602896559724
1625,calcification,train,True,ok,0.415191650390625,1.0,0.0,144.91234840132304,138.43440484266554,6.4779435586575005,4.698513491625435
1626,calcification,train,True,ok,0.4132843017578125,1.0,0.0,156.06450064611408,129.07877558451017,26.985725061603915,27.369970567293187
1627,calcification,train,True,ok,0.36199951171875,1.0,0.0,150.67690945877592,113.89933511910456,36.77757433967136,27.51094059056216
1628,calcification,train,True,ok,0.491912841796875,1.0,0.0,141.60903281841306,124.43657276713316,17.1724600512799,12.305245089732718
1629,calcification,train,True,ok,0.39373779296875,1.0,0.0,138.5455355758797,112.95212926608275,25.59340630979696,28.66616345849688
1630,calcification,train,True,ok,0.445281982421875,1.0,0.0,167.1112329518196,165.443417505639,1.6678154461806116,112.9519370355768
1631,calcification,train,True,ok,0.4580078125,1.0,0.0,121.30786913646055,108.02164977477477,13.28621936168578,96.12041623700951
1632,calcification,train,True,ok,0.4661865234375,1.0,0.0,134.95096884001046,126.56545849531214,8.385510344698318,104.22908167303515
1633,calcification,train,True,ok,0.2686920166015625,1.0,0.0,125.094724288716,119.7407932897949,5.353930998921101,12.64849748697012
1634,calcification,train,True,ok,0.324249267578125,1.0,0.0,138.76908235294118,129.26660795736802,9.50247439557316,27.3035274755492
1635,calcification,train,True,ok,0.433502197265625,1.0,0.0,169.96638507567758,163.3980498841782,6.568335191499386,112.55837717200934
1636,calcification,train,True,ok,0.5061492919921875,1.0,0.0,149.96294956437853,142.48305268036458,7.479896884013954,17.16395603953696
1637,calcification,train,True,ok,0.4636077880859375,1.0,0.0,166.65753875522495,150.98369982647284,15.673838928752104,36.062961273775755
1638,calcification,train,True,ok,0.45989990234375,1.0,0.0,166.606901128069,150.33806079783025,16.26884033023876,89.6687324790147
1639,calcification,train,True,ok,0.5569305419921875,0.9947662353515625,0.0,99.1541412093482,126.83279953163206,-27.678658322283866,66.36591660101885
1640,calcification,train,True,ok,0.4053192138671875,0.6292877197265625,0.06964574784474645,65.57546210894854,45.606111923639446,19.969350185309096,84.9798240314033
1641,calcification,train,True,ok,0.4696502685546875,1.0,0.0,149.16933623574516,146.36657363984233,2.802762595902834,101.7091540572454
1642,calcification,train,True,ok,0.48272705078125,1.0,0.0,168.36752433936022,166.557994100295,1.809530239065225,117.0367214043812
1643,calcification,train,True,ok,0.297027587890625,1.0,0.0,160.97945135107366,148.1708704145865,12.808580936487175,80.9499072003672
1644,calcification,train,True,ok,0.293060302734375,1.0,0.0,113.4262730396751,99.48396287502698,13.94231016464812,125.90150659930565
1645,calcification,train,True,ok,0.4245452880859375,1.0,0.0,178.92416346188406,178.5793758120542,0.3447876498298683,40.26806006309299
1646,calcification,train,True,ok,0.4275054931640625,1.0,0.0,137.60224149623443,137.43719182280978,0.16504967342464738,16.400387438717228
1647,calcification,train,True,ok,0.4504241943359375,0.9993743896484375,0.0,116.6045258985738,106.99061554266041,9.61391035591339,94.4784993548513
1648,calcification,train,True,ok,0.4655609130859375,1.0,0.0,127.067680508669,111.86843683083512,15.199243677833877,25.09957547567949
1649,calcification,train,True,ok,0.44635009765625,1.0,0.0,154.8077738274306,148.87832102304046,5.929452804390138,116.58558746441032
1650,calcification,train,True,ok,0.44525146484375,1.0,0.0,144.46415352981495,136.80811970513807,7.656033824676882,100.86302077873333
1651,calcification,train,True,ok,0.45550537109375,0.7511749267578125,0.056813613828219214,118.29877395149404,81.42814706871427,36.870626882779774,85.47006868315897
1652,calcification,train,True,ok,0.455718994140625,0.9149017333984375,0.0,129.11635304359473,105.1363050182226,23.980048025372128,123.38052552065703
1653,calcification,train,True,ok,0.4277496337890625,1.0,0.0,127.34024185781044,119.09332586726396,8.246915990546483,29.436354947073795
1654,calcification,train,True,ok,0.418792724609375,1.0,0.0,104.21478539677913,96.43544237332634,7.779343023452796,24.29670838809195
1655,calcification,train,True,ok,0.447052001953125,1.0,0.0,178.0078844972353,167.39693139798,10.610953099255283,40.181760751146136
1656,calcification,train,True,ok,0.4967803955078125,1.0,0.0,185.94735387167123,173.1004881894539,12.846865682217327,27.97175696517755
1657,calcification,train,True,ok,0.41552734375,1.0,0.0,184.74673178613395,181.796783625731,2.949948160402954,26.1799968986623
1658,calcification,train,True,ok,0.462127685546875,1.0,0.0,108.38793501948095,94.97015602836879,13.417778991112158,17.165229008731078
1659,calcification,train,True,ok,0.4668731689453125,1.0,0.0,164.56554564172959,161.5530496007327,3.0124960409968935,33.0555388477966
1660,calcification,train,True,ok,0.4657440185546875,1.0,0.0,146.09048913933754,144.14900179933167,1.9414873400058639,22.915875938071053
1661,calcification,train,True,ok,0.32025146484375,0.9976348876953125,0.0,181.90918620163905,161.65289126335637,20.25629493828268,123.2834549220704
1662,calcification,train,True,ok,0.4522705078125,0.999359130859375,0.0,157.54676113360324,136.47191887675507,21.07484225684817,16.81687459631083
1663,calcification,train,True,ok,0.3565521240234375,1.0,0.0,125.82389694868831,113.80198724181271,12.021909706875604,84.69431366068412
1664,calcification,train,True,ok,0.4067535400390625,1.0,0.0,153.1204936789586,137.59867794953573,15.521815729422883,44.80332525608782
1665,calcification,train,True,ok,0.35418701171875,0.9869232177734375,0.0,112.41724108219886,103.1439845005198,9.27325658167905,118.46965893245353
1666,calcification,train,True,ok,0.373809814453125,1.0,0.0,148.21626255204507,141.76660655977386,6.449655992271204,103.99101683972744
1667,calcification,train,True,ok,0.4129180908203125,1.0,0.0,175.88126824581502,173.28641975308642,2.5948484927286017,109.7124292501598
1668,calcification,train,True,ok,0.489654541015625,1.0,0.0,170.7545341227797,167.31603181247385,3.438502310305836,75.45166510960233
1669,calcification,train,True,ok,0.396331787109375,1.0,0.0,146.2861707861708,144.41218846367727,1.8739823224935321,39.96217333904441
1670,calcification,train,True,ok,0.4230499267578125,1.0,0.0,148.66604147880975,140.4468540900796,8.219187388730148,59.514948297956884
1671,calcification,train,True,ok,0.46063232421875,0.9944610595703125,0.0,137.57204849609116,117.51892610614462,20.053122389946537,117.01428724169554
1672,calcification,train,True,ok,0.4686737060546875,0.947265625,0.0,114.53114113625264,97.2254386720657,17.305702464186936,131.78761588671833
1673,calcification,train,True,ok,0.416900634765625,1.0,0.0,161.79986823804992,159.46836238027947,2.331505857770452,78.04435192325454
1674,calcification,train,True,ok,0.4605865478515625,1.0,0.0,188.3366241510684,184.82303188028627,3.5135922707821408,17.321538874545293
1675,calcification,train,True,ok,0.429718017578125,0.901580810546875,0.0,218.84436474682195,174.1885802964628,44.655784450359164,3.625906903942556
1676,calcification,train,True,ok,0.512786865234375,0.9019927978515625,0.0,200.99086472653693,154.9303789539618,46.060485772575134,16.66948765604372
1677,calcification,train,True,ok,0.462860107421875,1.0,0.0,120.29732313575526,115.01065280381796,5.286670331937302,20.87587151488686
1678,calcification,train,True,ok,0.431182861328125,1.0,0.0,116.81916625380423,113.08616342078437,3.733002833019853,80.41043339879167
1679,calcification,train,True,ok,0.5168609619140625,0.99993896484375,0.0,181.39562483393854,158.09237911758203,23.303245716356514,37.100030748957664
1680,calcification,train,True,ok,0.4212188720703125,1.0,0.0,164.63376199963776,153.2907648097862,11.342997189851559,14.728520935949346
1681,calcification,train,True,ok,0.4735107421875,1.0,0.0,141.98311420469193,134.16763273823324,7.815481466458692,18.9472334156351
1682,calcification,train,True,ok,0.419097900390625,1.0,0.0,156.45598194130926,149.57026530076175,6.885716640547514,25.58316153432958
1683,calcification,train,True,ok,0.35113525390625,1.0,0.0,172.4320789153485,167.4747907064246,4.957288208923899,26.164496443790945
1684,calcification,train,True,ok,0.414154052734375,0.989227294921875,0.0,196.96194090339694,188.98221076209825,7.979730141298688,30.984549277167588
1685,calcification,train,True,ok,0.4409332275390625,1.0,0.0,131.6121742741461,136.42239144081444,-4.8102171666683375,99.36083678613223
1686,calcification,train,True,ok,0.427825927734375,1.0,0.0,134.94436122405307,129.61531281668357,5.329048407369498,33.67216521080929
1687,calcification,train,True,ok,0.43853759765625,1.0,0.0,122.57985386221294,121.33710185889771,1.242752003315232,127.21519665036091
1688,calcification,train,True,ok,0.4817962646484375,1.0,0.0,160.52680918448138,159.1317687936162,1.3950403908651765,89.29915288295025
1689,calcification,train,True,ok,0.414031982421875,1.0,0.0,145.44696690499006,139.84058121972814,5.606385685261927,150.4642412193825
1690,calcification,train,True,ok,0.462493896484375,1.0,0.0,195.76806334543056,195.94441605632204,-0.17635271089147864,90.96389656830078
1691,calcification,train,True,ok,0.4515380859375,0.8516387939453125,0.00544065963773993,190.17700729927006,111.09289450255953,79.08411279671053,10.137240390319205
1692,calcification,train,True,ok,0.440765380859375,1.0,0.0,146.6841030256872,144.12903137789905,2.5550716477881394,17.33342134271808
1693,calcification,train,True,ok,0.430694580078125,1.0,0.0,141.7704598597038,144.9189493433396,-3.1484894836357853,46.24201140467758
1694,calcification,train,True,ok,0.5374908447265625,0.856414794921875,0.00022711142654364798,99.8373030518098,55.53208406189172,44.305218989918075,33.55450470909683
1695,calcification,train,True,ok,0.4689178466796875,0.79119873046875,0.03149913767856562,90.82428166997494,64.88717138342192,25.937110286553022,116.77080866225485
1696,calcification,train,True,ok,0.4682769775390625,1.0,0.0,101.41718531069765,101.45234883921141,-0.035163528513763254,97.54598253526011
1697,calcification,train,True,ok,0.4872894287109375,0.91510009765625,0.0,81.89597620165962,75.71560370227077,6.180372499388852,114.04686159092164
1698,calcification,train,True,ok,0.580169677734375,1.0,0.0,148.74406922308137,153.86446899760122,-5.1203997745198535,122.8960112150153
1699,calcification,train,True,ok,0.4573974609375,1.0,0.0,122.72561382439285,118.36009561304837,4.3655182113444795,107.69234627026587
1700,calcification,train,True,ok,0.4008636474609375,1.0,0.0,171.4183700658521,171.01082388895964,0.40754617689245265,115.45214600611978
1701,calcification,train,True,ok,0.4013824462890625,1.0,0.0,181.60513210416272,161.02013713644823,20.584994967714493,76.92891538119153
1702,calcification,train,True,ok,0.37628173828125,1.0,0.0,165.50900243309002,156.58648106468343,8.922521368406592,77.26708792260682
1703,calcification,train,True,ok,0.4200286865234375,1.0,0.0,142.49783848585025,148.92078192007156,-6.42294343422131,128.45798593138554
1704,calcification,train,True,ok,0.4591217041015625,0.992340087890625,0.0,126.42214762870152,126.78088413688042,-0.35873650817889313,84.33037439846
1705,calcification,train,True,ok,0.4770660400390625,0.9405059814453125,0.0,134.5409883256037,102.65877855913163,31.882209766472073,127.57861659108856
1706,calcification,train,True,ok,0.4430694580078125,1.0,0.0,141.3756242036023,133.6171949916436,7.758429211958713,77.05357595249546
1707,calcification,train,True,ok,0.413970947265625,0.9999847412109375,0.0,143.78861039439735,140.2152788626777,3.5733315317196457,38.23568125787559
1708,calcification,train,True,ok,0.4919281005859375,0.9996185302734375,0.0,157.32162908278792,139.63594317806408,17.68568590472384,23.78113191825858
1709,calcification,train,True,ok,0.4420318603515625,1.0,0.0,153.33100900963098,147.23556758826265,6.095441421368321,35.19396808074607
1710,calcification,train,True,ok,0.465576171875,1.0,0.0,156.2290246460409,151.21999200548194,5.0090326405589565,22.914737707885276
1711,calcification,train,True,ok,0.44775390625,1.0,0.0,130.8877112868048,129.32708885941645,1.5606224273883527,61.55154346085874
1712,calcification,train,True,ok,0.527801513671875,1.0,0.0,158.114657415438,148.17207393524203,9.942583480195964,14.91413269610912
1713,calcification,train,True,ok,0.39801025390625,1.0,0.0,160.64760006134028,160.57743587143872,0.07016418990156126,71.01875557658508
1714,calcification,train,True,ok,0.441162109375,1.0,0.0,174.53649003873824,171.3640235910878,3.172466447650436,30.332610724127267
1715,calcification,train,True,ok,0.4188995361328125,1.0,0.0,99.39033985356792,91.64459207520416,7.745747778363764,145.01401358895546
1716,calcification,train,True,ok,0.550537109375,1.0,0.0,175.10989467849225,165.9155010863661,9.194393592126147,33.3243688497614
1717,calcification,train,True,ok,0.394775390625,0.9754180908203125,0.0,100.43398268398268,84.32782876159742,16.10615392238526,122.88889619545554
1718,calcification,train,True,ok,0.4113311767578125,1.0,0.0,149.64380309381608,142.3095207237098,7.33428237010628,30.15542198663688
1719,calcification,train,True,ok,0.469696044921875,1.0,0.0,118.82463777532324,122.74259078091731,-3.9179530055940717,50.83139482669518
1720,calcification,train,True,ok,0.382476806640625,0.9582061767578125,0.0,89.75827814569537,69.37909562638991,20.37918251930546,26.020913602790046
1721,calcification,train,True,ok,0.4461212158203125,0.7433929443359375,0.06840647125218045,79.043267093067,64.43585222733408,14.60741486573292,77.9884344545374
1722,calcification,train,True,ok,0.4838714599609375,1.0,0.0,148.29220144429377,132.76650406504066,15.525697379253103,18.092672525520083
1723,calcification,train,True,ok,0.5036468505859375,1.0,0.0,203.3670736510437,184.42518983061268,18.94188382043103,37.914516970903584
1724,calcification,train,True,ok,0.414886474609375,1.0,0.0,173.76678926075763,162.36866948312732,11.398119777630313,78.55209647172545
1725,calcification,train,True,ok,0.466949462890625,1.0,0.0,134.1376380628717,130.8165397606916,3.321098302180104,86.91118912577906
1726,calcification,train,True,ok,0.4284515380859375,1.0,0.0,133.87439011360803,130.7124169047174,3.161973208890629,112.62757225919367
1727,calcification,train,True,ok,0.4734039306640625,1.0,0.0,132.9346011281225,125.40850743241285,7.526093695709648,13.406986365439762
1728,calcification,train,True,ok,0.428863525390625,1.0,0.0,128.7937806873977,126.4096713865883,2.3841093008094134,54.049169919813984
1729,calcification,train,True,ok,0.4559173583984375,0.3363189697265625,0.4031928779410288,21.943572408715152,13.417870263903302,8.52570214481185,75.56633034001543
1730,calcification,train,True,ok,0.4008941650390625,1.0,0.0,111.89224679328588,80.57239640373889,31.319850389546986,23.566754877389233
1731,calcification,train,True,ok,0.4490814208984375,0.660125732421875,0.03153137847847508,50.39298698651082,31.59376817615289,18.79921881035793,9.5095254424553
1732,calcification,train,True,ok,0.400421142578125,1.0,0.0,121.76762441887051,114.33066116964422,7.436963249226295,16.047116960091262
1733,calcification,train,True,ok,0.3735504150390625,1.0,0.0,107.82672276459294,91.50539520155888,16.32132756303406,26.01694304667205
1734,calcification,train,True,ok,0.4661712646484375,1.0,0.0,118.10765605053844,98.54377590395885,19.563880146579592,25.832195733206856
1735,calcification,train,True,ok,0.4785919189453125,1.0,0.0,115.78817152877411,105.28971935266746,10.498452176106653,15.141058913887493
1736,calcification,train,True,ok,0.4448089599609375,1.0,0.0,139.94590237041612,120.95693280197884,18.988969568437284,16.69678177077268
1737,calcification,train,True,ok,0.4665374755859375,1.0,0.0,124.69923139820115,113.5279025199508,11.17132887825035,34.349651070097806
1738,calcification,train,True,ok,0.477996826171875,1.0,0.0,120.55110770605887,116.50014615609471,4.050961549964157,24.029296070869805
1739,calcification,train,False,"IMG_IS_MASK,MASK_ON_BLACK",0.451751708984375,0.0231475830078125,0.9237316760116193,2.8545227318786734,0.021180072362927915,2.8333426595157456,20.06801674525762
1740,calcification,train,False,"IMG_IS_MASK,MASK_ON_BLACK",0.4600677490234375,0.016021728515625,0.936353686444894,2.15836953998209,1.4932598558711319,0.6651096841109583,21.57531883149518
1741,calcification,train,True,ok,0.4549407958984375,0.9736175537109375,0.0,77.34291464028173,69.98941798941799,7.353496650863747,70.59970648916855
1742,calcification,train,True,ok,0.4730682373046875,0.522918701171875,0.14101861110215141,29.91104086701287,18.830104537688587,11.080936329324281,20.585352387853558
1743,calcification,train,True,ok,0.4650726318359375,1.0,0.0,129.99235539223727,113.67119262914682,16.321162763090456,40.902522153373845
1744,calcification,train,True,ok,0.4607086181640625,1.0,0.0,123.89550558076375,114.56254420960303,9.33296137116072,42.497401583898636
1745,calcification,train,True,ok,0.4921112060546875,1.0,0.0,125.96747387677901,120.70458164338291,5.2628922333961015,25.624419188725852
1746,calcification,train,True,ok,0.4608612060546875,0.7448883056640625,0.05019368936860577,118.00476773830414,62.40769252540118,55.59707521290296,27.85279478114082
1747,calcification,train,True,ok,0.4479217529296875,0.7696075439453125,0.03467893033554761,104.87950945324476,64.4068986484619,40.47261080478286,70.83401332101651
1748,calcification,train,True,ok,0.3466339111328125,0.9555816650390625,0.0,166.63415063608753,167.64945468133305,-1.0153040452455286,113.60854369852277
1749,calcification,train,True,ok,0.2991790771484375,0.8296661376953125,0.0,169.05079818432193,125.84258311742036,43.20821506690157,124.21782371958857
1750,calcification,train,True,ok,0.324981689453125,0.9488372802734375,0.0,179.50488308761385,136.83211266332114,42.67277042429271,84.80061926683366
1751,calcification,train,True,ok,0.3197479248046875,0.7573089599609375,0.0334526366022429,49.640181340968745,57.70509858459882,-8.064917243630077,153.97495092768722
1752,calcification,train,True,ok,0.3443756103515625,1.0,0.0,94.03513669192255,88.03698186980706,5.998154822115481,124.02397179287132
1753,calcification,train,True,ok,0.397918701171875,1.0,0.0,170.76102461845232,148.23196816868568,22.529056449766642,17.35565173776383
1754,calcification,train,True,ok,0.380035400390625,1.0,0.0,146.81907973982172,142.36793010091066,4.451149638911062,80.63910263058469
1755,calcification,train,True,ok,0.4720306396484375,1.0,0.0,144.02159366413449,149.60940435247537,-5.5878106883408805,28.236327729610334
1756,calcification,train,True,ok,0.4010772705078125,1.0,0.0,128.9734068860567,134.38753152785915,-5.414124641802459,145.49668853030767
1757,calcification,train,True,ok,0.1517181396484375,0.99127197265625,0.0,113.94750075429951,108.09842965841023,5.849071095889286,76.65036605903248
1758,calcification,train,True,ok,0.45428466796875,1.0,0.0,153.97390165255945,148.5334414495023,5.4404602030571425,36.98069184983087
1759,calcification,train,True,ok,0.4088134765625,1.0,0.0,122.10387429083309,112.46768531901714,9.636188971815955,32.90081058704335
1760,calcification,train,True,ok,0.43218994140625,1.0,0.0,131.52397260273972,113.67059013221541,17.85338247052431,20.592917779239826
1761,calcification,train,True,ok,0.340301513671875,1.0,0.0,118.44211281499418,107.95700143405654,10.485111380937639,84.47751081706751
1762,calcification,train,True,ok,0.3722076416015625,1.0,0.0,95.37473865453204,90.48119971805653,4.893538936475508,58.69938659187263
1763,calcification,train,True,ok,0.098724365234375,0.9881591796875,0.0,118.0822256568779,106.23082653303085,11.851399123847045,125.0377761430309
1764,calcification,train,True,ok,0.457672119140625,1.0,0.0,102.38964459558578,101.15027291654944,1.2393716790363385,44.96245038300844
1765,calcification,train,True,ok,0.1123809814453125,0.9076690673828125,0.0,87.32668024439918,79.73889051245466,7.587789731944525,80.60825776792238
1766,calcification,train,True,ok,0.1358184814453125,0.8173065185546875,0.0,95.5628581058308,75.85109914363909,19.71175896219171,99.82919740977518
1767,calcification,train,True,ok,0.4919891357421875,1.0,0.0,173.59237663989083,171.67041119754904,1.9219654423417865,96.51178557768698
1768,calcification,train,True,ok,0.3349456787109375,1.0,0.0,169.03270921598104,162.00529998852815,7.0274092274528925,31.24750053885605
1769,calcification,train,True,ok,0.099029541015625,0.7986602783203125,0.0,137.29414483821265,108.98921180096873,28.304933037243913,156.3706918835231
1770,calcification,train,True,ok,0.2493133544921875,1.0,0.0,145.87428851214884,133.44199849584325,12.432290016305586,23.390754262671376
1771,calcification,train,True,ok,0.0537261962890625,0.91302490234375,0.0,132.23714853734734,109.59532371200515,22.641824825342184,150.44529727399058
1772,calcification,train,True,ok,0.09765625,0.9994049072265625,0.0,133.0325,122.58255546536796,10.449944534632039,85.0845088475517
1773,calcification,train,True,ok,0.2251739501953125,1.0,0.0,157.48871721894693,139.97327635439848,17.515440864548452,12.873240342072066
1774,calcification,train,True,ok,0.0646514892578125,0.8634033203125,0.0,125.09723861222564,95.45747891482732,29.63975969739832,128.7548935373351
1775,calcification,train,True,ok,0.42340087890625,1.0,0.0,117.46468213925328,117.24968243886948,0.21499970038379956,126.52149266766551
1776,calcification,train,True,ok,0.393341064453125,1.0,0.0,110.89013887811312,110.64817143719503,0.24196744091808853,81.93559079152118
1777,calcification,train,True,ok,0.4116058349609375,1.0,0.0,139.42887859128822,131.82593812401132,7.602940467276909,17.579648895354275
1778,calcification,train,True,ok,0.3896331787109375,1.0,0.0,140.5446250244762,129.47436314092147,11.070261883554736,19.225491390433056
1779,calcification,train,True,ok,0.4315032958984375,1.0,0.0,130.60804837511935,125.91692836245538,4.691120012663973,17.398845010411225
1780,calcification,train,True,ok,0.39166259765625,1.0,0.0,101.58091787439614,97.37950235778068,4.201415516615455,25.715796791110453
1781,calcification,train,True,ok,0.4502716064453125,0.855621337890625,0.0,149.95228574333254,91.73905681849723,58.213228924835306,95.5974861776893
1782,calcification,train,True,ok,0.4107818603515625,0.7202301025390625,0.003343115040303109,120.83306712232087,62.02377314515085,58.80929397717002,104.61556468156672
1783,calcification,train,True,ok,0.4661102294921875,1.0,0.0,123.72720725439487,109.03786904455686,14.689338209838013,20.06165713589149
1784,calcification,train,True,ok,0.482635498046875,1.0,0.0,154.18118874486248,135.27139739279184,18.90979135207064,50.39388836705237
1785,calcification,train,True,ok,0.537567138671875,0.9470062255859375,0.0,147.23533919954585,153.70065333597307,-6.465314136427224,115.43183821325437
1786,calcification,train,True,ok,0.552154541015625,0.9532012939453125,0.0,146.36660586967335,160.5617035775128,-14.195097707839437,112.17046473968468
1787,calcification,train,True,ok,0.4832305908203125,0.91796875,0.0,127.4148536423632,149.7937520299997,-22.378898387636497,101.29686201547771
1788,calcification,train,True,ok,0.5137786865234375,0.9335784912109375,0.0,153.47978973003475,187.8126471049741,-34.33285737493935,113.90772679444385
1789,calcification,train,True,ok,0.4668426513671875,0.9765167236328125,0.0,124.9179604510541,112.19032082653617,12.727639624517934,94.75178210050751
1790,calcification,train,True,ok,0.468231201171875,0.99359130859375,0.0,137.80518803363097,122.62456241032999,15.180625623300983,120.4720266982168
1791,calcification,train,True,ok,0.4933013916015625,0.793182373046875,0.0008970274366667698,118.88375761700021,78.32195019122474,40.56180742577547,53.7793013575938
1792,calcification,train,True,ok,0.5615692138671875,1.0,0.0,109.210173083716,102.46333484147148,6.746838242244522,6.581954850741207
1793,calcification,train,True,ok,0.4480438232421875,0.9252777099609375,0.0,140.003405646562,155.34614215022253,-15.342736503660547,109.50275201175471
1794,calcification,train,True,ok,0.4959869384765625,0.964813232421875,0.0,148.05306875865253,156.07671581241863,-8.023647053766098,124.43933186327453
1795,calcification,train,True,ok,0.514190673828125,0.9335784912109375,0.0,124.32969315686391,136.80787109743073,-12.478177940566823,110.13176656339064
1796,calcification,train,True,ok,0.468353271484375,0.953125,0.0,142.139766729654,145.001061936743,-2.8612952070890003,119.9200889154156
1797,calcification,train,True,ok,0.4515838623046875,0.9995269775390625,0.0,88.45747592498734,83.54695194902757,4.910523975959762,97.4713674743257
1798,calcification,train,True,ok,0.4962158203125,0.90863037109375,0.0,93.8580258302583,74.06160649382117,19.796419336437125,60.15774829962298
1799,calcification,train,True,ok,0.51324462890625,0.9680328369140625,0.0,159.91803424901892,130.55366771159873,29.36436653742018,54.14043470521748
1800,calcification,train,True,ok,0.4417266845703125,1.0,0.0,143.64955611592802,136.1836171317681,7.465938984159919,108.73438326694608
1801,calcification,train,True,ok,0.4768829345703125,0.98828125,0.0,172.51191885578984,155.04442435026107,17.467494505528776,78.6980442818039
1802,calcification,train,True,ok,0.4698944091796875,0.94921875,0.0,135.20789089137847,147.85391900060446,-12.646028109225995,115.22063580999036
1803,calcification,train,True,ok,0.4915618896484375,0.9847259521484375,0.0,64.58929070308862,63.93037423846823,0.6589164646203898,103.08356521251058
1804,calcification,train,True,ok,0.4503021240234375,0.95684814453125,0.0,68.26464708074955,50.77529493407356,17.489352146675998,63.13514562845354
1805,calcification,train,True,ok,0.4576568603515625,0.620849609375,0.2567932517587437,71.84142966692228,58.309062262611484,13.532367404310797,56.7342326099514
1806,calcification,train,True,ok,0.4951934814453125,0.696929931640625,0.21628200782670323,77.01374295134502,75.44705740108213,1.5666855502628891,78.87719003718378
1807,calcification,train,True,ok,0.4978485107421875,1.0,0.0,148.20467710791675,145.09635661976967,3.1083204881470863,97.78243977414142
1808,calcification,train,True,ok,0.477386474609375,1.0,0.0,155.57121396151632,155.49512408759125,0.0760898739250706,123.53745414779868
1809,calcification,train,True,ok,0.484039306640625,0.9573516845703125,0.0,99.91933043313789,83.31889158336783,16.600438849770057,61.91155375919145
1810,calcification,train,True,ok,0.4902496337890625,1.0,0.0,143.89697780821066,146.5336007423594,-2.6366229341487326,111.4434093346275
1811,calcification,train,True,ok,0.4579620361328125,1.0,0.0,190.54216506180654,183.04329589280184,7.498869169004706,45.67788424099707
1812,calcification,train,True,ok,0.465728759765625,1.0,0.0,185.80584496428804,180.0499800079968,5.755864956291248,29.68976506579858
1813,calcification,train,True,ok,0.505035400390625,1.0,0.0,109.31095534473383,111.49904433072322,-2.1880889859893955,66.3681831273385
1814,calcification,train,True,ok,0.473968505859375,0.75604248046875,0.08624686111647673,80.35313244478785,70.57846493009224,9.774667514695608,130.49554891646144
1815,calcification,train,True,ok,0.505096435546875,1.0,0.0,110.84913298290134,108.4300117161004,2.4191212668009427,72.63071838970596
1816,calcification,train,True,ok,0.502197265625,0.7671966552734375,0.07155444822557122,76.10822800194458,65.48795365375184,10.620274348192737,129.60667812721
1817,calcification,train,True,ok,0.4988555908203125,1.0,0.0,146.02000428226225,134.69725664525166,11.322747637010593,84.33924237924357
1818,calcification,train,True,ok,0.49267578125,0.9984588623046875,0.0,114.59291377601586,104.28449831568817,10.308415460327694,37.516299111152684
1819,calcification,train,True,ok,0.4817047119140625,0.999969482421875,0.0,136.74525642243972,138.94200253186918,-2.196746109429455,115.00274711181767
1820,calcification,train,True,ok,0.456085205078125,1.0,0.0,130.0987955838073,129.45359928182685,0.6451963019804339,89.6940754487812
1821,calcification,train,True,ok,0.5086517333984375,1.0,0.0,156.10964451777411,150.24154529362443,5.868099224149688,69.90042430512165
1822,calcification,train,True,ok,0.470184326171875,1.0,0.0,147.5475108716817,132.49766718507,15.049843686611723,81.94050389124271
1823,calcification,train,True,ok,0.4732208251953125,0.9371337890625,0.0,142.63325057234064,156.62963821220634,-13.996387639865702,108.9237468998815
1824,calcification,train,True,ok,0.4766845703125,0.99560546875,0.0,170.5901728553137,133.09995334732915,37.49021950798456,59.59211120214425
1825,calcification,train,True,ok,0.4721527099609375,0.730987548828125,0.11214167986297385,56.05322690107617,49.55647096233342,6.496755938742751,117.01061252236535
1826,calcification,train,True,ok,0.4528045654296875,0.9969635009765625,0.0,119.66662173546757,106.3660522573269,13.300569478140673,74.73431995617076
1827,calcification,train,True,ok,0.503021240234375,0.9954681396484375,0.0,200.74370563610992,177.51590420632485,23.227801429785075,51.03042048628589
1828,calcification,train,True,ok,0.4763031005859375,1.0,0.0,173.6246355918629,135.06605285393783,38.558582737925065,23.410062587287282
1829,calcification,train,True,ok,0.45904541015625,0.9812164306640625,0.0,193.26691929264726,142.5936759562225,50.67324333642475,61.74093289577238
1830,calcification,train,True,ok,0.4310302734375,1.0,0.0,183.9635018408383,166.17209289851962,17.791408942318668,78.12909334500416
1831,calcification,train,True,ok,0.4413909912109375,0.83050537109375,0.0,161.03795761745081,108.56740145865771,52.4705561587931,81.42880250407487
1832,calcification,train,True,ok,0.449615478515625,1.0,0.0,191.88016697210344,169.38877183254783,22.491395139555607,73.36048722266422
1833,calcification,train,True,ok,0.476104736328125,0.9486846923828125,0.0,121.31007627716173,88.87854604764956,32.43153022951216,47.09278441837205
1834,calcification,train,True,ok,0.4596099853515625,0.902435302734375,0.0001659971448491086,124.49566747451944,96.78983481575604,27.7058326587634,34.468004438122776
1835,calcification,train,True,ok,0.4456787109375,0.997222900390625,0.0,136.55669679539852,130.68021911473244,5.876477680666085,134.3904974783287
1836,calcification,train,True,ok,0.4704132080078125,1.0,0.0,141.98407343734794,130.64159967729853,11.342473760049415,112.10716227188689
1837,calcification,train,True,ok,0.48114013671875,0.9369049072265625,0.0,96.05765571482938,120.76705681684507,-24.70940110201569,111.06537022135421
1838,calcification,train,True,ok,0.46923828125,1.0,0.0,99.82635275754423,100.94345101195952,-1.1170982544152963,63.778327219704394
1839,calcification,train,True,ok,0.5218353271484375,0.8886566162109375,0.02184274393988128,146.46311295651918,100.61023709991385,45.85287585660534,71.41699202194718
1840,calcification,train,True,ok,0.5317535400390625,0.9518890380859375,0.0,152.8477144250911,118.50327500244403,34.344439422647085,67.14436379233538
1841,calcification,train,True,ok,0.528472900390625,0.8636627197265625,0.00020211353005716927,150.8905122134319,97.35745259206524,53.53305962136665,29.680538517904345
1842,calcification,train,True,ok,0.4485626220703125,0.8105316162109375,0.008504269143109842,154.75517909990816,104.24272946124685,50.51244963866131,9.354649188373134
1843,calcification,train,True,ok,0.419219970703125,0.921142578125,0.0,112.62593724976341,86.51337291787084,26.11256433189257,27.589201176186638
1844,calcification,train,True,ok,0.454681396484375,0.9990692138671875,0.0,142.4263037787771,149.24072415915833,-6.814420380381222,81.63410038711028
1845,calcification,train,True,ok,0.5040435791015625,0.9996795654296875,0.0,166.0328156691793,164.93994400516874,1.0928716640105733,95.74949593675315
1846,calcification,train,True,ok,0.469268798828125,0.6856842041015625,0.0,228.41789685894517,217.2149962624346,11.202900596510574,101.36708083325657
1847,calcification,train,True,ok,0.5374298095703125,0.7537384033203125,0.07489849805513756,133.91453962124868,75.97806366485239,57.93647595639629,74.0592427882557
1848,calcification,train,True,ok,0.454833984375,0.7090301513671875,0.14579978529253892,107.35490472356415,71.7874776085983,35.56742711496585,105.8473440904668
1849,calcification,train,True,ok,0.4015655517578125,0.9371795654296875,0.0,98.11327278945168,77.70057880109131,20.412693988360374,110.61400103724051
1850,calcification,train,True,ok,0.4671783447265625,0.81365966796875,0.10853447431165693,93.96570532710585,86.52942524127266,7.4362800858331894,57.82457352414575
1851,calcification,train,True,ok,0.4792022705078125,1.0,0.0,129.73112561693998,131.1544636840409,-1.4233380671009286,104.62536532543085
1852,calcification,train,True,ok,0.4584197998046875,0.9809417724609375,0.0,167.30403088905902,163.4081931648494,3.8958377242096276,136.2773812307753
1853,calcification,train,True,ok,0.4630279541015625,0.759674072265625,0.058658757620695334,128.34229691876752,81.97695433491518,46.36534258385234,72.4093095573577
1854,calcification,train,True,ok,0.415863037109375,0.8390045166015625,0.0,124.81250458648272,70.78159448304686,54.03091010343586,5.350821839697458
1855,calcification,train,True,ok,0.450439453125,0.9329071044921875,0.0,123.60663956639566,82.02621057307863,41.58042899331703,36.579646882694384
1856,calcification,train,True,ok,0.4541778564453125,0.99993896484375,0.0,94.68590626574836,89.37837913393531,5.307527131813046,138.41145365904504
1857,calcification,train,True,ok,0.392364501953125,0.8117828369140625,0.01022789142101579,93.28132534805943,63.93609060318417,29.345234744875256,40.76353606812698
1858,calcification,train,True,ok,0.3680267333984375,0.80859375,0.0,146.9524441311829,79.8256754472801,67.12676868390278,90.75575930981242
1859,calcification,train,True,ok,0.441253662109375,0.8948974609375,0.0,154.98070405975517,107.15262985417009,47.82807420558508,72.7526230189306
1860,calcification,train,True,ok,0.4578094482421875,0.997467041015625,0.0,179.37479585374797,159.15216840683308,20.222627446914885,86.04783429833707
1861,calcification,train,True,ok,0.4149627685546875,1.0,0.0,150.3296194153337,148.2494457630213,2.0801736523123964,142.553683670762
1862,calcification,train,True,ok,0.4618682861328125,0.99713134765625,0.0,195.64855132313588,177.88263816031986,17.76591316281602,94.3408669099891
1863,calcification,train,True,ok,0.480255126953125,1.0,0.0,138.8798373260469,133.15621513710292,5.723622188943978,133.67098766482204
1864,calcification,train,True,ok,0.475738525390625,0.869781494140625,0.0,137.8447623324139,76.58257174457187,61.26219058784203,26.79261220145407
1865,calcification,train,True,ok,0.4716644287109375,0.98046875,0.0,140.0171459998059,102.9097761732852,37.10736982652071,56.99779969417217
1866,calcification,train,True,ok,0.4990997314453125,1.0,0.0,125.38866978507444,108.83333841045481,16.555331374619627,32.66092802465948
1867,calcification,train,True,ok,0.5082244873046875,0.7704620361328125,0.046446692887381034,86.82219953763473,63.31791243910764,23.504287098527094,100.19058947676758
1868,calcification,train,True,ok,0.5514068603515625,0.9976654052734375,0.0,122.31936796081578,124.43637538691792,-2.117007426102134,110.69474668741776
1869,calcification,train,True,ok,0.5470428466796875,0.99798583984375,0.0,122.67738696270676,119.93060468249958,2.746782280207185,107.39845560611523
1870,mass,test,True,ok,0.373931884765625,0.99993896484375,0.0,157.6360075083653,119.72766268583963,37.90834482252568,41.60463122217272
1871,mass,test,True,ok,0.3384857177734375,1.0,0.0,198.7036018572781,182.42760593269207,16.275995924586027,27.691975574794736
1872,mass,test,True,ok,0.3978271484375,1.0,0.0,142.5700751764345,123.52293229272249,19.047142883712013,4.9477571946815715
1873,mass,test,True,ok,0.373504638671875,1.0,0.0,141.0835852602337,125.02613376199523,16.057451498238464,24.244940354490097
1874,mass,test,True,ok,0.3455963134765625,0.7722320556640625,0.0,227.55424080533356,205.23704152773567,22.317199277597894,21.657421696707363
1875,mass,test,True,ok,0.3753814697265625,1.0,0.0,193.15304255924556,163.45772566263588,29.695316896609683,30.074773467777916
1876,mass,test,True,ok,0.372650146484375,0.908935546875,0.0,122.69134387028089,82.20285061049763,40.488493259783255,87.0782132402407
1877,mass,test,True,ok,0.4085845947265625,0.999114990234375,0.0,188.11547223363334,152.4260429835651,35.68942925006823,30.28119055484258
1878,mass,test,True,ok,0.3678436279296875,0.987548828125,0.0,134.30277512755632,109.14337782712593,25.159397300430385,42.999165495827334
1879,mass,test,True,ok,0.3179779052734375,1.0,0.0,110.07668314218533,93.63644092444683,16.4402422177385,101.6924860944898
1880,mass,test,True,ok,0.3302459716796875,0.76373291015625,0.03155754747493416,84.92228434135748,60.35960175882259,24.56268258253489,133.47417843176936
1881,mass,test,True,ok,0.441253662109375,1.0,0.0,94.19330520782903,83.33464416407232,10.858661043756712,33.329907114468526
1882,mass,test,True,ok,0.394866943359375,1.0,0.0,147.96881520983075,123.28228856724999,24.68652664258076,18.14028941532547
1883,mass,test,True,ok,0.3727874755859375,0.807220458984375,0.020956980884941263,127.6379190372887,98.91229777399343,28.725621263295267,121.22659945947662
1884,mass,test,True,ok,0.3480377197265625,0.999542236328125,0.0,216.8111710289798,197.79933063402532,19.011840394954476,28.07488493389957
1885,mass,test,True,ok,0.2608489990234375,0.65228271484375,0.020941795846738814,93.74267329628546,57.06934208624925,36.67333121003621,115.03258681065867
1886,mass,test,True,ok,0.3498992919921875,0.827880859375,0.0,214.8676028084253,175.35047529632672,39.51712751209857,34.784217619849706
1887,mass,test,True,ok,0.364349365234375,1.0,0.0,118.37193232264009,99.65243170579481,18.71950061684528,10.682887720271808
1888,mass,test,True,ok,0.319122314453125,1.0,0.0,119.55173567944917,99.33111469678634,20.220620982662822,21.97773113528253
1889,mass,test,True,ok,0.442535400390625,1.0,0.0,122.07530515136887,98.68503311983358,23.39027203153529,11.683305992508123
1890,mass,test,True,ok,0.4183349609375,1.0,0.0,189.27739276334987,173.81907135362016,15.458321409729706,33.73704227537393
1891,mass,test,True,ok,0.4061279296875,0.990509033203125,0.0,99.38334084761046,70.33293936279547,29.050401484814984,48.06749853341565
1892,mass,test,True,ok,0.394927978515625,1.0,0.0,119.23004404605517,98.99064407121602,20.239399974839145,7.718724173831691
1893,mass,test,True,ok,0.4104766845703125,1.0,0.0,146.97888554328836,139.28997023424355,7.688915309044802,19.34019903195086
1894,mass,test,True,ok,0.3626251220703125,0.8110504150390625,0.007279612876078267,103.78211655796339,66.28201383735127,37.50010272061212,58.50514943513266
1895,mass,test,True,ok,0.3577728271484375,0.576416015625,0.19477971595513285,36.24604427005587,34.27572524887738,1.97031902117849,117.33755552242373
1896,mass,test,True,ok,0.410430908203125,1.0,0.0,173.49308498773144,147.27586831616543,26.217216671566007,22.726767564167012
1897,mass,test,True,ok,0.3941497802734375,1.0,0.0,152.46757771669698,129.96975192041305,22.497825796283934,33.28446538599643
1898,mass,test,True,ok,0.3230438232421875,1.0,0.0,107.28368995323792,83.60137495773695,23.682314995500974,29.35069981685269
1899,mass,test,True,ok,0.43511962890625,1.0,0.0,172.4269532893814,156.42685035116153,16.000102938219868,55.77880111117301
1900,mass,test,True,ok,0.3254241943359375,1.0,0.0,84.30191775683406,72.36126128163949,11.940656475194572,83.82374224976505
1901,mass,test,True,ok,0.3534088134765625,1.0,0.0,152.7706057596822,139.50930973451327,13.261296025168946,36.9099029036099
1902,mass,test,True,ok,0.3635406494140625,1.0,0.0,148.2146904512067,132.86169116060512,15.352999290601588,18.25475003690857
1903,mass,test,True,ok,0.317626953125,0.9144439697265625,0.0,91.61649692544196,59.26652504472272,32.349971880719245,28.644668517400277
1904,mass,test,True,ok,0.363128662109375,0.85333251953125,0.0,77.32195982855703,62.61243950356989,14.709520324987139,120.58618089205058
1905,mass,test,True,ok,0.4735870361328125,1.0,0.0,119.1595192834359,118.2255137830082,0.9340055004277019,142.39358075189915
1906,mass,test,True,ok,0.348236083984375,0.9593048095703125,0.0,120.67886250109544,86.43753804373273,34.24132445736271,91.79690979031426
1907,mass,test,True,ok,0.3602294921875,0.99981689453125,0.0,164.88961369027447,147.4257775233734,17.463836166901075,96.11670415135279
1908,mass,test,True,ok,0.32830810546875,0.92926025390625,0.0,77.81213980293735,74.63139482053612,3.1807449824012366,140.37723127245772
1909,mass,test,True,ok,0.324066162109375,1.0,0.0,148.6402674451455,136.03555465258026,12.604712792565238,34.45584857444359
1910,mass,test,True,ok,0.315093994140625,1.0,0.0,150.7682808716707,140.97994920465177,9.788331667018923,92.67186809599558
1911,mass,test,True,ok,0.3603515625,0.969573974609375,0.0,174.2352642276423,133.0105677480916,41.22469647955069,21.456877705639986
1912,mass,test,True,ok,0.44207763671875,0.8827362060546875,0.0,165.17931105895346,82.96644240236299,82.21286865659047,36.9130276671484
1913,mass,test,True,ok,0.4774169921875,0.7971954345703125,0.008469700843773971,129.6161467655331,76.60753912637234,53.00860763916076,58.687497514991335
1914,mass,test,True,ok,0.340362548828125,0.695770263671875,0.06702232583161481,43.77073433156998,41.84924820726347,1.9214861243065116,136.00058326799675
1915,mass,test,True,ok,0.3886871337890625,1.0,0.0,141.99591724571115,122.84287247585054,19.153044769860614,27.664633388570422
1916,mass,test,True,ok,0.3837127685546875,0.745269775390625,0.008470195251918718,125.73432218554898,64.19708336428235,61.53723882126663,11.226700623408911
1917,mass,test,True,ok,0.3977813720703125,1.0,0.0,201.67712608845756,172.35356120303038,29.323564885427174,67.25531113060109
1918,mass,test,True,ok,0.41473388671875,0.8725128173828125,0.0,161.21880058866813,92.27638439879028,68.94241618987785,33.8566853818856
1919,mass,test,True,ok,0.5264892578125,1.0,0.0,107.40204034314863,99.33723253415829,8.064807808990338,150.88072197565847
1920,mass,test,True,ok,0.3927459716796875,1.0,0.0,204.03694782237073,175.36321833304018,28.673729489330555,26.12749041101571
1921,mass,test,True,ok,0.3698272705078125,1.0,0.0,197.01897924660642,180.70534395505945,16.313635291546973,62.866226992997035
1922,mass,test,True,ok,0.332550048828125,1.0,0.0,190.57759016243003,180.8439257464222,9.733664416007827,106.8175198172465
1923,mass,test,True,ok,0.4034271240234375,1.0,0.0,218.3848103180907,206.63237588561782,11.752434432472882,22.670798243822645
1924,mass,test,True,ok,0.347320556640625,1.0,0.0,175.5991125560144,154.75674475148455,20.842367804529857,43.93085288851241
1925,mass,test,True,ok,0.36700439453125,0.9984588623046875,0.0,178.32092965241975,143.3942001735609,34.926729478858846,26.83451984043936
1926,mass,test,True,ok,0.40667724609375,0.90435791015625,0.0,143.1856145880234,88.88650858965127,54.29910599837214,109.87715222918382
1927,mass,test,True,ok,0.4198760986328125,1.0,0.0,137.26910637060726,120.17365001709672,17.095456353510542,14.637520276206303
1928,mass,test,True,ok,0.351287841796875,1.0,0.0,135.71783511423857,119.90252622665474,15.815308887583825,20.531867236288203
1929,mass,test,True,ok,0.302520751953125,0.9344329833984375,0.0,57.31322505800464,48.34852329905929,8.964701758945353,72.0138504488519
1930,mass,test,True,ok,0.37786865234375,1.0,0.0,125.14492812146665,105.7790150103012,19.365913111165455,9.813245045006774
1931,mass,test,True,ok,0.3474273681640625,1.0,0.0,118.90078615661645,102.70954240419015,16.191243752426303,18.01207506691355
1932,mass,test,True,ok,0.4123077392578125,1.0,0.0,98.76525665223345,79.62526288459041,19.139993767643034,15.301166131139695
1933,mass,test,True,ok,0.36395263671875,0.9997406005859375,0.0,175.528047962435,129.48649361865463,46.041554343780376,17.6329872220587
1934,mass,test,True,ok,0.390594482421875,0.9995269775390625,0.0,211.23794827720917,177.05055335770444,34.187394919504726,22.05687805853015
1935,mass,test,True,ok,0.3579864501953125,0.985809326171875,0.0,115.89054175013852,95.99106357694593,19.89947817319259,73.72490009230928
1936,mass,test,True,ok,0.341796875,1.0,0.0,163.82227678571428,134.71745178041542,29.104825005298864,33.09453621470774
1937,mass,test,True,ok,0.3961029052734375,1.0,0.0,155.06421664933163,124.89263966445158,30.171576984880048,53.13980226082271
1938,mass,test,True,ok,0.3515777587890625,0.6223907470703125,0.058981815025389524,48.16127772232108,33.16303094481704,14.998246777504043,113.39977374475542
1939,mass,test,True,ok,0.4764556884765625,0.7699432373046875,0.03208967173738991,76.4702321857486,48.381714319023054,28.088517866725546,101.45748597131977
1940,mass,test,True,ok,0.3108367919921875,1.0,0.0,183.6860733395513,170.6215432303775,13.064530109173802,36.62309172398389
1941,mass,test,True,ok,0.3375244140625,0.707489013671875,0.021835443037974682,73.1368896925859,47.04843836373687,26.088451328849025,119.77478745447493
1942,mass,test,True,ok,0.381195068359375,1.0,0.0,123.14318309182612,110.77664348769542,12.366539604130693,32.52405781941648
1943,mass,test,True,ok,0.341400146484375,0.5738677978515625,0.1992938231876285,56.428711897738445,44.67772577730411,11.750986120434334,126.5044136609738
1944,mass,test,True,ok,0.3936920166015625,1.0,0.0,160.2552614239758,136.42509122939475,23.830170194581058,11.692403687247662
1945,mass,test,True,ok,0.3967132568359375,1.0,0.0,132.4819800761568,103.62106381364292,28.860916262513868,22.517435485504638
1946,mass,test,True,ok,0.4002838134765625,1.0,0.0,152.29562002058475,137.3283209933084,14.96729902727634,92.21860251235671
1947,mass,test,True,ok,0.370819091796875,1.0,0.0,188.79565467862727,174.53494688849008,14.26070779013719,27.184364937833163
1948,mass,test,True,ok,0.32342529296875,0.71636962890625,0.02075863370447254,70.13856387997735,53.114343707713125,17.02422017226423,128.9664153554183
1949,mass,test,True,ok,0.4044952392578125,1.0,0.0,140.9534874948131,114.01163297204499,26.941854522768097,18.37278019871415
1950,mass,test,True,ok,0.3575286865234375,1.0,0.0,140.92535529853612,110.00919130744568,30.916163991090443,47.1269618105178
1951,mass,test,True,ok,0.36260986328125,0.8676605224609375,0.0007153677832014813,122.45804578353813,95.13695777075553,27.321088012782596,139.73464304244487
1952,mass,test,True,ok,0.39349365234375,1.0,0.0,165.73572979680472,134.96120559525008,30.77452420155464,38.79356444064205
1953,mass,test,True,ok,0.40020751953125,1.0,0.0,179.96747750495655,154.55177063193244,25.415706873024106,27.99752026544329
1954,mass,test,True,ok,0.3955535888671875,1.0,0.0,161.24619064151526,133.1650973165375,28.081093324977758,12.63787649359619
1955,mass,test,True,ok,0.3239898681640625,1.0,0.0,170.5478264964913,151.62178633501117,18.92604016148013,26.809490412451574
1956,mass,test,True,ok,0.3383026123046875,1.0,0.0,135.73027829146181,118.19677158999193,17.53350670146989,25.92124757946879
1957,mass,test,True,ok,0.3584442138671875,1.0,0.0,137.72206376910307,118.68417172077535,19.03789204832772,18.529440897833993
1958,mass,test,True,ok,0.39752197265625,1.0,0.0,127.98940580377706,108.80250227940432,19.186903524372738,31.152768069698894
1959,mass,test,True,ok,0.344024658203125,1.0,0.0,113.47289984919719,93.35678064666202,20.116119202535174,139.33932915231043
1960,mass,test,True,ok,0.39935302734375,1.0,0.0,134.4557924499465,111.23107407783762,23.22471837210888,69.74380163007635
1961,mass,test,True,ok,0.3370819091796875,1.0,0.0,142.0663618668236,108.51916215905167,33.547199707771924,25.611847016249335
1962,mass,test,True,ok,0.3441314697265625,1.0,0.0,187.03635879927282,157.58357955470768,29.452779244565136,68.4217628240952
1963,mass,test,True,ok,0.3866424560546875,1.0,0.0,127.66521962192668,112.43806751747643,15.227152104450255,17.31273372704779
1964,mass,test,True,ok,0.3547515869140625,1.0,0.0,162.65977031270162,142.39468394542058,20.265086367281043,55.23053988473012
1965,mass,test,True,ok,0.3782958984375,1.0,0.0,189.3259519199742,170.90972903985863,18.416222880115555,10.082293384471477
1966,mass,test,True,ok,0.341766357421875,1.0,0.0,91.5050450933119,70.16825073021467,21.33679436309724,10.2920526196148
1967,mass,test,True,ok,0.3458099365234375,0.9844818115234375,4.4124784891673655e-05,75.70657018047037,58.1679145382875,17.538655642182867,42.84647143927076
1968,mass,test,True,ok,0.2967681884765625,1.0,0.0,150.8095531903954,134.76648512595742,16.04306806443799,4.796141608458315
1969,mass,test,True,ok,0.42034912109375,1.0,0.0,139.65195295484244,115.05191112983047,24.60004182501197,42.36297902933052
1970,mass,test,True,ok,0.3683319091796875,1.0,0.0,166.75375947636604,153.59914969683794,13.154609779528101,94.75497002331298
1971,mass,test,True,ok,0.36248779296875,1.0,0.0,173.27748779255768,144.7076352321685,28.569852560389165,31.381580734889504
1972,mass,test,True,ok,0.3503265380859375,1.0,0.0,185.77564353848163,159.52911196185735,26.246531576624278,25.34960160856396
1973,mass,test,True,ok,0.342620849609375,1.0,0.0,167.3984145363855,145.32753818299986,22.070876353385643,36.51702120430732
1974,mass,test,True,ok,0.3897552490234375,0.9186553955078125,0.0,98.87487765728379,76.93131297977146,21.943564677512327,55.57540125752707
1975,mass,test,True,ok,0.42388916015625,1.0,0.0,139.0343412526998,114.49072995020659,24.543611302493204,42.22812435585231
1976,mass,test,True,ok,0.381866455078125,1.0,0.0,163.6487253256613,144.37148852135275,19.277236804308558,46.35975534500411
1977,mass,test,True,ok,0.4155426025390625,1.0,0.0,162.01824991737965,138.45119181265176,23.56705810472789,27.699680841887886
1978,mass,test,True,ok,0.36968994140625,1.0,0.0,174.93742776952286,149.1211871792389,25.816240590283968,30.159949462679936
1979,mass,test,True,ok,0.4033966064453125,1.0,0.0,161.54189204523962,127.43354049975703,34.10835154548259,48.826286381208796
1980,mass,test,True,ok,0.3128204345703125,0.7645111083984375,0.0,118.8284473928101,69.73345175974242,49.09499563306768,76.34253735459096
1981,mass,test,True,ok,0.3132781982421875,0.64068603515625,0.04427451171399347,94.9258194924748,51.55100544383957,43.37481404863523,83.61711372469368
1982,mass,test,True,ok,0.32794189453125,1.0,0.0,160.13730690489484,149.16844519117245,10.96886171372239,81.79373581225498
1983,mass,test,True,ok,0.39263916015625,1.0,0.0,139.32193377895229,119.87353029846247,19.448403480489816,27.64003558414124
1984,mass,test,True,ok,0.3800201416015625,1.0,0.0,192.01782774543264,176.84415840122074,15.173669344211902,40.13926913591202
1985,mass,test,True,ok,0.4119415283203125,1.0,0.0,158.78505019076195,120.75001946080593,38.03503072995602,37.16399915590943
1986,mass,test,True,ok,0.4381561279296875,1.0,0.0,146.69629113703638,108.97273295130496,37.72355818573142,42.742176081839105
1987,mass,test,True,ok,0.3934478759765625,1.0,0.0,131.2525887143688,118.98125833312369,12.271330381245122,44.740109288119235
1988,mass,test,True,ok,0.40875244140625,1.0,0.0,107.18403762878901,91.02518839682048,16.15884923196853,15.932773581155923
1989,mass,test,True,ok,0.3489990234375,1.0,0.0,139.70592864637985,128.6581192574536,11.047809388926254,51.74892392004766
1990,mass,test,True,ok,0.3620452880859375,0.9994354248046875,0.0,71.30180806675939,54.257432610203544,17.044375456555848,21.196403307885358
1991,mass,test,True,ok,0.404693603515625,0.7832183837890625,0.006296659377120881,48.53872256994193,35.37514738299072,13.163575186951213,42.67256416565933
1992,mass,test,True,ok,0.3408050537109375,1.0,0.0,146.39238862771435,132.6691743246684,13.72321430304595,14.658274323620295
1993,mass,test,True,ok,0.4029083251953125,1.0,0.0,156.35205453512592,118.05484143006824,38.29721310505768,22.79506311525391
1994,mass,test,True,ok,0.38323974609375,1.0,0.0,167.01919095397355,133.2110588817417,33.80813207223184,29.881963304786822
1995,mass,test,True,ok,0.390716552734375,1.0,0.0,180.15863469499337,156.1496368645129,24.008997830480467,17.051915417228713
1996,mass,test,True,ok,0.411529541015625,1.0,0.0,182.66959584723767,173.4613390032671,9.20825684397056,40.65190585924265
1997,mass,test,True,ok,0.4233856201171875,1.0,0.0,195.4558691029661,166.16967900711848,29.286190095847616,67.79375212821981
1998,mass,test,True,ok,0.3586578369140625,1.0,0.0,171.08074877685598,154.53332064428636,16.54742813256962,43.185228325313254
1999,mass,test,True,ok,0.3414459228515625,1.0,0.0,141.58948920766858,106.3839523621956,35.20553684547298,21.51735940104246
2000,mass,test,True,ok,0.333648681640625,0.76446533203125,0.005991036312082685,114.1414067502058,72.0992443324937,42.042162417712106,39.606433254983465
2001,mass,test,True,ok,0.354644775390625,1.0,0.0,152.02357800533517,133.25109944673002,18.772478558605144,15.544817498474309
2002,mass,test,True,ok,0.411376953125,1.0,0.0,172.82666913946588,154.61787121526336,18.208797924202514,14.392367095040377
2003,mass,test,True,ok,0.391571044921875,1.0,0.0,138.8232795573221,107.1848823794954,31.638397177826704,9.765236331586483
2004,mass,test,True,ok,0.3570556640625,1.0,0.0,137.99102564102563,122.36358458325422,15.627441057771406,11.514286282360697
2005,mass,test,True,ok,0.4102783203125,1.0,0.0,193.35941684022612,177.3671082591596,15.99230858106651,10.13938084764978
2006,mass,test,True,ok,0.370269775390625,0.9993438720703125,0.0,196.5860875298772,153.4164041676763,43.169683362200914,22.729091111586484
2007,mass,test,True,ok,0.396697998046875,1.0,0.0,183.92668666820524,135.73380039455714,48.1928862736481,28.491550408089832
2008,mass,test,True,ok,0.420196533203125,1.0,0.0,193.82108359357977,181.4722353808095,12.348848212770264,67.08599181399534
2009,mass,test,True,ok,0.3895111083984375,1.0,0.0,192.7534375367258,173.64005598740283,19.11338154932298,7.760671277573509
2010,mass,test,True,ok,0.35064697265625,1.0,0.0,156.9415143603133,139.55423442052825,17.38727993978506,27.326618196776195
2011,mass,test,True,ok,0.371246337890625,0.9284210205078125,0.0,153.65511713933415,152.54251807989127,1.1125990594428856,114.70975481987611
2012,mass,test,True,ok,0.400848388671875,1.0,0.0,136.7598020555767,121.59326134569348,15.166540709883222,79.08530243068
2013,mass,test,True,ok,0.419769287109375,1.0,0.0,175.1718284260269,145.13819491926577,30.033633506761134,58.562907237726385
2014,mass,test,True,ok,0.403656005859375,1.0,0.0,158.6872684660165,123.31298295890691,35.374285507109576,47.45065045239741
2015,mass,test,True,ok,0.388885498046875,0.894073486328125,0.0,203.47873342227106,168.1663171036205,35.31241631865058,53.8742631304755
2016,mass,test,True,ok,0.3607177734375,1.0,0.0,95.6068950930626,91.84814779453886,3.758747298523744,65.06637621393979
2017,mass,test,True,ok,0.423858642578125,1.0,0.0,194.55871553027575,177.12723131521795,17.431484215057793,45.58483673817018
2018,mass,test,True,ok,0.382476806640625,1.0,0.0,186.08278145695365,164.95764764022732,21.125133816726333,84.00119157618904
2019,mass,test,True,ok,0.3323516845703125,1.0,0.0,151.613332721179,125.0709861730088,26.5423465481702,41.76302646566615
2020,mass,test,True,ok,0.35003662109375,1.0,0.0,191.60466434176112,181.65355901962624,9.951105322134879,21.586982919643475
2021,mass,test,True,ok,0.388519287109375,1.0,0.0,156.95075013745975,138.45772820282477,18.49302193463498,98.67605953683679
2022,mass,test,True,ok,0.39825439453125,1.0,0.0,157.77934865900383,135.64017648848767,22.13917217051616,45.17334957381989
2023,mass,test,True,ok,0.287506103515625,1.0,0.0,166.5271202632417,151.04081894890135,15.486301314340352,25.89231045246976
2024,mass,test,True,ok,0.3986053466796875,1.0,0.0,172.0534394977606,140.28927003780478,31.76416945995581,17.82124550609628
2025,mass,test,True,ok,0.400604248046875,1.0,0.0,160.9317818237221,111.31874649966906,49.613035324053044,40.15362604648146
2026,mass,test,True,ok,0.3680877685546875,1.0,0.0,139.04564108941673,123.39468282906334,15.650958260353391,20.51870433795456
2027,mass,test,True,ok,0.4011077880859375,1.0,0.0,149.84821394605697,136.87627710260134,12.971936843455637,19.18147564571933
2028,mass,test,True,ok,0.372589111328125,1.0,0.0,131.20276025882546,103.12828931368257,28.07447094514289,19.93688354402076
2029,mass,test,True,ok,0.3549346923828125,1.0,0.0,103.5296848802717,91.67287995269072,11.856804927580981,98.28505649373227
2030,mass,test,True,ok,0.2869110107421875,1.0,0.0,132.6273466999947,115.34697109109194,17.280375608902744,6.644564240485606
2031,mass,test,True,ok,0.4572296142578125,1.0,0.0,171.26300684131488,151.4169126535661,19.846094187748776,11.134825789385358
2032,mass,test,True,ok,0.3932952880859375,1.0,0.0,138.1328806983511,123.63798697215864,14.494893726192458,28.986118502926242
2033,mass,test,True,ok,0.417022705078125,1.0,0.0,145.4837175265276,124.86551850494686,20.61819902158075,41.253805043607265
2034,mass,test,True,ok,0.388275146484375,1.0,0.0,163.04397547748172,150.93005737091545,12.113918106566274,120.69250906335455
2035,mass,test,True,ok,0.3689117431640625,0.967529296875,0.0,110.8063862348513,95.63816823424165,15.168218000609656,111.30557879963666
2036,mass,test,True,ok,0.442413330078125,0.979888916015625,0.0,99.86624818928054,72.09282469487165,27.77342349440889,29.97906101088065
2037,mass,test,True,ok,0.472412109375,1.0,0.0,126.78375322997417,111.22336302637667,15.560390203597493,64.05791906570924
2038,mass,test,True,ok,0.4258880615234375,1.0,0.0,92.36928092866611,66.2234950166113,26.14578591205482,42.55211957392352
2039,mass,test,True,ok,0.3719940185546875,1.0,0.0,150.714221255999,123.71113054887383,27.003090707125182,15.461385578442187
2040,mass,test,True,ok,0.3848876953125,1.0,0.0,158.40255312400888,130.97077793212938,27.431775191879495,17.384929625149933
2041,mass,test,True,ok,0.3583221435546875,1.0,0.0,153.55921304773665,134.79766009559364,18.761552952143006,51.21841591641642
2042,mass,test,True,ok,0.3070526123046875,1.0,0.0,119.90259901605128,108.55294739391805,11.349651622133237,132.13550639217516
2043,mass,test,True,ok,0.35040283203125,1.0,0.0,198.43433199790977,184.9253265056845,13.50900549222527,32.671519700861474
2044,mass,test,True,ok,0.36810302734375,1.0,0.0,161.1398607196153,153.721916352748,7.417944366867317,84.46471469024286
2045,mass,test,True,ok,0.3897705078125,0.8898468017578125,0.0,114.78221891637958,84.49562412482497,30.286594791554606,103.87898570799204
2046,mass,test,True,ok,0.358489990234375,1.0,0.0,161.73227206946456,148.11709718852575,13.61517488093881,31.027122751432717
2047,mass,test,True,ok,0.4247283935546875,1.0,0.0,175.79421591521466,155.84453993262778,19.949675982586882,68.49051720985064
2048,mass,test,True,ok,0.382781982421875,1.0,0.0,82.08610380291796,70.08467243510506,12.001431367812899,40.13444626703512
2049,mass,test,True,ok,0.4210205078125,1.0,0.0,168.20462452884894,136.56417351886992,31.640451009979017,98.55534917574909
2050,mass,test,True,ok,0.4128875732421875,1.0,0.0,156.22772460179607,129.9819632507732,26.245761351022878,34.789508080998374
2051,mass,test,True,ok,0.3648529052734375,0.8155364990234375,0.0,69.85190916314667,49.86551351351351,19.98639564963316,154.94317054055062
2052,mass,test,True,ok,0.393402099609375,0.9985198974609375,0.0,147.06512295399892,118.54256175479198,28.522561199206947,106.392610448654
2053,mass,test,True,ok,0.4270477294921875,1.0,0.0,139.08461071211633,125.91573677061973,13.1688739414966,9.508056793061764
2054,mass,test,True,ok,0.33038330078125,1.0,0.0,143.22293552558656,122.66217755901923,20.560757966567337,37.020786310627294
2055,mass,test,True,ok,0.3990020751953125,0.99310302734375,0.0,133.4653715247237,95.21806687485719,38.24730464986652,2.7474848471484643
2056,mass,test,True,ok,0.3683319091796875,0.98333740234375,0.0,145.7482082936327,109.6141266275334,36.134081666099306,18.47403108574231
2057,mass,test,True,ok,0.32623291015625,0.6422119140625,0.10650140318054256,47.13643592142189,40.945443427846726,6.190992493575166,121.74567470143823
2058,mass,test,True,ok,0.3325347900390625,1.0,0.0,144.66764557426697,138.26628260521684,6.401362969050126,146.27871278662087
2059,mass,test,True,ok,0.388702392578125,0.8749542236328125,0.0,163.28939310669702,103.5965503469622,59.692842759734816,27.84467718711682
2060,mass,test,True,ok,0.378692626953125,0.999755859375,0.0,150.86533967281812,129.86379488187043,21.00154479094769,110.87488364428063
2061,mass,test,True,ok,0.401702880859375,1.0,0.0,85.92927144268025,69.54664626370824,16.382625178972006,59.48213332076984
2062,mass,test,True,ok,0.393768310546875,1.0,0.0,184.34701232271564,160.6396425874654,23.70736973525024,75.0421359827088
2063,mass,test,True,ok,0.3767547607421875,1.0,0.0,131.8023976347657,115.82881625657976,15.97358137818594,35.12398410418232
2064,mass,test,True,ok,0.337921142578125,1.0,0.0,130.4319515939673,104.63528462779442,25.796666966172893,91.63046934048116
2065,mass,test,True,ok,0.420013427734375,1.0,0.0,136.71670420693164,108.83246514075243,27.884239066179205,36.53538803818577
2066,mass,test,True,ok,0.3769073486328125,0.94708251953125,0.0,82.2954536253593,65.99642463572916,16.299028989630145,110.70396468884422
2067,mass,test,True,ok,0.4689178466796875,1.0,0.0,185.4921740262276,137.06409998563424,48.428074040593344,23.450544327170842
2068,mass,test,True,ok,0.444854736328125,1.0,0.0,182.11401522947108,148.4965917211808,33.61742350829027,24.813953412098318
2069,mass,test,True,ok,0.3842926025390625,0.9912261962890625,0.0,142.13504069882867,116.94649451066888,25.18854618815979,9.682937321858686
2070,mass,test,True,ok,0.3352203369140625,1.0,0.0,168.28635804997953,150.2610462046962,18.025311845283312,8.690949498671516
2071,mass,test,True,ok,0.4078826904296875,1.0,0.0,133.86427743069845,113.87522226517201,19.989055165526437,23.25802974828218
2072,mass,test,True,ok,0.3929290771484375,0.99615478515625,0.0,151.32992893479866,123.15661681538268,28.173312119415982,8.959836295185433
2073,mass,test,True,ok,0.3514404296875,1.0,0.0,127.87569468565474,112.97903726708074,14.896657418573994,24.906572163920814
2074,mass,test,True,ok,0.3962860107421875,1.0,0.0,136.27496053290207,114.87046632124353,21.404494211658545,39.9581636367908
2075,mass,test,True,ok,0.3836517333984375,1.0,0.0,150.95621047607685,130.34590151758968,20.610308958487167,65.23208635695336
2076,mass,test,True,ok,0.3944549560546875,1.0,0.0,177.71072685776178,154.17530553105706,23.53542132670472,30.09424757179197
2077,mass,test,True,ok,0.404052734375,1.0,0.0,144.9118580060423,122.59258500614503,22.31927299989728,34.90293367766479
2078,mass,test,True,ok,0.4024505615234375,1.0,0.0,160.8054597156398,158.2038252342892,2.601634481350601,46.20571669719076
2079,mass,test,True,ok,0.3477783203125,1.0,0.0,176.63680238680237,157.4421205315366,19.19468185526577,18.423198968426917
2080,mass,test,True,ok,0.35626220703125,1.0,0.0,164.25029981154702,156.52315824405045,7.727141567496574,96.90022003564509
2081,mass,test,True,ok,0.35986328125,1.0,0.0,141.70976085481684,128.4548293287567,13.254931526060147,18.985994453378876
2082,mass,test,True,ok,0.346099853515625,1.0,0.0,145.1014019927696,132.07775236850702,13.023649624262589,64.73138767091518
2083,mass,test,True,ok,0.3997344970703125,1.0,0.0,195.81009275871284,167.65759170289027,28.15250105582257,64.62273810695261
2084,mass,test,True,ok,0.422454833984375,1.0,0.0,204.93888607960702,179.01844121532363,25.920444864283382,11.009251474904229
2085,mass,test,True,ok,0.3673248291015625,0.9989776611328125,0.0,155.32110663398828,133.53008706557654,21.79101956841174,41.741321254763704
2086,mass,test,True,ok,0.387451171875,0.997314453125,0.0,166.31100346565847,111.53213431646074,54.77886914919773,36.458558527474345
2087,mass,test,True,ok,0.3230133056640625,1.0,0.0,205.9224337474609,169.4864200870016,36.43601366045931,11.706042924023595
2088,mass,test,True,ok,0.352203369140625,1.0,0.0,167.12243306472575,128.89157676544025,38.230856299285506,38.12082787939101
2089,mass,test,True,ok,0.429595947265625,1.0,0.0,167.9043119982951,132.8667808035953,35.037531194699795,32.93086162129042
2090,mass,test,True,ok,0.3735504150390625,1.0,0.0,137.64372370409706,119.5703081232493,18.07341558084775,29.806320155728248
2091,mass,test,True,ok,0.3367156982421875,1.0,0.0,133.2920197580097,111.50965055556834,21.78236920244136,14.939447948290283
2092,mass,test,True,ok,0.4847259521484375,0.999267578125,0.0,209.7031510687191,189.5224022032041,20.180748865515,41.37642937549948
2093,mass,test,True,ok,0.3614654541015625,1.0,0.0,195.64481404871458,189.0064520754176,6.6383619732969805,21.19773360952566
2094,mass,test,True,ok,0.383331298828125,1.0,0.0,202.16758219886952,185.20970455782648,16.95787764104304,12.1032779985376
2095,mass,test,True,ok,0.353973388671875,1.0,0.0,146.34451245797052,142.94109310784637,3.403419350124153,29.01916148895684
2096,mass,test,True,ok,0.419891357421875,1.0,0.0,178.09513772803257,159.44265874059656,18.652478987436012,27.042084247290664
2097,mass,test,True,ok,0.36285400390625,1.0,0.0,172.6235912531539,159.25143691924515,13.372154333908753,14.621963112997578
2098,mass,test,True,ok,0.3701171875,1.0,0.0,166.81905507915567,158.6157703488372,8.203284730318472,7.4386500042720485
2099,mass,test,True,ok,0.463775634765625,1.0,0.0,183.4715404356123,174.93961641340846,8.531924022203839,62.88576588327987
2100,mass,test,True,ok,0.4190826416015625,1.0,0.0,162.65232113599126,136.44072916393054,26.211591972060717,6.646790723767442
2101,mass,test,True,ok,0.3855438232421875,1.0,0.0,175.11667392250763,161.90945888897167,13.20721503353596,7.302543846485892
2102,mass,test,True,ok,0.4187164306640625,0.8685302734375,0.00032797638570022957,180.92871979884114,130.1170232313952,50.81169656744595,36.95493139241164
2103,mass,test,True,ok,0.364013671875,0.9997711181640625,0.0,197.87902414486922,173.0693378119002,24.809686332969022,53.83656990410603
2104,mass,test,True,ok,0.4015045166015625,1.0,0.0,143.74655113442026,113.72327460928537,30.02327652513489,42.57380990098408
2105,mass,test,True,ok,0.3597412109375,1.0,0.0,144.53121818798778,129.98443755958056,14.54678062840722,29.68343569786187
2106,mass,test,True,ok,0.3873748779296875,1.0,0.0,183.7419939339032,159.0627911031408,24.679202830762392,30.680407806747873
2107,mass,test,True,ok,0.3892059326171875,1.0,0.0,181.19041831654056,155.02475705113793,26.165661265402633,31.879623011126558
2108,mass,test,True,ok,0.391510009765625,1.0,0.0,157.34394730688285,136.02878780279855,21.315159504084306,33.19457937433359
2109,mass,test,True,ok,0.39227294921875,1.0,0.0,162.43060525906333,148.51398513608515,13.916620122978173,47.11055278702151
2110,mass,test,True,ok,0.362091064453125,1.0,0.0,150.6628739991572,133.44043917141082,17.222434827746383,35.95484615485713
2111,mass,test,True,ok,0.3089447021484375,1.0,0.0,167.70079517953278,154.07425644196164,13.626538737571138,24.601309889160508
2112,mass,test,True,ok,0.3445892333984375,1.0,0.0,154.2486383562857,140.0040975019207,14.244540854364999,32.38907338620657
2113,mass,test,True,ok,0.381805419921875,1.0,0.0,182.67420669810568,163.6188478056968,19.05535889240889,54.57882079692867
2114,mass,test,True,ok,0.330230712890625,1.0,0.0,114.00420478698827,109.78377454777419,4.220430239214082,146.2083095173114
2115,mass,test,True,ok,0.3554534912109375,1.0,0.0,162.17274093153037,134.634359982008,27.538380949522377,17.069257966475146
2116,mass,test,True,ok,0.3694305419921875,0.9971771240234375,0.0,166.46937342530254,132.21335753176044,34.2560158935421,25.27845514056144
2117,mass,test,True,ok,0.3615264892578125,1.0,0.0,178.25627822563627,130.2251989580097,48.03107926762655,26.961655002906387
2118,mass,test,True,ok,0.3746185302734375,1.0,0.0,169.94277218850556,116.0057094058802,53.93706278262536,25.937761080530272
2119,mass,test,True,ok,0.3083648681640625,1.0,0.0,122.5701420159335,108.20927923754054,14.360862778392956,5.623596012348134
2120,mass,test,True,ok,0.36016845703125,1.0,0.0,138.80338078291814,128.52122484021749,10.282155942700655,36.752327553518484
2121,mass,test,True,ok,0.3323211669921875,1.0,0.0,170.67234491941778,161.24693191946432,9.425412999953465,11.940253951212705
2122,mass,test,True,ok,0.3879241943359375,1.0,0.0,186.55670062541793,166.99072619848926,19.565974426928676,16.513183657127854
2123,mass,test,True,ok,0.3959197998046875,1.0,0.0,154.00343006898677,123.71752254414105,30.285907524845726,12.827976039421994
2124,mass,test,True,ok,0.44287109375,1.0,0.0,151.73652839029768,135.81910056967573,15.917427820621953,17.758838520747975
2125,mass,test,True,ok,0.3641204833984375,0.882659912109375,0.0,84.50940786992415,62.43116646269767,22.07824140722648,42.16182177107419
2126,mass,test,True,ok,0.3434600830078125,0.8056640625,0.0,96.70753920653961,64.6872428939968,32.02029631254281,117.91981124736112
2127,mass,test,True,ok,0.375579833984375,1.0,0.0,207.20541155439994,201.9160353843898,5.289376170010144,47.477562649569855
2128,mass,test,True,ok,0.332733154296875,1.0,0.0,162.38049160781435,151.9561628172879,10.42432879052646,16.822720236529495
2129,mass,test,True,ok,0.3179779052734375,1.0,0.0,133.24156629396805,121.8354251963219,11.406141097646142,17.16348422048421
2130,mass,test,True,ok,0.2968292236328125,1.0,0.0,126.71665038811494,110.72000520799428,15.996645180120666,12.196547478830968
2131,mass,test,True,ok,0.4334564208984375,0.9999847412109375,0.0,198.52645474706938,164.03436666756443,34.49208807950495,8.550783991565492
2132,mass,test,True,ok,0.3960418701171875,1.0,0.0,166.77052591022925,116.32828882544655,50.442237084782704,16.48872067808379
2133,mass,test,True,ok,0.41680908203125,1.0,0.0,199.9761312051545,175.18147566718994,24.79465553796456,28.526013678685224
2134,mass,test,True,ok,0.4484710693359375,0.94549560546875,0.0,158.81657650301113,135.69860284963343,23.117973653377703,63.01801460043098
2135,mass,test,True,ok,0.41229248046875,1.0,0.0,178.6658771280533,146.53333679509814,32.13254033295516,24.999832490029174
2136,mass,test,True,ok,0.40185546875,1.0,0.0,191.90560449574727,157.54280612244898,34.36279837329829,38.236497220523674
2137,mass,test,True,ok,0.3352203369140625,1.0,0.0,123.1830306340753,107.88603759726398,15.296993036811315,22.385588770543844
2138,mass,test,True,ok,0.325897216796875,1.0,0.0,125.41141492649125,116.8435420344968,8.56787289199444,11.258573876861105
2139,mass,test,True,ok,0.357421875,1.0,0.0,148.74005293715848,130.0772226443769,18.662830292781592,25.119882250735568
2140,mass,test,True,ok,0.3756561279296875,1.0,0.0,183.22397335391364,156.76469438130852,26.45927897260512,27.347799454237535
2141,mass,test,True,ok,0.3739166259765625,1.0,0.0,146.70614160375433,132.81950232750847,13.886639276245859,85.96485997600793
2142,mass,test,True,ok,0.4111328125,1.0,0.0,147.02790973871734,129.02210302653398,18.005806712183357,23.80684771190258
2143,mass,test,True,ok,0.35626220703125,1.0,0.0,159.56814288161726,141.89779084099743,17.670352040619832,84.77406031265458
2144,mass,test,True,ok,0.3777618408203125,1.0,0.0,193.57769519731792,172.0556413840457,21.52205381327221,57.05254051235833
2145,mass,test,True,ok,0.348724365234375,1.0,0.0,184.14982060033253,152.31952579541726,31.83029480491527,101.56805723614804
2146,mass,test,True,ok,0.392608642578125,1.0,0.0,173.43719393703847,146.89569411646485,26.54149982057362,34.684454832858286
2147,mass,test,True,ok,0.3302154541015625,1.0,0.0,126.3446698396562,103.25278505524547,23.091884784410738,58.496534369129385
2148,mass,test,True,ok,0.36602783203125,1.0,0.0,121.0077955644489,103.3052132473284,17.702582317120502,28.88250395447104
2149,mass,test,True,ok,0.3670196533203125,1.0,0.0,134.662121149129,115.58274473880867,19.079376410320336,11.731644074502167
2150,mass,test,True,ok,0.3724365234375,1.0,0.0,136.92670435922648,115.22743629644039,21.69926806278609,35.16916978921673
2151,mass,test,True,ok,0.409942626953125,1.0,0.0,147.92410481649668,109.51905870183604,38.405046114660635,39.305522384381796
2152,mass,test,True,ok,0.4147491455078125,0.763275146484375,0.030462455391633864,61.71991464626026,37.17301525224873,24.546899394011525,30.49960110295015
2153,mass,test,True,ok,0.3489532470703125,1.0,0.0,118.66386811841357,81.30203670283827,37.36183141557531,16.447583767427396
2154,mass,test,True,ok,0.3826141357421875,0.90869140625,0.0,70.46675972083749,56.4968488173797,13.969910903457787,71.85102793503741
2155,mass,test,True,ok,0.402984619140625,0.792083740234375,0.008443771298750473,97.67644831503219,62.480038848847315,35.196409466184875,50.50938825233653
2156,mass,test,True,ok,0.3420257568359375,0.9972991943359375,0.0,162.95065804149007,122.13329932051668,40.81735872097339,21.328056647496183
2157,mass,test,True,ok,0.375213623046875,0.9969329833984375,0.0,131.8918259455063,112.11090216382553,19.78092378168077,10.253699247897845
2158,mass,test,True,ok,0.3936309814453125,1.0,0.0,139.363026708532,132.41702106243238,6.946005646099621,35.8959718456529
2159,mass,test,True,ok,0.440338134765625,0.98712158203125,0.0,173.83761868459354,149.74210698511368,24.095511699479857,116.79589890842756
2160,mass,test,True,ok,0.4107513427734375,1.0,0.0,133.9461347003975,100.66765932102442,33.27847537937308,13.802225829659747
2161,mass,test,True,ok,0.4132537841796875,1.0,0.0,170.17948528597276,140.69848906457233,29.48099622140043,33.25689601388909
2162,mass,test,True,ok,0.4410552978515625,1.0,0.0,165.7591420169521,118.97256422156097,46.786577795391125,22.775680470204975
2163,mass,test,True,ok,0.2979736328125,1.0,0.0,175.44991806636625,158.93251173708921,16.517406329277037,8.98557951034778
2164,mass,test,True,ok,0.3665924072265625,1.0,0.0,141.10459937565037,125.67897665678977,15.425622718860595,14.080560005788366
2165,mass,test,True,ok,0.420166015625,1.0,0.0,164.31064787914002,145.56523684210526,18.745411037034756,25.993560136660953
2166,mass,test,True,ok,0.360321044921875,1.0,0.0,171.14652324892012,163.9604026525452,7.186120596374906,72.9877083976988
2167,mass,test,True,ok,0.3995208740234375,1.0,0.0,178.8423786426307,166.74365359693036,12.098725045700348,140.83545201697217
2168,mass,test,True,ok,0.3749237060546875,1.0,0.0,160.2011314150828,129.93140485780543,30.26972655727738,62.372561978609696
2169,mass,test,True,ok,0.3484039306640625,0.884613037109375,0.0,104.12902378136907,66.33611221694026,37.792911564428806,58.621908905948615
2170,mass,test,True,ok,0.3472442626953125,1.0,0.0,164.0817330931142,160.81250146099723,3.26923163211697,150.5980521368333
2171,mass,test,True,ok,0.332977294921875,1.0,0.0,191.92516726239575,176.50105229445944,15.424114967936305,72.95478426127005
2172,mass,test,True,ok,0.423675537109375,1.0,0.0,158.4687027299575,137.60055599682286,20.868146733134637,56.891020572976394
2173,mass,test,True,ok,0.420013427734375,1.0,0.0,140.17412628060742,120.30857669034465,19.865549590262773,48.773552138003744
2174,mass,test,True,ok,0.3965911865234375,1.0,0.0,172.44419222038397,152.21734732583133,20.22684489455264,104.85127377055582
2175,mass,test,True,ok,0.3931427001953125,1.0,0.0,124.1992237531535,110.7417716426542,13.457452110499304,26.66379281159524
2176,mass,test,True,ok,0.400665283203125,0.980010986328125,0.0,152.05019422652146,109.53836753398849,42.51182669253296,54.19828237611607
2177,mass,test,True,ok,0.3729248046875,0.9880828857421875,0.0,157.08727495908346,125.94427681526183,31.14299814382163,47.34983103976905
2178,mass,test,True,ok,0.409820556640625,1.0,0.0,168.47427209769901,150.88249133874555,17.591780758953462,44.10077296718171
2179,mass,test,True,ok,0.3824310302734375,1.0,0.0,128.94270438494993,115.4040965581993,13.538607826750635,60.46808338065989
2180,mass,test,True,ok,0.412750244140625,1.0,0.0,186.9724584103512,151.3267421919659,35.6457162183853,8.978996612256308
2181,mass,test,True,ok,0.40484619140625,1.0,0.0,176.38493140358813,142.77581786483438,33.609113538753746,23.151075575278792
2182,mass,test,True,ok,0.39825439453125,1.0,0.0,160.09003831417624,131.89750481793286,28.192533496243385,28.699115785518952
2183,mass,test,True,ok,0.42291259765625,0.9958953857421875,0.0,180.09629816712368,152.662823902697,27.43347426442668,18.603993646424044
2184,mass,test,True,ok,0.367431640625,1.0,0.0,94.54638704318937,75.06527402547279,19.48111301771658,55.82765187885613
2185,mass,test,True,ok,0.3426513671875,0.9571075439453125,0.0,95.3364356964731,69.5561513463324,25.780284350140704,47.85323245140005
2186,mass,test,True,ok,0.4026031494140625,0.7903289794921875,0.009437180216031836,103.57343187417094,69.62023958519578,33.95319228897516,72.4384565374884
2187,mass,test,True,ok,0.41900634765625,1.0,0.0,195.18758193736343,179.35652379451622,15.831058142847212,22.065716660897305
2188,mass,test,True,ok,0.361175537109375,1.0,0.0,126.52319391634981,117.21647637701237,9.306717539337441,6.74441926381719
2189,mass,test,True,ok,0.327850341796875,1.0,0.0,143.22591454900865,132.97355278093076,10.25236176807789,42.458989668111236
2190,mass,test,True,ok,0.344696044921875,1.0,0.0,190.3899070385126,154.53304149396917,35.85686554454344,45.024222574518454
2191,mass,test,True,ok,0.4307861328125,1.0,0.0,164.7144020969113,124.19954964615054,40.514852450760756,47.77129727033346
2192,mass,test,True,ok,0.36651611328125,1.0,0.0,137.83234804329726,131.55544850178245,6.276899541514808,40.138587454463114
2193,mass,test,True,ok,0.3438873291015625,1.0,0.0,127.245241158983,110.0640480011163,17.1811931578667,23.57147591922381
2194,mass,test,True,ok,0.328948974609375,1.0,0.0,197.00468503571759,177.22897812542635,19.775706910291234,30.710197537374697
2195,mass,test,True,ok,0.3288116455078125,1.0,0.0,180.76036010951785,172.00022733989587,8.760132769621976,9.807370589711294
2196,mass,test,True,ok,0.4090118408203125,0.9989776611328125,0.0,195.77082633836972,142.66318969301076,53.10763664535895,26.081623678769795
2197,mass,test,True,ok,0.392425537109375,0.95965576171875,0.0,186.79500738782176,127.80162238183736,58.99338500598439,20.810944954896243
2198,mass,test,True,ok,0.3811492919921875,1.0,0.0,105.88754553825213,98.7447049831102,7.14284055514193,78.04526971852647
2199,mass,test,True,ok,0.3883209228515625,1.0,0.0,120.05159338284412,104.76229201486767,15.28930136797645,90.37057480243038
2200,mass,test,True,ok,0.3802337646484375,0.936187744140625,0.0,137.11441069063767,93.3179210675333,43.796489623104364,36.35717577761724
2201,mass,test,True,ok,0.4329986572265625,0.8618316650390625,0.0,89.50903901046622,65.07379100621652,24.4352480042497,150.34748501772341
2202,mass,test,True,ok,0.41650390625,1.0,0.0,198.53300849941382,168.46903765690377,30.06397084251006,24.18976501089013
2203,mass,test,True,ok,0.3775634765625,1.0,0.0,197.65446168768187,166.56991566973917,31.0845460179427,11.697197106651686
2204,mass,test,True,ok,0.34295654296875,1.0,0.0,204.66190603310199,173.7638179284719,30.89808810463009,23.73261355605692
2205,mass,test,True,ok,0.3574676513671875,1.0,0.0,159.67392325094977,120.55579567313401,39.118127577815756,11.056069872526269
2206,mass,test,True,ok,0.3748016357421875,1.0,0.0,114.92574196962912,96.41725038439948,18.508491585229635,20.514732210434058
2207,mass,test,True,ok,0.3759765625,1.0,0.0,120.57974837662337,95.40285113458529,25.17689724203808,20.001685495307438
2208,mass,test,True,ok,0.3642120361328125,1.0,0.0,104.14177384892538,93.82936136510908,10.312412483816303,17.534302232906963
2209,mass,test,True,ok,0.364013671875,1.0,0.0,113.79967303822937,100.62653550863723,13.17313752959214,19.19302078653543
2210,mass,test,True,ok,0.40155029296875,1.0,0.0,164.7905456756346,156.73403875573686,8.056506919897743,123.23068187168082
2211,mass,test,True,ok,0.349212646484375,1.0,0.0,180.63340033208075,155.23181711606097,25.401583216019787,62.258150947481134
2212,mass,test,True,ok,0.393096923828125,1.0,0.0,136.41138110395156,111.34670890531503,25.06467219863653,14.085800605989348
2213,mass,test,True,ok,0.3922576904296875,1.0,0.0,120.30166880616174,103.59913630771548,16.70253249844626,96.44291053690436
2214,mass,test,True,ok,0.43231201171875,1.0,0.0,141.70390371311592,128.38901730996668,13.314886403149245,15.364754729151695
2215,mass,test,True,ok,0.4212646484375,1.0,0.0,132.96990002897712,118.27040708711242,14.699492941864705,29.064179284820245
2216,mass,test,True,ok,0.392578125,0.9999847412109375,0.0,133.13409514925374,107.10636053054662,26.027734618707115,17.93234245373782
2217,mass,test,True,ok,0.3699493408203125,0.9994964599609375,0.0,132.7221282738709,122.66898355573854,10.053144718132373,122.11820053364096
2218,mass,test,True,ok,0.32696533203125,1.0,0.0,150.68718499159976,138.52137934161604,12.165805649983724,12.433545768438826
2219,mass,test,True,ok,0.422515869140625,1.0,0.0,176.09259660527266,156.723088305237,19.369508300035648,76.36195106559558
2220,mass,test,True,ok,0.4092559814453125,1.0,0.0,162.5965474814511,148.56523311378018,14.031314367670916,49.87913690815503
2221,mass,test,True,ok,0.3882904052734375,1.0,0.0,141.75957873226707,112.80902491955399,28.950553812713082,19.9288537094964
2222,mass,test,True,ok,0.4166107177734375,0.977325439453125,0.0,116.10328535325789,87.95258023173699,28.1507051215209,62.25314735672978
2223,mass,test,True,ok,0.37701416015625,1.0,0.0,190.92581350169985,163.45277750563338,27.47303599606647,13.739965458445447
2224,mass,test,True,ok,0.43402099609375,1.0,0.0,201.3321614400225,166.33664941227218,34.99551202775032,29.36623035518879
2225,mass,test,True,ok,0.366668701171875,1.0,0.0,138.6317519766958,123.78065821808894,14.85109375860685,118.4031766182478
2226,mass,test,True,ok,0.4156036376953125,1.0,0.0,137.79079928039064,124.76605133293297,13.02474794745767,102.20252163516238
2227,mass,test,True,ok,0.3683624267578125,1.0,0.0,174.9388177788824,154.29841768329507,20.640400095587324,20.90034855988444
2228,mass,test,True,ok,0.345672607421875,1.0,0.0,153.5960536770548,140.42283475584162,13.173218921213191,28.592120720125674
2229,mass,test,True,ok,0.35675048828125,1.0,0.0,139.21343028229256,125.23066704620932,13.982763236083244,18.477137986536174
2230,mass,test,True,ok,0.3767242431640625,1.0,0.0,150.75065818785694,122.01909564961932,28.731562538237625,40.685379661011126
2231,mass,test,True,ok,0.3394775390625,0.7067413330078125,0.030609492988133764,40.60607695073715,31.91411014599889,8.691966804738257,125.39207290318272
2232,mass,test,True,ok,0.4041900634765625,1.0,0.0,147.68530333345916,121.01826004558609,26.66704328787307,43.27105129947779
2233,mass,test,True,ok,0.3464813232421875,1.0,0.0,120.0247060377857,106.4992178197016,13.525488218084107,58.18808731488025
2234,mass,test,True,ok,0.3608245849609375,1.0,0.0,126.95369391466149,113.70130583208002,13.252388082581462,42.19505694115035
2235,mass,test,True,ok,0.3592529296875,1.0,0.0,170.39496262317363,159.3430177176605,11.051944905513125,38.921313142799434
2236,mass,test,True,ok,0.45947265625,1.0,0.0,181.28948591923486,161.5426546973803,19.746831221854563,33.47039395906807
2237,mass,test,True,ok,0.399078369140625,1.0,0.0,135.77483367744895,116.40241734802702,19.372416329421938,48.58531452554911
2238,mass,test,True,ok,0.39593505859375,1.0,0.0,163.77948204100508,143.4846418106497,20.29484023035539,72.358669670111
2239,mass,test,True,ok,0.3753814697265625,1.0,0.0,172.22990935327832,154.60202760473922,17.627881748539096,27.29159359666944
2240,mass,test,True,ok,0.40740966796875,0.9995880126953125,0.0,118.5232584269663,100.59568441652075,17.92757401044554,122.87605393795513
2241,mass,test,True,ok,0.36688232421875,1.0,0.0,114.76688570953253,96.65043863877374,18.116447070758795,61.29717297948483
2242,mass,test,True,ok,0.3790283203125,1.0,0.0,162.99778582930756,136.08846078238648,26.909325046921083,12.758842506768774
2243,mass,test,True,ok,0.3545074462890625,1.0,0.0,136.68540438169845,120.27357397820485,16.411830403493596,28.92263758368359
2244,mass,test,True,ok,0.4307098388671875,1.0,0.0,160.05310518298083,113.83384706103085,46.21925812194998,18.331444634165468
2245,mass,test,True,ok,0.3358154296875,1.0,0.0,171.58519629225736,153.3614914537769,18.223704838480472,39.66503116055293
2246,mass,test,True,ok,0.385162353515625,0.99981689453125,0.0,202.17898740194914,176.07591700997668,26.103070391972466,21.540463633307727
2247,mass,test,True,ok,0.3778228759765625,1.0,0.0,167.02988570736238,141.16230533415083,25.867580373211553,26.405983520348165
2248,mass,train,True,ok,0.3854217529296875,1.0,0.0,141.12518310305236,126.93092832137448,14.194254781677884,72.34030532406176
2249,mass,train,True,ok,0.3530426025390625,1.0,0.0,168.06850499200414,145.14495624896813,22.923548743036008,32.09337121451824
2250,mass,train,True,ok,0.4130401611328125,1.0,0.0,161.6242565296095,152.2165492500065,9.407707279603017,45.992881422988546
2251,mass,train,True,ok,0.358367919921875,1.0,0.0,149.87677765477306,137.29588585017837,12.5808918045947,17.118722039338945
2252,mass,train,True,ok,0.3578643798828125,1.0,0.0,178.73512983413636,148.05493904902218,30.680190785114178,34.640191255960694
2253,mass,train,True,ok,0.34332275390625,1.0,0.0,170.9597777777778,157.88047216284042,13.079305614937368,8.478405099424682
2254,mass,train,True,ok,0.418548583984375,1.0,0.0,145.21571272329567,117.79011179341836,27.425600929877305,29.26248069753349
2255,mass,train,True,ok,0.4200592041015625,1.0,0.0,157.53568963638344,132.75688688925723,24.778802747126207,23.09915998200622
2256,mass,train,True,ok,0.39300537109375,1.0,0.0,157.11764249107003,127.83790849673203,29.279733994338002,30.6756765292008
2257,mass,train,True,ok,0.3689727783203125,1.0,0.0,153.02249700177825,138.2648047394511,14.75769226232714,139.7199798707921
2258,mass,train,True,ok,0.354827880859375,1.0,0.0,124.21415670422293,110.55588666572064,13.658270038502295,35.85783021455779
2259,mass,train,True,ok,0.362030029296875,0.9989776611328125,0.0,109.63188063727556,88.86032049748864,20.771560139786914,12.699025137282261
2260,mass,train,True,ok,0.4524383544921875,1.0,0.0,143.63222151023575,128.91712414657934,14.715097363656412,17.649378372233635
2261,mass,train,True,ok,0.3958587646484375,0.752960205078125,0.0,68.01908029140809,53.66640567777132,14.352674613636765,104.40166069487778
2262,mass,train,True,ok,0.3748931884765625,1.0,0.0,120.0967072326916,103.95352356774966,16.143183664941944,4.482084909015047
2263,mass,train,True,ok,0.340240478515625,1.0,0.0,85.77374652435196,62.735880475507656,23.037866048844307,37.437311177701766
2264,mass,train,True,ok,0.3682708740234375,1.0,0.0,140.50097368966232,133.8983840970025,6.602589592659825,140.00084001159135
2265,mass,train,True,ok,0.4118194580078125,1.0,0.0,165.26918374152433,153.25428697434302,12.014896767181312,31.264818629621022
2266,mass,train,True,ok,0.40301513671875,1.0,0.0,151.55012872936544,136.24488804825683,15.305240681108614,8.39449693519489
2267,mass,train,True,ok,0.3983154296875,1.0,0.0,153.44924149555624,132.0154443091905,21.433797186365723,24.625854583789966
2268,mass,train,True,ok,0.36981201171875,1.0,0.0,194.6634758210926,171.01188861985472,23.651587201237874,53.835867910086314
2269,mass,train,True,ok,0.3566131591796875,0.9998626708984375,0.0,135.25561593427753,111.98878216530298,23.26683376897455,53.64883987072836
2270,mass,train,True,ok,0.4108734130859375,0.9418792724609375,0.0,170.560886842203,109.51068403740061,61.05020280480238,15.360965675607437
2271,mass,train,True,ok,0.4035491943359375,0.933685302734375,0.0,148.66128483381857,85.23234157947249,63.42894325434608,38.81075518466516
2272,mass,train,True,ok,0.35675048828125,1.0,0.0,102.0704875962361,80.87861751589335,21.191870080342753,4.918235463041655
2273,mass,train,True,ok,0.332244873046875,1.0,0.0,118.57779921006706,102.51215666560029,16.06564254446677,24.057033147724802
2274,mass,train,True,ok,0.471649169921875,0.7509613037109375,0.08013587835651892,98.86240698802976,74.47178420839832,24.390622779631443,150.12781230884136
2275,mass,train,True,ok,0.38299560546875,0.9996795654296875,0.0,191.90330677290837,166.158324265506,25.74498250740237,96.78824300797412
2276,mass,train,True,ok,0.3558807373046875,0.7363128662109375,0.00248681558976118,53.560090897397416,34.6882950749769,18.871795822420516,142.71773665678995
2277,mass,train,True,ok,0.3993072509765625,0.998046875,0.0,168.84730024074287,115.16704346279879,53.68025677794408,38.07936394273971
2278,mass,train,True,ok,0.3820953369140625,1.0,0.0,143.922646859151,114.86018026916904,29.062466589981966,21.714300433217794
2279,mass,train,True,ok,0.3600311279296875,0.7694244384765625,0.0008052553507098962,117.16940029667302,86.67156243294151,30.497837863731505,68.51303094632529
2280,mass,train,True,ok,0.3286895751953125,1.0,0.0,178.7420268325519,153.1834981247869,25.558528707764992,47.11637555568021
2281,mass,train,True,ok,0.388397216796875,1.0,0.0,180.0158324821246,150.91841724464848,29.097415237476127,21.592004812935883
2282,mass,train,True,ok,0.551116943359375,1.0,0.0,186.3783155213467,161.3025698551907,25.075745666155996,36.97192421438676
2283,mass,train,True,ok,0.361328125,0.768280029296875,0.04408783783783784,119.00929054054055,79.78058103975535,39.2287095007852,16.15347280844646
2284,mass,train,True,ok,0.3720550537109375,0.795806884765625,0.019480785793380632,123.76684575318869,88.7098388938838,35.05700685930489,27.868092485605292
2285,mass,train,True,ok,0.373992919921875,1.0,0.0,142.75920032639738,138.36028372251744,4.39891660387994,21.292740824941127
2286,mass,train,True,ok,0.38946533203125,1.0,0.0,114.25572010656637,108.50167449765071,5.754045608915661,56.09102726907328
2287,mass,train,True,ok,0.279998779296875,1.0,0.0,125.55613079019074,107.21877251727207,18.337358272918664,14.15272811478214
2288,mass,train,True,ok,0.34466552734375,1.0,0.0,117.66871790331149,104.65395361832914,13.014764284982348,36.5087906274787
2289,mass,train,True,ok,0.363861083984375,1.0,0.0,113.10848779669546,83.46361237706884,29.644875419626615,36.80053843050645
2290,mass,train,True,ok,0.3420257568359375,1.0,0.0,157.47677894267233,141.44226710883328,16.034511833839048,32.31650178970193
2291,mass,train,True,ok,0.3404998779296875,1.0,0.0,153.71700649787138,141.55473033941834,12.16227615845304,37.00277542868539
2292,mass,train,True,ok,0.355621337890625,1.0,0.0,123.53557023942332,122.68126923987687,0.854300999546453,76.57193798659173
2293,mass,train,True,ok,0.3851470947265625,1.0,0.0,129.948853056535,106.73957066633578,23.20928239019922,58.552529310554895
2294,mass,train,True,ok,0.399200439453125,1.0,0.0,176.12957724944576,153.93274749834916,22.1968297510966,146.16943951986968
2295,mass,train,True,ok,0.38360595703125,1.0,0.0,165.83619729514717,147.61889791068424,18.217299384462933,40.311873437599246
2296,mass,train,True,ok,0.38720703125,0.9672393798828125,0.0,139.34733606557376,113.35973605577689,25.987600009796864,52.61664849381001
2297,mass,train,True,ok,0.3409881591796875,0.9745635986328125,0.0,176.18226160110976,142.172104007965,34.010157593144754,118.15207497446414
2298,mass,train,True,ok,0.3734588623046875,0.99505615234375,0.0,120.40151174668028,86.63795328900903,33.76355845767125,28.93678888364967
2299,mass,train,True,ok,0.412567138671875,1.0,0.0,152.40369110141282,105.12553898903839,47.27815211237443,40.2164649611929
2300,mass,train,True,ok,0.3302459716796875,1.0,0.0,90.30499468650372,82.17280659786299,8.132188088640731,83.77655699000734
2301,mass,train,True,ok,0.338592529296875,1.0,0.0,115.99499774673276,98.74172934065427,17.25326840607849,12.037463507765331
2302,mass,train,True,ok,0.36370849609375,0.9224090576171875,0.0,83.41357610337305,73.03009592326138,10.383480180111661,116.32993717853293
2303,mass,train,True,ok,0.4134979248046875,1.0,0.0,140.4530056459648,128.07141556312928,12.381590082835515,78.1154272627384
2304,mass,train,True,ok,0.3922119140625,1.0,0.0,165.72759103641457,144.1958726651938,21.531718371220762,10.811275088906644
2305,mass,train,True,ok,0.3628082275390625,1.0,0.0,130.56630357067755,106.01954069781364,24.54676287286391,37.21295796787031
2306,mass,train,True,ok,0.3880615234375,1.0,0.0,160.19959106637307,128.4084879313784,31.79110313499467,19.868045336625567
2307,mass,train,True,ok,0.379302978515625,1.0,0.0,154.3738434306863,124.68368651359457,29.690156917091727,45.109828579540746
2308,mass,train,True,ok,0.4033966064453125,1.0,0.0,156.23028331505088,114.9193585513696,41.310924763681285,30.11683461429187
2309,mass,train,True,ok,0.399505615234375,1.0,0.0,141.85375448781605,107.5269604106317,34.326794077184346,64.06016314677555
2310,mass,train,True,ok,0.4127960205078125,1.0,0.0,173.86145713968875,151.26856014343997,22.592896996248783,15.437945302997903
2311,mass,train,True,ok,0.3806610107421875,1.0,0.0,144.7132721369303,123.73630786666338,20.97696427026692,20.647880977997474
2312,mass,train,True,ok,0.3428192138671875,0.9978179931640625,0.0,149.73004851560066,123.12199029464348,26.608058220957176,79.37017422729356
2313,mass,train,True,ok,0.32611083984375,1.0,0.0,130.89027699794124,109.34872294176252,21.541554056178725,32.89415799988793
2314,mass,train,True,ok,0.4247283935546875,1.0,0.0,164.3166876234956,125.95116840402112,38.36551921947448,19.917541964535516
2315,mass,train,True,ok,0.3621063232421875,1.0,0.0,138.03746154818592,117.0205238607822,21.01693768740371,50.99135766304617
2316,mass,train,True,ok,0.4213104248046875,1.0,0.0,140.8397740031147,102.03005932762031,38.809714675494405,40.6443535914272
2317,mass,train,True,ok,0.4220123291015625,1.0,0.0,107.124308493329,92.48398848966445,14.640320003664542,78.28636796545256
2318,mass,train,True,ok,0.3836212158203125,1.0,0.0,91.51827691818146,77.59858893427405,13.919687983907409,82.3111403223471
2319,mass,train,True,ok,0.3516845703125,1.0,0.0,97.11363241929885,80.10817171907362,17.00546070022523,24.65777184151341
2320,mass,train,True,ok,0.3911590576171875,0.968597412109375,0.0,111.77468305051687,90.21448084007919,21.56020221043768,113.53777597051972
2321,mass,train,True,ok,0.400482177734375,0.9870758056640625,0.0,134.1578907262059,111.26011707813693,22.897773648068963,116.53285667166087
2322,mass,train,True,ok,0.37652587890625,1.0,0.0,183.52253201491328,154.51130690161528,29.011225113297996,45.0650481357653
2323,mass,train,True,ok,0.403289794921875,1.0,0.0,198.93734392735527,183.65074413133536,15.286599796019914,24.07580276810505
2324,mass,train,True,ok,0.3704071044921875,1.0,0.0,119.22224510813594,106.78684472019583,12.435400387940106,34.95354496379566
2325,mass,train,True,ok,0.3005523681640625,1.0,0.0,159.39777631111338,141.89897249067388,17.49880382043949,107.66916930060002
2326,mass,train,True,ok,0.33416748046875,1.0,0.0,161.83899543378996,152.31185259877165,9.52714283501831,30.91249565473931
2327,mass,train,True,ok,0.2798614501953125,0.886871337890625,0.0,198.5219998909547,166.0587138468058,32.4632860441489,67.91890103902263
2328,mass,train,True,ok,0.3758087158203125,1.0,0.0,127.62613179585043,122.02515461901386,5.600977176836565,39.246123380757524
2329,mass,train,True,ok,0.333465576171875,1.0,0.0,103.16102315365607,93.30451902385423,9.856504129801849,17.117381741541863
2330,mass,train,True,ok,0.3740386962890625,1.0,0.0,112.23053073879166,104.07288594203251,8.157644796759143,5.413649117596012
2331,mass,train,True,ok,0.3083953857421875,1.0,0.0,104.25134827569146,95.59479316050745,8.656555115184005,5.6898177991808705
2332,mass,train,True,ok,0.3193206787109375,0.952789306640625,0.0,54.396951306924066,47.52621668273218,6.870734624191883,66.37709992030256
2333,mass,train,True,ok,0.339447021484375,1.0,0.0,132.97806347208487,122.62037422037422,10.357689251710653,31.185626333985436
2334,mass,train,True,ok,0.328155517578125,1.0,0.0,135.12466288477634,127.61769248239837,7.5069704023779735,43.657032649904764
2335,mass,train,True,ok,0.3441009521484375,1.0,0.0,137.1133874329298,124.6457136210306,12.467673811899218,11.189021241914002
2336,mass,train,True,ok,0.39996337890625,1.0,0.0,145.87005951472608,131.44751296917912,14.422546545546965,32.61145755840708
2337,mass,train,True,ok,0.338592529296875,1.0,0.0,126.37422262280306,110.82086005629124,15.553362566511822,7.897357608486071
2338,mass,train,True,ok,0.2894287109375,1.0,0.0,113.17471530999578,101.77323483937468,11.401480470621095,14.226306900522964
2339,mass,train,True,ok,0.2989959716796875,1.0,0.0,102.42985455473335,90.15907359439281,12.270780960340545,14.27308828026425
2340,mass,train,True,ok,0.357086181640625,0.87310791015625,0.0,73.28241175967867,57.17781364218921,16.10459811748946,43.974780674999856
2341,mass,train,True,ok,0.347900390625,1.0,0.0,153.30890350877192,133.71660894795957,19.59229456081235,17.15970664174913
2342,mass,train,True,ok,0.329345703125,1.0,0.0,135.4379633061527,114.05160174736076,21.386361558791947,28.468350485224917
2343,mass,train,True,ok,0.3354644775390625,1.0,0.0,157.52826927450533,142.98950655553259,14.538762718972748,22.91578248036053
2344,mass,train,True,ok,0.3327178955078125,0.929473876953125,0.0,200.44457693189636,157.06889849305983,43.37567843883653,82.93681644074117
2345,mass,train,True,ok,0.3521270751953125,1.0,0.0,166.77826407245308,135.14559928401516,31.63266478843792,60.248196705314136
2346,mass,train,True,ok,0.433685302734375,1.0,0.0,184.06973471254662,162.3926281187692,21.67710659377741,42.849875102315686
2347,mass,train,True,ok,0.43829345703125,1.0,0.0,160.72329759086477,141.1373193523851,19.58597823847967,33.38357805310091
2348,mass,train,True,ok,0.366851806640625,1.0,0.0,145.40025788203977,129.71824842145853,15.682009460581241,45.239257678746625
2349,mass,train,True,ok,0.4685821533203125,1.0,0.0,181.77231430525254,163.7528641571195,18.019450148133046,25.09523677529659
2350,mass,train,True,ok,0.3987884521484375,0.82012939453125,0.0,162.2492443083987,103.3363620212685,58.91288228713019,72.71394862545178
2351,mass,train,True,ok,0.3889007568359375,0.8739166259765625,0.0,181.03911798171617,103.96908786736248,77.0700301143537,43.26524107903666
2352,mass,train,True,ok,0.3905487060546875,1.0,0.0,108.97011134987302,84.76840840239353,24.20170294747949,92.09183011632645
2353,mass,train,True,ok,0.3581085205078125,1.0,0.0,141.36350078827388,120.79394775001784,20.569553038256046,31.17547604512732
2354,mass,train,True,ok,0.328643798828125,1.0,0.0,157.89971213668863,125.78255829810446,32.11715383858417,8.95398990908774
2355,mass,train,True,ok,0.375946044921875,1.0,0.0,169.3900073057878,142.96347009633723,26.426537209450572,14.880477882543254
2356,mass,train,True,ok,0.3737030029296875,1.0,0.0,162.39557388428403,148.9136801071994,13.481893777084622,27.852111082452623
2357,mass,train,True,ok,0.3194732666015625,1.0,0.0,182.0092181305822,161.79898652436154,20.210231606220674,91.97897468346967
2358,mass,train,True,ok,0.4403533935546875,1.0,0.0,157.16601406840155,144.25991765956866,12.906096408832894,60.827643354889844
2359,mass,train,True,ok,0.436279296875,1.0,0.0,170.2124720201455,155.89218817669988,14.320283843445623,49.76265697791638
2360,mass,train,True,ok,0.439239501953125,1.0,0.0,143.4393107760717,108.02838095238096,35.410929823690736,53.85835397713121
2361,mass,train,True,ok,0.3812103271484375,0.9999847412109375,0.0,125.73433935075852,95.463097674648,30.27124167611052,15.797194531044495
2362,mass,train,True,ok,0.3524017333984375,1.0,0.0,170.38670707945442,153.06997950095428,17.31672757850015,36.69365147785504
2363,mass,train,True,ok,0.4055023193359375,1.0,0.0,179.00327375352776,153.314134647468,25.68913910605977,45.9550119074227
2364,mass,train,True,ok,0.4012603759765625,1.0,0.0,163.33315587329352,154.18224215703765,9.150913716255872,25.9127106382816
2365,mass,train,True,ok,0.4228515625,1.0,0.0,186.20485710161662,155.401464678511,30.803392423105635,57.63106480360337
2366,mass,train,True,ok,0.429290771484375,1.0,0.0,154.35881851140968,135.25509331051816,19.103725200891517,32.56603308588058
2367,mass,train,True,ok,0.3643951416015625,1.0,0.0,146.33038817469955,123.55592365862441,22.77446451607514,27.66839425996388
2368,mass,train,True,ok,0.3557281494140625,0.9991912841796875,0.0,96.00060052331317,76.24256921583023,19.758031307482938,59.07632389524995
2369,mass,train,True,ok,0.3046722412109375,1.0,0.0,173.0985125457004,160.3872808268779,12.71123171882249,121.56378793106013
2370,mass,train,True,ok,0.38568115234375,1.0,0.0,152.18179300522235,129.95375062096375,22.2280423842586,30.87990756122107
2371,mass,train,True,ok,0.4050445556640625,1.0,0.0,148.4392164249388,133.79882536995717,14.64039105498162,54.506852208404084
2372,mass,train,True,ok,0.3571624755859375,0.9754486083984375,0.0,172.47733583970606,131.4474352583731,41.02990058133295,73.16595014546216
2373,mass,train,True,ok,0.410552978515625,1.0,0.0,175.50955177283876,143.75394770903443,31.755604063804327,83.78575002894655
2374,mass,train,True,ok,0.4179534912109375,1.0,0.0,191.85579204848307,144.93755406999605,46.918237978487014,17.041393770324337
2375,mass,train,True,ok,0.3719482421875,1.0,0.0,203.52760912372827,176.0875850340136,27.440024089714655,27.23529997054687
2376,mass,train,True,ok,0.3535614013671875,1.0,0.0,193.41746148202495,150.72456036822848,42.69290111379647,18.019466975153424
2377,mass,train,True,ok,0.37384033203125,1.0,0.0,190.3127755102041,170.56406569841116,19.748709811792935,35.158060848263254
2378,mass,train,True,ok,0.3375396728515625,1.0,0.0,178.13371909045702,150.6175745710008,27.51614451945622,52.59255455786255
2379,mass,train,True,ok,0.4529266357421875,0.9982452392578125,0.0,118.31219890172827,115.90723230970909,2.4049665920191785,102.16067748937492
2380,mass,train,True,ok,0.3580322265625,1.0,0.0,127.31290487555404,119.47050294732838,7.842401928225655,106.10725467753245
2381,mass,train,True,ok,0.3622894287109375,1.0,0.0,184.6009771301015,144.7293805182686,39.8715966118329,5.4144486152081255
2382,mass,train,True,ok,0.3775787353515625,0.9972686767578125,0.0,162.31957971307335,124.5742443185997,37.745335394473656,36.25798493925417
2383,mass,train,True,ok,0.4970855712890625,0.997039794921875,0.0,150.99269423212695,102.89089474802027,48.10179948410668,55.11140314690304
2384,mass,train,True,ok,0.3740081787109375,1.0,0.0,148.47456244135287,127.34271785496648,21.131844586386393,12.651055013795176
2385,mass,train,True,ok,0.3672027587890625,1.0,0.0,139.92383129025555,111.06517807624606,28.858653214009493,37.23905704992474
2386,mass,train,True,ok,0.572174072265625,0.9960784912109375,0.0,146.14838124699983,116.28939296668807,29.858988280311763,79.33859720054232
2387,mass,train,True,ok,0.365753173828125,1.0,0.0,160.3816437213183,132.57359380262716,27.808049918691154,24.20592109443457
2388,mass,train,True,ok,0.2873687744140625,1.0,0.0,147.251951361971,131.1717662676916,16.080185094279415,12.139599623034657
2389,mass,train,True,ok,0.3512725830078125,1.0,0.0,145.11063811302725,123.09269669528402,22.01794141774323,22.650728442392072
2390,mass,train,True,ok,0.3358001708984375,1.0,0.0,130.65892670513927,105.97128351214133,24.68764319299794,34.66780425976146
2391,mass,train,True,ok,0.2839508056640625,1.0,0.0,156.67918748992423,136.53934834956422,20.13983914036001,90.42583524112447
2392,mass,train,True,ok,0.3719940185546875,1.0,0.0,147.95852988227574,120.80022839371189,27.15830148856385,20.00150751331895
2393,mass,train,True,ok,0.3770599365234375,1.0,0.0,120.91534134595929,105.02591549295775,15.88942585300154,58.65997163479966
2394,mass,train,True,ok,0.334991455078125,0.975830078125,0.0,122.57688803862622,93.44761598825202,29.129272050374198,147.34010548572277
2395,mass,train,True,ok,0.35467529296875,0.961822509765625,0.0,102.08935639304767,81.53154260853117,20.557813784516497,98.13671293500191
2396,mass,train,True,ok,0.331298828125,1.0,0.0,114.76423176123802,97.87399598393574,16.89023577730228,13.905755763127187
2397,mass,train,True,ok,0.3729095458984375,1.0,0.0,87.60002455092271,77.31605713312408,10.283967417798635,11.905237812061687
2398,mass,train,True,ok,0.427032470703125,0.9731597900390625,0.0,191.5098263417423,168.7900399467377,22.719786395004604,116.53964349844426
2399,mass,train,True,ok,0.3714752197265625,1.0,0.0,183.31961388375436,170.2089291350052,13.11068474874915,13.765179643130924
2400,mass,train,True,ok,0.3653411865234375,1.0,0.0,125.74339055256233,106.25323972783882,19.490150824723514,53.67174003240066
2401,mass,train,True,ok,0.3646240234375,0.97772216796875,0.0,94.55984265148979,82.348823246878,12.21101940461179,157.90954015630905
2402,mass,train,True,ok,0.3916168212890625,0.8967742919921875,0.0,158.49865575686732,106.10130169797597,52.39735405889135,78.6802421498711
2403,mass,train,True,ok,0.3776397705078125,1.0,0.0,131.8444785647905,113.49613847549465,18.34834008929586,140.3568576431638
2404,mass,train,True,ok,0.4264068603515625,1.0,0.0,155.0397924494543,121.76818919422202,33.27160325523228,23.777133652069658
2405,mass,train,True,ok,0.405364990234375,1.0,0.0,135.2587517879997,111.38396202206826,23.87478976593144,31.39169135048893
2406,mass,train,True,ok,0.442169189453125,1.0,0.0,183.35761612257573,174.0234695552273,9.334146567348427,47.68822295510449
2407,mass,train,True,ok,0.409637451171875,1.0,0.0,183.4504209193176,160.4210131817007,23.029407737616907,8.595977596178287
2408,mass,train,True,ok,0.4904632568359375,1.0,0.0,187.54581090750708,159.19018956068638,28.355621346820698,87.73131428739072
2409,mass,train,True,ok,0.3897247314453125,1.0,0.0,117.81559061900474,110.49766220777597,7.317928411228763,83.91518335774644
2410,mass,train,True,ok,0.3992919921875,1.0,0.0,192.76238153469887,166.10130054866897,26.6610809860299,24.94466446482891
2411,mass,train,True,ok,0.4046630859375,1.0,0.0,147.1614253393665,132.32107340578224,14.840351933584259,121.76674176112338
2412,mass,train,True,ok,0.4095458984375,1.0,0.0,154.91900149031298,128.38329543105232,26.53570605926066,85.62534911070782
2413,mass,train,True,ok,0.30853271484375,1.0,0.0,143.66523244312563,127.39456262688675,16.27066981623888,13.853168999763074
2414,mass,train,True,ok,0.3428802490234375,1.0,0.0,130.82363935739397,116.86255660048764,13.961082756906336,31.16693421501491
2415,mass,train,True,ok,0.4331207275390625,0.99853515625,0.0,138.95906288532674,104.20209415628112,34.756968729045624,61.45675461063359
2416,mass,train,True,ok,0.3683929443359375,0.837310791015625,0.0,78.38785569316158,62.64283816104172,15.74501753211986,149.54804549886134
2417,mass,train,True,ok,0.389434814453125,1.0,0.0,161.08040122247473,138.14647373419302,22.93392748828171,54.89483182233196
2418,mass,train,True,ok,0.34808349609375,1.0,0.0,185.2916885849553,165.9824922760041,19.309196308951186,44.93244949134273
2419,mass,train,True,ok,0.3622894287109375,1.0,0.0,168.31916775470665,149.29751393774077,19.02165381696588,70.68166102925987
2420,mass,train,True,ok,0.387908935546875,1.0,0.0,150.7782235858705,122.56603679513387,28.212186790736638,8.178411659863269
2421,mass,train,True,ok,0.392303466796875,1.0,0.0,153.01777518475302,129.69949279365238,23.318282391100638,28.376893827630923
2422,mass,train,True,ok,0.4131011962890625,1.0,0.0,160.99704502641006,124.72004263837974,36.277002388030326,19.747704953135866
2423,mass,train,True,ok,0.3759765625,1.0,0.0,146.83469967532469,116.78296165884194,30.051738016482744,64.24177090316554
2424,mass,train,True,ok,0.4054107666015625,1.0,0.0,186.71602243215779,171.23389021479713,15.482132217360657,24.096683064137686
2425,mass,train,True,ok,0.4110107421875,1.0,0.0,198.25679388179387,185.81497409326425,12.441819788529614,119.99457982961606
2426,mass,train,True,ok,0.401611328125,1.0,0.0,181.69753039513677,157.09042227662178,24.607108118514986,32.11529554253615
2427,mass,train,True,ok,0.4427032470703125,1.0,0.0,166.12587460793438,144.52739369712236,21.598480910812015,36.19274733230444
2428,mass,train,True,ok,0.4072418212890625,1.0,0.0,141.50447750009369,114.92812829819549,26.576349201898196,6.04696345305859
2429,mass,train,True,ok,0.3784637451171875,1.0,0.0,155.30028625569489,142.1527999410797,13.147486314615179,32.580831761823035
2430,mass,train,True,ok,0.3354339599609375,1.0,0.0,163.61943319838056,147.19178931416894,16.42764388421162,40.471777975139766
2431,mass,train,True,ok,0.40179443359375,1.0,0.0,179.9880753455871,150.43352719110294,29.554548154484166,20.18925888686244
2432,mass,train,True,ok,0.3513946533203125,1.0,0.0,163.51847670328715,135.33817959394923,28.180297109337914,17.35133036870023
2433,mass,train,True,ok,0.427459716796875,1.0,0.0,185.60451916898694,122.1875966099888,63.41692255899814,25.8460842492039
2434,mass,train,True,ok,0.3578033447265625,0.9999847412109375,4.2645741822679005e-05,171.11386413066654,122.61548696747214,48.498377163194405,16.907356815959584
2435,mass,train,True,ok,0.490447998046875,1.0,0.0,155.25303341422438,132.2791219979637,22.973911416260677,18.18750561346566
2436,mass,train,True,ok,0.40155029296875,0.843475341796875,0.0,146.327785377717,95.49377868434472,50.834006693372274,63.12882585849331
2437,mass,train,True,ok,0.3351287841796875,1.0,0.0,166.38614943313755,160.13765405182107,6.248495381316474,33.529138812710194
2438,mass,train,True,ok,0.404541015625,1.0,0.0,170.83211375980687,135.9848298482985,34.847283911508384,16.55411878372938
2439,mass,train,True,ok,0.3787841796875,0.7333221435546875,0.035650982919755075,76.44726877215598,50.33400471605423,26.113264056101748,86.44137896588983
2440,mass,train,True,ok,0.398193359375,0.9910125732421875,0.0,179.2198421213979,146.24416835699796,32.97567376439994,19.367015593587144
2441,mass,train,True,ok,0.45892333984375,1.0,0.0,152.944108259077,140.2340665538635,12.710041705213513,20.337304998893483
2442,mass,train,True,ok,0.32952880859375,0.9685211181640625,0.0,157.79755510279682,150.8958579881657,6.9016971146311334,113.48729846993442
2443,mass,train,True,ok,0.4059906005859375,1.0,0.0,167.3954222573007,155.47211590331116,11.923306353989545,136.39841772295787
2444,mass,train,True,ok,0.3217315673828125,1.0,0.0,146.31795115010672,129.456052732222,16.86189841788473,22.089833736960195
2445,mass,train,True,ok,0.42376708984375,1.0,0.0,181.95081376926402,155.29647283126786,26.654340937996153,18.197426590309586
2446,mass,train,True,ok,0.368194580078125,1.0,0.0,155.19332780770824,144.17050668985172,11.022821117856523,19.19581978317221
2447,mass,train,True,ok,0.361846923828125,1.0,0.0,150.95749346377667,131.51757448232988,19.439918981446795,17.19511218214566
2448,mass,train,True,ok,0.4387969970703125,1.0,0.0,98.2840699655736,73.34881318143506,24.93525678413853,18.37885210040955
2449,mass,train,True,ok,0.3839111328125,0.9994049072265625,0.0,149.4620429252782,124.67371705963939,24.788325865638825,51.02046056691028
2450,mass,train,True,ok,0.404541015625,0.9909210205078125,0.0,154.00297978273989,136.8705155801558,17.13246420258409,82.4563177552945
2451,mass,train,True,ok,0.385101318359375,1.0,0.0,145.96271495364132,126.91545486128344,19.047260092357888,54.76760267744509
2452,mass,train,True,ok,0.418548583984375,0.8920135498046875,0.0,191.06285089318266,187.9766440980423,3.086206795140356,121.3322005386622
2453,mass,train,True,ok,0.38275146484375,1.0,0.0,154.6158906075586,133.38326905962623,21.232621547932382,28.376991999049594
2454,mass,train,True,ok,0.3626861572265625,1.0,0.0,124.49219571711052,112.55280484593099,11.939390871179526,17.704116424792
2455,mass,train,True,ok,0.4036865234375,1.0,0.0,141.4770562443302,111.24539406345957,30.231662180870643,59.19835989180052
2456,mass,train,True,ok,0.319091796875,1.0,0.0,122.99756120887528,105.99242560057368,17.0051356083016,106.70664907827828
2457,mass,train,True,ok,0.4350433349609375,1.0,0.0,139.1903125109607,108.93958136394328,30.25073114701742,21.872792751081146
2458,mass,train,True,ok,0.3869171142578125,1.0,0.0,124.33848641400796,97.78498718235895,26.553499231649013,28.957586002432944
2459,mass,train,True,ok,0.4432525634765625,0.999969482421875,0.0,215.36118282901305,174.06424205881547,41.29694077019758,8.161876837831379
2460,mass,train,True,ok,0.41888427734375,1.0,0.0,206.4573801544514,158.8050887511816,47.65229140326983,19.512746596466496
2461,mass,train,True,ok,0.4098663330078125,1.0,0.0,157.46472581065484,139.17528118939885,18.289444621255996,35.945535526150145
2462,mass,train,True,ok,0.2562408447265625,0.9992523193359375,0.0,190.14613231703686,177.08351968487784,13.062612632159016,89.50883094592014
2463,mass,train,True,ok,0.352508544921875,0.9998321533203125,0.0,158.29136005540647,133.7772069566857,24.514153098720783,44.418394758699534
2464,mass,train,True,ok,0.428009033203125,1.0,0.0,138.01964349376115,103.54889825534866,34.47074523841249,40.75142252969135
2465,mass,train,True,ok,0.3741607666015625,1.0,0.0,157.7316993597325,132.8857003535292,24.8459990062033,33.12147027350775
2466,mass,train,True,ok,0.3160247802734375,0.990875244140625,0.0,122.80063734247501,103.28716118237591,19.513476160099103,37.875018725903814
2467,mass,train,True,ok,0.3740692138671875,0.9893798828125,0.0,114.91633693656945,90.70766192925575,24.2086750073137,20.570066362302022
2468,mass,train,True,ok,0.3985748291015625,1.0,0.0,98.71490371731556,74.02762907522516,24.6872746420904,26.296432077648504
2469,mass,train,True,ok,0.3892822265625,0.778839111328125,0.00015678896205707118,63.186931640012546,40.45752548470917,22.729406155303373,40.28265847041982
2470,mass,train,True,ok,0.405609130859375,1.0,0.0,108.50169287487773,89.94180315243621,18.559889722441525,12.523769055606158
2471,mass,train,True,ok,0.3840789794921875,1.0,0.0,155.21743275992213,132.43857302118172,22.778859738740408,25.298765107734418
2472,mass,train,True,ok,0.3728179931640625,1.0,0.0,158.48692342323906,136.6834294333747,21.803493989864364,22.95465902606298
2473,mass,train,True,ok,0.413848876953125,1.0,0.0,145.83802816901408,129.73470609673558,16.1033220722785,24.378651085322186
2474,mass,train,True,ok,0.4312591552734375,1.0,0.0,137.41149205675265,122.98953666192686,14.421955394825787,19.24443614959015
2475,mass,train,True,ok,0.4051971435546875,1.0,0.0,126.54117868574656,102.1924014263359,24.348777259410653,25.68245733640034
2476,mass,train,True,ok,0.3819732666015625,1.0,0.0,132.19837814085406,110.34878897859417,21.84958916225989,47.51682118573119
2477,mass,train,True,ok,0.35394287109375,1.0,0.0,165.1551560613899,142.85488899385925,22.300267067530655,41.70604516770297
2478,mass,train,True,ok,0.4069366455078125,1.0,0.0,151.0344594847951,139.74829546916408,11.286164015631016,23.14626938483737
2479,mass,train,True,ok,0.4036712646484375,0.8428802490234375,0.0003402003402003402,130.0899262899263,86.94370666052558,43.14621962940072,88.85985089175541
2480,mass,train,True,ok,0.420440673828125,0.979949951171875,0.0,200.02986862161575,174.2152335316729,25.81463508994284,117.11775034285385
2481,mass,train,True,ok,0.4987640380859375,1.0,0.0,176.22801113592558,150.35845840056015,25.86955273536543,72.2685837462407
2482,mass,train,True,ok,0.368865966796875,1.0,0.0,90.71597584181352,78.57859871379527,12.137377128018244,108.04001740519288
2483,mass,train,True,ok,0.3372955322265625,1.0,0.0,120.02370504410767,111.49708733393199,8.526617710175685,44.60641262205633
2484,mass,train,True,ok,0.3948516845703125,1.0,0.0,134.6444332805194,120.54693764341008,14.097495637109319,8.681892700249177
2485,mass,train,True,ok,0.3634185791015625,1.0,0.0,143.99983205273543,124.61727270548191,19.38255934725352,34.98620332113989
2486,mass,train,True,ok,0.3760833740234375,1.0,0.0,142.9233578123098,127.74340287118785,15.179954941121949,29.719032338265116
2487,mass,train,True,ok,0.4183349609375,1.0,0.0,159.00040122556172,131.4019150052466,27.598486220315124,26.396463870393422
2488,mass,train,True,ok,0.3917999267578125,1.0,0.0,157.9247575651361,131.43859605108005,26.48616151405605,72.87935110788224
2489,mass,train,True,ok,0.3127288818359375,1.0,0.0,149.30168333739937,125.82120734441953,23.480475992979834,52.42647850876876
2490,mass,train,True,ok,0.3962860107421875,1.0,0.0,200.25482268684303,174.98117022621003,25.273652460633002,16.318846353697474
2491,mass,train,True,ok,0.354644775390625,1.0,0.0,159.9009981929266,148.56991535442378,11.331082838502823,35.77964178951865
2492,mass,train,True,ok,0.3944549560546875,0.9431610107421875,0.0,123.5143708173765,112.10505228675822,11.409318530618279,128.64127411235168
2493,mass,train,True,ok,0.3682403564453125,1.0,0.0,112.77143330708988,76.79723691519938,35.9741963918905,14.424048922498324
2494,mass,train,True,ok,0.35247802734375,1.0,0.0,121.14995670995671,88.55971345084362,32.590243259113095,15.821332370423459
2495,mass,train,True,ok,0.38079833984375,1.0,0.0,171.95339798044557,156.62493839329719,15.328459587148387,17.776771704649615
2496,mass,train,True,ok,0.3647003173828125,1.0,0.0,171.94531609556086,152.59197790320644,19.353338192354414,19.333361578099762
2497,mass,train,True,ok,0.301513671875,0.999969482421875,0.0,99.20121457489878,84.15221950367004,15.048995071228745,83.66454907051127
2498,mass,train,True,ok,0.300628662109375,1.0,0.0,140.16226779007206,123.80689008159881,16.355377708473256,17.287175300648528
2499,mass,train,True,ok,0.3441009521484375,1.0,0.0,90.61172453549732,76.52443875770618,14.087285777791138,29.654399658830105
2500,mass,train,True,ok,0.3887939453125,1.0,0.0,188.5309262166405,182.63104154184143,5.899884674799068,66.53358222548967
2501,mass,train,True,ok,0.3677978515625,1.0,0.0,190.43469963491538,182.40251496427882,8.032184670636553,20.358042630029345
2502,mass,train,True,ok,0.32061767578125,1.0,0.0,168.95945174186178,157.94672536160274,11.01272638025904,62.52425455820903
2503,mass,train,True,ok,0.38531494140625,1.0,0.0,109.95160779344211,97.18759308906762,12.764014704374489,37.46983994609313
2504,mass,train,True,ok,0.400726318359375,0.9691314697265625,0.0,126.10014469575813,94.612262565565,31.487882130193128,19.863586383739836
2505,mass,train,True,ok,0.3697509765625,1.0,0.0,148.11975899636843,120.78917296145652,27.330586034911917,30.45790022168342
2506,mass,train,True,ok,0.32562255859375,0.842864990234375,0.0,115.28856607310216,70.03846501945877,45.25010105364339,51.13039889452165
2507,mass,train,True,ok,0.4015655517578125,1.0,0.0,169.09697153930918,140.53933042657894,28.557641112730238,41.700715363714025
2508,mass,train,True,ok,0.44244384765625,1.0,0.0,170.8503586701614,138.17859879584017,32.671759874321225,25.784809839649547
2509,mass,train,True,ok,0.2557373046875,1.0,0.0,130.0153341288783,118.50481794325079,11.510516185627509,11.01886839310865
2510,mass,train,True,ok,0.3424835205078125,1.0,0.0,98.08674537758966,90.46118679074517,7.625558586844491,26.615373981660355
2511,mass,train,True,ok,0.4250335693359375,1.0,0.0,193.98366541015974,163.64833735835037,30.33532805180937,2.4031406385139986
2512,mass,train,True,ok,0.3367919921875,1.0,0.0,173.0215657847046,157.30273329652127,15.718832488183324,31.205936828575556
2513,mass,train,True,ok,0.3600921630859375,1.0,0.0,155.89783465401075,142.79638505377113,13.101449600239619,57.26983506234533
2514,mass,train,True,ok,0.3632965087890625,1.0,0.0,138.97467344281574,111.06585663958587,27.90881680322987,19.048484350673387
2515,mass,train,True,ok,0.336273193359375,1.0,0.0,126.7610037208458,101.05289898386133,25.70810473698448,34.44095679511923
2516,mass,train,True,ok,0.3957977294921875,1.0,0.0,115.45587725047226,96.12584286688386,19.330034383588398,19.23926965404832
2517,mass,train,True,ok,0.3869476318359375,1.0,0.0,133.59430576915494,116.61453070164522,16.97977506750972,28.8430087853711
2518,mass,train,True,ok,0.3642425537109375,1.0,0.0,181.03564995182438,153.90152406096243,27.134125890861952,56.48342903148011
2519,mass,train,True,ok,0.3238372802734375,1.0,0.0,165.42204212411065,142.0725746394963,23.349467484614337,134.41770873384826
2520,mass,train,True,ok,0.3724517822265625,0.99249267578125,0.0,179.8315785161211,139.84474919152868,39.986829324592435,2.9110613213059366
2521,mass,train,True,ok,0.354034423828125,1.0,0.0,193.32596327902766,167.1815561959654,26.144407083062248,20.640076544711267
2522,mass,train,True,ok,0.408447265625,0.9493408203125,0.0,124.48445905558876,99.37360709863805,25.11085195695071,21.651496205196285
2523,mass,train,True,ok,0.3678741455078125,0.6990203857421875,0.053092206230038574,51.24107179891327,39.07089579259903,12.170176006314236,128.57179793185543
2524,mass,train,True,ok,0.3685302734375,1.0,0.0,186.6131169261345,152.57365165281269,34.03946527332181,25.807431166340216
2525,mass,train,True,ok,0.383697509765625,1.0,0.0,175.3965242980991,141.9051993067591,33.49132499134001,10.681175270447437
2526,mass,train,True,ok,0.344757080078125,0.94256591796875,0.0,135.3866955828981,76.84362628661916,58.54306929627896,19.159004277059356
2527,mass,train,True,ok,0.3787384033203125,0.9858551025390625,0.0,159.8509326779743,123.43900282451185,36.41192985346245,36.899306946440234
2528,mass,train,True,ok,0.380767822265625,1.0,0.0,139.6229862947824,114.34424128924154,25.27874500554087,6.700765358949887
2529,mass,train,True,ok,0.420257568359375,1.0,0.0,144.35988671846636,117.94741274938148,26.41247396908487,14.642793803533788
2530,mass,train,True,ok,0.3585052490234375,0.999969482421875,0.0,183.37722919770164,158.42939035703242,24.94783884066922,22.705731029244397
2531,mass,train,True,ok,0.3667144775390625,1.0,0.0,166.48404277451837,150.27711249789172,16.20693027662665,24.73733294927646
2532,mass,train,True,ok,0.3848114013671875,1.0,0.0,203.95812680915182,194.02410893667684,9.934017872474982,40.282955961710535
2533,mass,train,True,ok,0.400115966796875,1.0,0.0,181.50579665929374,156.26916620033575,25.23663045895799,6.865677227085054
2534,mass,train,True,ok,0.356048583984375,1.0,0.0,172.19748007199794,158.09388180654946,14.103598265448483,56.4405239311004
2535,mass,train,True,ok,0.3911590576171875,1.0,0.0,180.65625121903648,156.66722638530362,23.989024833732856,19.699355048458113
2536,mass,train,True,ok,0.362060546875,0.99713134765625,0.0,212.76192683749156,183.7198622273249,29.042064610166648,15.369590676677255
2537,mass,train,True,ok,0.331573486328125,1.0,0.0,193.55416474919465,182.9590467059307,10.595118043263966,135.06147650889213
2538,mass,train,True,ok,0.3005523681640625,1.0,0.0,165.68299741077323,153.2145552913458,12.468442119427436,27.95306917260181
2539,mass,train,True,ok,0.3544158935546875,1.0,0.0,160.08231799199208,150.4746980547874,9.607619937204674,150.25762740538713
2540,mass,train,True,ok,0.3553009033203125,1.0,0.0,150.48129697229976,137.01254408179688,13.468752890502884,26.989944722557556
2541,mass,train,True,ok,0.3841400146484375,1.0,0.0,156.41584905660378,144.4610638983177,11.954785158286086,8.05115358408879
2542,mass,train,True,ok,0.3470306396484375,1.0,0.0,162.46181242580136,148.0221998925058,14.43961253329556,7.429878759311333
2543,mass,train,True,ok,0.4070281982421875,1.0,0.0,129.24322399250235,118.79202799722087,10.45119599528148,22.742254825027583
2544,mass,train,True,ok,0.357666015625,1.0,0.0,116.63387372013652,108.4995724059293,8.134301314207221,65.46138274962327
2545,mass,train,True,ok,0.357452392578125,1.0,0.0,111.96247758900367,107.33785324151033,4.624624347493338,22.896847490580228
2546,mass,train,True,ok,0.391326904296875,0.85040283203125,0.0,149.51087888949544,97.22918024567561,52.28169864381984,101.17849850125447
2547,mass,train,True,ok,0.36871337890625,0.764129638671875,0.014360205264029135,91.58785797053469,82.22691675529343,9.360941215241255,142.78498075323833
2548,mass,train,True,ok,0.4039764404296875,1.0,0.0,176.26292728989614,156.71403701902153,19.548890270874608,70.12624154571944
2549,mass,train,True,ok,0.3382110595703125,1.0,0.0,161.8501240694789,151.12432270411105,10.725801365367857,30.286504018318038
2550,mass,train,True,ok,0.37451171875,1.0,0.0,144.36778846153845,133.9222775175644,10.445510943974057,13.785937377929029
2551,mass,train,True,ok,0.4242095947265625,1.0,0.0,142.011618287112,115.3874652179674,26.624153069144583,20.382983753678257
2552,mass,train,True,ok,0.3873138427734375,1.0,0.0,161.666784856006,130.04012153512812,31.626663320877867,20.00586942435037
2553,mass,train,True,ok,0.397125244140625,1.0,0.0,170.20026127718435,142.65578334598837,27.544477931195985,2.0482316056716354
2554,mass,train,True,ok,0.36651611328125,1.0,0.0,144.9473771856786,106.08300414298103,38.864373042697565,42.34730686839676
2555,mass,train,True,ok,0.42205810546875,1.0,0.0,161.0208604483008,139.9950364346816,21.0258240136192,32.098117920675044
2556,mass,train,True,ok,0.3477630615234375,1.0,0.0,179.93212232898952,168.89533278746052,11.036789541529004,13.973379975426386
2557,mass,train,True,ok,0.3013153076171875,1.0,0.0,174.05783156935232,163.99231256415297,10.065519005199349,44.82895350993247
2558,mass,train,True,ok,0.3632354736328125,1.0,0.0,176.21184625078766,167.0323260885193,9.179520162268346,48.15511521044416
2559,mass,train,True,ok,0.391571044921875,0.9993133544921875,0.0,200.6785519445094,183.18480714249887,17.493744802010525,117.99270306338911
2560,mass,train,True,ok,0.4238433837890625,0.9925994873046875,0.0,91.0150484213558,64.04245345480548,26.972594966550318,61.52543367379936
2561,mass,train,True,ok,0.4401702880859375,1.0,0.0,129.72295212673762,109.30772166044318,20.415230466294446,49.94699338830643
2562,mass,train,True,ok,0.3444061279296875,0.99993896484375,0.0,174.70665898719596,155.7092982660305,18.997360721165478,10.24425516189594
2563,mass,train,True,ok,0.5149078369140625,1.0,0.0,169.59759964439175,151.99418074297756,17.603418901414187,54.63890602858848
2564,mass,train,True,ok,0.3814697265625,1.0,0.0,157.7102,140.92034241168344,16.78985758831655,17.866792404393053
2565,mass,train,True,ok,0.4248504638671875,1.0,0.0,167.65714901411485,152.6417902528321,15.015358761282755,29.89041191611702
2566,mass,train,True,ok,0.50140380859375,1.0,0.0,156.4242848447961,142.5486289631534,13.8756558816427,27.503124421398695
2567,mass,train,True,ok,0.3632354736328125,1.0,0.0,125.36950220541902,101.5576190362081,23.81188316921093,21.040465781344462
2568,mass,train,True,ok,0.387542724609375,1.0,0.0,139.17406882431686,105.34221934326574,33.83184948105112,3.7486765687188894
2569,mass,train,True,ok,0.421478271484375,1.0,0.0,156.3298457751068,113.67674210054334,42.65310367456347,29.466009572777565
2570,mass,train,True,ok,0.3872528076171875,1.0,0.0,163.42247527483352,149.45603506238015,13.966440212453364,27.2825646310777
2571,mass,train,True,ok,0.3732452392578125,1.0,0.0,166.5294141694943,150.40399269628728,16.125421473207012,10.015361757297466
2572,mass,train,True,ok,0.388763427734375,1.0,0.0,182.52649344532537,160.1016526037246,22.42484084160077,24.217277105636168
2573,mass,train,True,ok,0.3482513427734375,1.0,0.0,187.92029969767339,169.20494931285558,18.71535038481781,23.58338632274929
2574,mass,train,True,ok,0.37371826171875,1.0,0.0,186.7745386248571,153.91791735698274,32.856621267874345,23.670939120134054
2575,mass,train,True,ok,0.3434600830078125,1.0,0.0,160.72002310187037,147.62988356148466,13.090139540385707,17.89528209635362
2576,mass,train,True,ok,0.3939971923828125,1.0,0.0,132.9355176019519,112.00017625582274,20.93534134612915,50.972798537199665
2577,mass,train,True,ok,0.402435302734375,1.0,0.0,140.00413285811786,113.99821255298504,26.00592030513282,31.500858964281388
2578,mass,train,True,ok,0.3572845458984375,1.0,0.0,181.76433909886825,161.46418651029177,20.30015258857648,38.463369974103614
2579,mass,train,True,ok,0.3754119873046875,1.0,0.0,145.4170223143519,107.84376908606748,37.573253228284415,18.248450628873428
2580,mass,train,True,ok,0.38494873046875,1.0,0.0,172.93986840019028,119.49622903641956,53.443639363770714,15.40078141356837
2581,mass,train,True,ok,0.3955841064453125,1.0,0.0,177.36632594021216,146.4947363106208,30.87158962959137,39.10590683021919
2582,mass,train,True,ok,0.38262939453125,0.9951934814453125,0.0,164.00059818152815,145.96856154226396,18.03203663926419,32.99578885190351
2583,mass,train,True,ok,0.42401123046875,1.0,0.0,154.8878292788254,128.1253046519021,26.762524626923295,26.93042438956058
2584,mass,train,True,ok,0.3433990478515625,0.6373748779296875,0.10277716063097089,50.38720284381249,46.65371476377495,3.7334880800375387,129.9156029293065
2585,mass,train,True,ok,0.2933502197265625,0.6004486083984375,0.1550585175552666,34.072145643693105,29.132689857701195,4.93945578599191,129.00394818373013
2586,mass,train,True,ok,0.4183807373046875,1.0,0.0,201.86877712535104,174.1382847548338,27.730492370517254,8.471568590460773
2587,mass,train,True,ok,0.3834381103515625,1.0,0.0,194.93875601894226,164.0393743658277,30.899381653114546,13.545617342944798
2588,mass,train,True,ok,0.3529052734375,1.0,0.0,145.22742995503285,132.39108187134502,12.836348083687824,57.48029233921582
2589,mass,train,True,ok,0.3672332763671875,1.0,0.0,149.49623966427058,131.81460850273697,17.681631161533602,24.449107903161263
2590,mass,train,True,ok,0.380523681640625,1.0,0.0,176.1459619857246,146.33087836839252,29.81508361733208,27.11270076890575
2591,mass,train,True,ok,0.3626556396484375,1.0,0.0,101.42975554340052,87.13787737317149,14.291878170229026,12.022218756206168
2592,mass,train,True,ok,0.334442138671875,0.869049072265625,0.0,75.79979925175655,61.372162868540514,14.42763638321604,143.12339757631207
2593,mass,train,True,ok,0.376708984375,1.0,0.0,157.1448476992871,142.6700695260478,14.474778173239315,55.5552992034064
2594,mass,train,True,ok,0.3952178955078125,1.0,0.0,158.4183622253967,140.82729910432698,17.59106312106971,15.708389014264588
2595,mass,train,True,ok,0.3714752197265625,1.0,0.0,176.26609159991784,149.3322813235901,26.933810276327733,33.101197627757365
2596,mass,train,True,ok,0.501983642578125,1.0,0.0,218.98015076904372,204.32057724125252,14.659573527791196,18.625979150881335
2597,mass,train,True,ok,0.3805389404296875,1.0,0.0,169.70624323348972,147.53297041653323,22.173272816956484,38.149904946773624
2598,mass,train,True,ok,0.4281768798828125,1.0,0.0,148.72816364349097,133.45825216811207,15.269911475378905,14.912800689917281
2599,mass,train,True,ok,0.37615966796875,1.0,0.0,158.70967872789225,143.28253106349672,15.427147664395534,31.07231010629165
2600,mass,train,True,ok,0.4154205322265625,1.0,0.0,140.8539210284665,126.7740596695466,14.079861358919885,40.33390852674867
2601,mass,train,True,ok,0.3840179443359375,1.0,0.0,130.83899550999325,119.25593896306572,11.583056546927537,67.01740861618225
2602,mass,train,True,ok,0.356048583984375,1.0,0.0,172.05661266820948,135.6521965783612,36.40441608984827,11.166816605813146
2603,mass,train,True,ok,0.3917694091796875,1.0,0.0,122.74336903602726,113.86964702340634,8.873722012620917,154.24079654221015
2604,mass,train,True,ok,0.3124542236328125,1.0,0.0,146.79831029936025,118.73059766084467,28.067712638515587,25.682158413908976
2605,mass,train,True,ok,0.4138336181640625,1.0,0.0,126.97865122967443,106.44815827150853,20.530492958165894,38.50325545753785
2606,mass,train,True,ok,0.4170074462890625,1.0,0.0,174.47429470525816,160.33323736488077,14.141057340377387,43.76609831685114
2607,mass,train,True,ok,0.339080810546875,1.0,0.0,133.55265052650526,117.27718520570716,16.275465320798105,54.7016120565445
2608,mass,train,True,ok,0.37255859375,1.0,0.0,191.9001884010485,163.9295233463035,27.970665054744984,10.384366069329383
2609,mass,train,True,ok,0.4066619873046875,1.0,0.0,166.0577464260253,128.597814067121,37.4599323589043,47.26721280004154
2610,mass,train,True,ok,0.3889617919921875,0.999908447265625,0.0,165.9121650778706,134.5875639905107,31.324601087359923,12.411662156136462
2611,mass,train,True,ok,0.3662567138671875,0.98211669921875,0.0,173.09615464733574,150.39963402595527,22.696520621380472,133.04504418333616
2612,mass,train,True,ok,0.3565826416015625,1.0,0.0,168.55821815225298,148.47281049161666,20.08540766063632,68.12180583869487
2613,mass,train,True,ok,0.3204803466796875,1.0,0.0,135.73898966814264,125.28367727303348,10.45531239510916,9.022290765623762
2614,mass,train,True,ok,0.3096923828125,1.0,0.0,145.1653527788727,126.6106542882405,18.55469849063219,31.372052784510988
2615,mass,train,True,ok,0.391845703125,1.0,0.0,183.3429906542056,157.0540445604175,26.2889460937881,45.43824279068827
2616,mass,train,True,ok,0.3929595947265625,1.0,0.0,178.50829029627616,155.58401829927357,22.92427199700259,56.36736827596411
2617,mass,train,True,ok,0.43646240234375,0.9742279052734375,0.0,114.93486924905608,68.50598397054046,46.42888527851562,31.953942969042693
2618,mass,train,True,ok,0.365386962890625,1.0,0.0,152.70750856092874,134.51310411156527,18.194404449363475,58.25398491309921
2619,mass,train,True,ok,0.3845977783203125,1.0,0.0,106.94747073993256,96.36825270883439,10.579218031098165,127.37815161402057
2620,mass,train,True,ok,0.3653106689453125,1.0,0.0,148.30190885927905,138.38336338502225,9.918545474256803,111.88275078430313
2621,mass,train,True,ok,0.4144287109375,1.0,0.0,155.49285714285713,130.70176672920576,24.791090413651375,18.759081649825724
2622,mass,train,True,ok,0.394744873046875,0.9979705810546875,0.0,149.53880943177427,121.80083698885696,27.73797244291731,38.81783732520737
2623,mass,train,True,ok,0.4285125732421875,1.0,0.0,141.00954313997792,116.79555709822978,24.213986041748143,22.490467524352674
2624,mass,train,True,ok,0.370269775390625,1.0,0.0,166.64163850655237,140.40603343833294,26.235605068219428,3.4476099845079013
2625,mass,train,True,ok,0.38330078125,0.835418701171875,0.0,89.99920382165605,56.59271080760095,33.4064930140551,53.48983485483956
2626,mass,train,True,ok,0.36810302734375,0.90850830078125,0.0,124.86486486486487,85.75021732831064,39.11464753655423,93.78856294729925
2627,mass,train,True,ok,0.357147216796875,1.0,0.0,151.28919935059386,145.0526703061951,6.236529044398765,10.717544471116831
2628,mass,train,True,ok,0.3874664306640625,1.0,0.0,202.8751230654117,181.11145156067062,21.763671504741097,62.33337349548858
2629,mass,train,True,ok,0.4489593505859375,0.99371337890625,0.0,223.59463684872378,212.9909450890261,10.603691759697682,11.400510690253908
2630,mass,train,True,ok,0.3360137939453125,1.0,0.0,163.9464147858862,148.05508445363668,15.89133033224951,9.867050411665428
2631,mass,train,True,ok,0.355194091796875,1.0,0.0,170.1544806254833,155.74374083013868,14.410739795344625,20.49949023722065
2632,mass,train,True,ok,0.365325927734375,1.0,0.0,105.56022888647566,100.27701110737125,5.283217779104405,100.7067691068882
2633,mass,train,True,ok,0.3328094482421875,1.0,0.0,150.90601072853147,140.4073870783305,10.498623650200983,74.34421678217771
2634,mass,train,True,ok,0.344482421875,1.0,0.0,96.84071580439405,88.44904562383613,8.391670180557924,34.078315175716845
2635,mass,train,True,ok,0.36627197265625,1.0,0.0,143.5384935844026,137.71949340267744,5.819000181725158,33.73228361065228
2636,mass,train,True,ok,0.362762451171875,1.0,0.0,149.3647261714478,143.78288875053877,5.581837420909039,39.5105632878347
2637,mass,train,True,ok,0.4102935791015625,1.0,0.0,166.26382535609358,147.9791963153673,18.284629040726287,43.47110113543566
2638,mass,train,True,ok,0.3384246826171875,1.0,0.0,120.38162225528653,99.22644555665752,21.155176698629006,20.160266607706085
2639,mass,train,True,ok,0.3387908935546875,1.0,0.0,97.94662883394136,80.3986107585443,17.548018075397067,23.919728313152934
2640,mass,train,True,ok,0.443389892578125,1.0,0.0,72.62712506022437,64.74677888042108,7.880346179803297,14.410884441261471
2641,mass,train,True,ok,0.3054656982421875,0.9999542236328125,0.0,74.8993955742045,62.456269086275455,12.44312648792905,61.03429972345951
2642,mass,train,True,ok,0.3400726318359375,1.0,0.0,171.16453537936914,154.84931443501583,16.315220944353314,7.8778184380550735
2643,mass,train,True,ok,0.365966796875,1.0,0.0,118.40773015343562,107.74261166730844,10.665118486127184,65.80880246593078
2644,mass,train,True,ok,0.3223724365234375,0.9814910888671875,0.0,99.38088701661381,75.41234884820645,23.968538168407363,37.13532167428347
2645,mass,train,True,ok,0.371978759765625,1.0,0.0,163.880958241037,163.67085378298265,0.21010445805436007,125.26942438444765
2646,mass,train,True,ok,0.3847503662109375,1.0,0.0,192.7073963910371,153.25624364475087,39.451152746286226,20.241335789892116
2647,mass,train,True,ok,0.3328094482421875,1.0,0.0,175.64160286094173,129.80910234419667,45.83250051674506,13.659298525697933
2648,mass,train,True,ok,0.45361328125,0.9992523193359375,0.0,211.64874865446717,155.42026921358357,56.2284794408836,15.869170490636444
2649,mass,train,True,ok,0.42987060546875,0.8798675537109375,0.0,187.32379667755217,112.05888020554545,75.26491647200672,34.09801442380498
2650,mass,train,True,ok,0.47540283203125,1.0,0.0,181.93246886634998,152.84426992437463,29.08819894197535,17.21137111290404
2651,mass,train,True,ok,0.4534759521484375,1.0,0.0,186.71694875332278,151.42742273222214,35.28952602110064,16.12873506475768
2652,mass,train,True,ok,0.400482177734375,1.0,0.0,181.70654575935382,157.35838635785188,24.34815940150193,22.700293540913826
2653,mass,train,True,ok,0.3478240966796875,1.0,0.0,198.55477078306646,179.95774549027865,18.597025292787805,13.678155232838755
2654,mass,train,True,ok,0.399261474609375,1.0,0.0,212.7947718413208,202.48077216154434,10.313999679776458,91.77533038020904
2655,mass,train,True,ok,0.3657073974609375,1.0,0.0,152.2145032753369,138.33972431379152,13.874778961545388,109.76211476674008
2656,mass,train,True,ok,0.364776611328125,0.9993438720703125,0.0,168.87463398310047,145.1512130674994,23.723420915601054,44.815297558781026
2657,mass,train,True,ok,0.3838653564453125,1.0,0.0,150.07361768096354,124.56947918472473,25.50413849623881,15.868725628979298
2658,mass,train,True,ok,0.375946044921875,1.0,0.0,150.76544362367076,130.80121277324074,19.964230850430027,53.68778876430758
2659,mass,train,True,ok,0.3724517822265625,1.0,0.0,120.67126879429719,95.44617890923237,25.22508988506482,26.615453304241868
2660,mass,train,True,ok,0.3858795166015625,1.0,0.0,174.17300011862866,152.12562427013194,22.047375848496728,22.351525014341664
2661,mass,train,True,ok,0.427276611328125,1.0,0.0,179.17295193200485,156.08299142111153,23.08996051089332,43.37407224151598
2662,mass,train,True,ok,0.366943359375,1.0,0.0,136.04848636061212,116.87897705360587,19.16950930700625,28.839286796414957
2663,mass,train,True,ok,0.38043212890625,1.0,0.0,166.95644152093695,140.6415377795291,26.314903741407846,27.46945013491056
2664,mass,train,True,ok,0.4550628662109375,1.0,0.0,187.47604198102135,174.54100747626916,12.935034504752196,23.17369975600084
2665,mass,train,True,ok,0.4035797119140625,1.0,0.0,153.48954591856025,142.1034103410341,11.386135577526147,28.70909444398927
2666,mass,train,True,ok,0.459991455078125,1.0,0.0,176.33835334704438,159.68866911556938,16.649684231474993,61.33014143268774
2667,mass,train,True,ok,0.370819091796875,1.0,0.0,170.73779935807752,152.29136149779308,18.446437860284448,22.280987882743325
2668,mass,train,True,ok,0.4512176513671875,1.0,0.0,189.9399411585675,181.79530098707076,8.144640171496746,74.88027041127577
2669,mass,train,True,ok,0.3377685546875,1.0,0.0,176.2159378388146,163.05907834101382,13.156859497800781,8.32252943344817
2670,mass,train,True,ok,0.316375732421875,0.9149932861328125,0.0,92.82613099257259,68.16476942993616,24.66136156263643,55.03245304184635
2671,mass,train,True,ok,0.4226531982421875,1.0,0.0,121.08693454637351,102.70016121785554,18.386773328517975,130.02521240211314
2672,mass,train,True,ok,0.389068603515625,1.0,0.0,163.24139148168484,141.54128577851043,21.700105703174415,61.89343502195705
2673,mass,train,True,ok,0.4187164306640625,0.7309112548828125,0.030100943843154405,68.7704894136511,44.274497965612284,24.495991448038822,78.789420062656
2674,mass,train,True,ok,0.3040618896484375,0.882843017578125,0.0,109.53430019571435,71.42574930386546,38.10855089184889,62.771619555646026
2675,mass,train,True,ok,0.3354644775390625,0.4621734619140625,0.1323174891971799,28.990902888332954,20.97161948060894,8.019283407724014,133.7743961368933
2676,mass,train,True,ok,0.3731689453125,1.0,0.0,144.15987896630685,118.71207400194741,25.447804964359435,49.53788987588122
2677,mass,train,True,ok,0.393035888671875,1.0,0.0,109.62664026710148,83.20051284629695,26.426127420804534,4.058081584346596
2678,mass,train,True,ok,0.3834075927734375,1.0,0.0,164.94579535957337,146.42799871315796,18.517796646415405,30.367366534173083
2679,mass,train,True,ok,0.3423614501953125,1.0,0.0,149.58563979141596,139.18220840390728,10.403431387508675,123.78512720140046
2680,mass,train,True,ok,0.381256103515625,0.9814605712890625,0.0,71.58236612503002,54.87336621454994,16.70899991048008,10.608236244147902
2681,mass,train,True,ok,0.3664093017578125,1.0,0.0,150.37812851372175,125.21378513113214,25.164343382589607,49.017846236209536
2682,mass,train,True,ok,0.4103546142578125,0.98370361328125,0.0,132.947644368423,107.58740263437103,25.360241734051968,69.58942334225144
2683,mass,train,True,ok,0.3675537109375,1.0,0.0,144.02964131517768,123.30978575564563,20.71985555953205,26.507079248873264
2684,mass,train,True,ok,0.3777618408203125,1.0,0.0,177.89792785878743,166.01969150788395,11.878236350903478,59.540167675118354
2685,mass,train,True,ok,0.374969482421875,0.988250732421875,0.0,119.85378855701147,107.79451686929349,12.059271687717981,103.1682103933369
2686,mass,train,True,ok,0.4017791748046875,1.0,0.0,195.08036155102351,170.5742379798495,24.506123571174015,38.4046257591572
2687,mass,train,True,ok,0.3980865478515625,1.0,0.0,166.68304649469124,144.36699875782696,22.316047736864277,9.18056337696551
2688,mass,train,True,ok,0.397430419921875,1.0,0.0,193.98437380019965,178.37462648771842,15.609747312481232,12.360864539246377
2689,mass,train,True,ok,0.4093780517578125,1.0,0.0,159.99481903909947,142.63926421577492,17.355554823324553,29.171528481923552
2690,mass,train,True,ok,0.358062744140625,1.0,0.0,161.1131424188187,145.60570477775136,15.507437641067355,4.106668636562472
2691,mass,train,True,ok,0.35614013671875,1.0,0.0,166.20265638389031,142.39664897146648,23.80600741242384,29.277198682300483
2692,mass,train,True,ok,0.3691558837890625,0.9882965087890625,0.0,127.18616955317654,99.69997339331931,27.48619615985723,80.69323964656513
2693,mass,train,True,ok,0.342315673828125,1.0,0.0,154.3428724257823,132.56206208528607,21.78081034049623,42.49421983384863
2694,mass,train,True,ok,0.412139892578125,1.0,0.0,198.47804516845613,169.8353319835955,28.64271318486064,26.119970502634903
2695,mass,train,True,ok,0.3860015869140625,1.0,0.0,147.15713325690794,124.98083948408261,22.176293772825332,25.254015060521372
2696,mass,train,True,ok,0.39691162109375,1.0,0.0,149.1190988774412,129.82719360388626,19.29190527355493,21.856336675804922
2697,mass,train,True,ok,0.4337310791015625,1.0,0.0,174.08204045734388,134.72900218264127,39.35303827470261,22.29548482624628
2698,mass,train,True,ok,0.4043121337890625,0.9840240478515625,0.0,218.1721704343888,189.47455108993572,28.697619344453074,68.78393917991022
2699,mass,train,True,ok,0.4100494384765625,1.0,0.0,161.29695233133629,141.5715541991051,19.72539813223119,83.33194109332585
2700,mass,train,True,ok,0.3194427490234375,0.998779296875,0.0,100.90346310007165,87.20006277886147,13.703400321210182,128.32500292396458
2701,mass,train,True,ok,0.238861083984375,1.0,0.0,135.62584642902772,119.34068401427369,16.285162414754026,29.851615598504395
2702,mass,train,True,ok,0.340545654296875,1.0,0.0,151.70992024374945,139.5683742884909,12.14154595525855,25.52147700635758
2703,mass,train,True,ok,0.4341888427734375,1.0,0.0,137.82885257424002,128.49831450068768,9.330538073552333,63.69168599988851
2704,mass,train,True,ok,0.4460906982421875,1.0,0.0,133.48753206772705,122.04374535136773,11.443786716359313,49.69487935259628
2705,mass,train,True,ok,0.364532470703125,1.0,0.0,214.13093344495604,205.9981030591173,8.13283038583873,30.365514908031674
2706,mass,train,True,ok,0.318084716796875,1.0,0.0,82.53113307109278,68.16762139181024,14.363511679282539,11.731802201368234
2707,mass,train,True,ok,0.342864990234375,1.0,0.0,107.80449488206497,93.88396879208656,13.92052608997841,34.71555219889483
2708,mass,train,True,ok,0.315277099609375,1.0,0.0,152.73298809408575,133.687591924054,19.04539617003175,24.45921935965442
2709,mass,train,True,ok,0.3510894775390625,1.0,0.0,166.79251597201096,147.51381475298047,19.278701219030495,27.211376829542637
2710,mass,train,True,ok,0.3862152099609375,1.0,0.0,171.7468294417447,155.48902423865755,16.257805203087145,25.968217761553554
2711,mass,train,True,ok,0.339996337890625,1.0,0.0,158.20182209855489,147.37323715725714,10.828584941297748,71.47500704916808
2712,mass,train,True,ok,0.333099365234375,1.0,0.0,183.02505726065047,173.4772113668604,9.547845893790083,23.456746729727392
2713,mass,train,True,ok,0.3295135498046875,1.0,0.0,149.2724241722621,135.31708427209213,13.955339900169974,33.5104146764871
2714,mass,train,True,ok,0.374847412109375,1.0,0.0,142.2022307253928,132.90986087381012,9.292369851582691,59.4742965450496
2715,mass,train,True,ok,0.4550628662109375,1.0,0.0,183.24383864802334,165.07725478117212,18.166583866851227,8.330966440545629
2716,mass,train,True,ok,0.37200927734375,1.0,0.0,204.40791632485644,189.8489649139858,14.558951410870634,36.876876637322106
2717,mass,train,True,ok,0.4044952392578125,1.0,0.0,180.00181070579802,160.29166986957748,19.710140836220546,59.196623108932734
2718,mass,train,True,ok,0.406280517578125,0.97772216796875,0.0,143.58318936377975,114.19933179131328,29.383857572466468,52.091479494665506
2719,mass,train,True,ok,0.348907470703125,1.0,0.0,120.5511676725269,82.94958987579095,37.60157779673595,12.744122179282972
2720,mass,train,True,ok,0.385986328125,1.0,0.0,154.40298861480076,125.06491053677932,29.33807807802144,15.306302004831828
2721,mass,train,True,ok,0.417236328125,0.7073516845703125,0.0,232.9707796957285,217.53670925848346,15.434070437245055,25.111974309677546
2722,mass,train,True,ok,0.35113525390625,1.0,0.0,197.7591256735616,176.30298184554604,21.45614382801557,38.89541479912512
2723,mass,train,True,ok,0.4185638427734375,0.9979400634765625,0.0,149.81407896175858,101.06151423697678,48.752564724781806,70.36802372470748
2724,mass,train,True,ok,0.4105072021484375,0.7580108642578125,0.028138125859569565,126.415306843103,35.90024072683975,90.51506611626326,21.827203377870823
2725,mass,train,True,ok,0.3754730224609375,1.0,0.0,201.69642784573495,181.42671455447237,20.269713291262576,52.88346961527963
2726,mass,train,True,ok,0.401275634765625,1.0,0.0,172.6295535782189,160.68670676385136,11.942846814367527,68.16745012438741
2727,mass,train,True,ok,0.42266845703125,0.998809814453125,0.0,180.8694584837545,154.06031292948515,26.80914555426935,90.3402204720569
2728,mass,train,True,ok,0.3895416259765625,1.0,0.0,171.94633553997414,142.35298822706025,29.59334731291389,57.9727809421513
2729,mass,train,True,ok,0.4175872802734375,0.9896087646484375,0.0,92.79482588519019,67.6851633524588,25.10966253273139,81.32465768053515
2730,mass,train,True,ok,0.454345703125,1.0,0.0,157.93249596990864,134.42142058165547,23.511075388253175,10.08356158697833
2731,mass,train,True,ok,0.37445068359375,1.0,0.0,170.93512632436838,153.14557517806614,17.789551146302244,51.51389454860244
2732,mass,train,True,ok,0.3914794921875,1.0,0.0,157.28196133458061,125.16742728184553,32.11453405273508,23.64281803419205
2733,mass,train,True,ok,0.411163330078125,1.0,0.0,196.13857344318265,169.43384296449858,26.70473047868407,71.02366955345985
2734,mass,train,True,ok,0.3809661865234375,1.0,0.0,206.3118115913005,165.21930538095592,41.092506210344595,81.40559733273416
2735,mass,train,True,ok,0.4331817626953125,0.8766021728515625,0.0,145.0364577829441,108.93337281610897,36.10308496683513,74.03678756567305
2736,mass,train,True,ok,0.340362548828125,1.0,0.0,138.95579664664217,130.8646541753412,8.09114247130097,122.28015742975954
2737,mass,train,True,ok,0.3516693115234375,1.0,0.0,145.54358484835336,130.46539104238744,15.078193805965924,20.834753245948466
2738,mass,train,True,ok,0.41192626953125,0.9962921142578125,0.0,158.9569565861609,134.08619615983395,24.870760426326967,39.30750008299068
2739,mass,train,True,ok,0.371978759765625,1.0,0.0,178.90298629912215,151.0375139705525,27.865472328569638,13.672151004894852
2740,mass,train,True,ok,0.386871337890625,0.8480224609375,0.0,103.98280350240593,65.63879348962222,38.34401001278371,46.215748981813384
2741,mass,train,True,ok,0.371307373046875,1.0,0.0,150.60779156735433,118.5686617154507,32.039129851903624,37.374792963851306
2742,mass,train,True,ok,0.3816986083984375,1.0,0.0,175.48554867079753,154.1670245058118,21.318524164985718,55.56288500407185
2743,mass,train,True,ok,0.3521881103515625,1.0,0.0,179.7186863654088,167.48971852549758,12.228967839911206,19.735228371444688
2744,mass,train,True,ok,0.323577880859375,1.0,0.0,124.10275393756484,103.79963907060682,20.303114866958026,8.377515259688602
2745,mass,train,True,ok,0.3646392822265625,1.0,0.0,134.0749466460225,113.61656139676745,20.45838524925506,20.51318417982703
2746,mass,train,True,ok,0.4136505126953125,1.0,0.0,131.60983437234867,114.69596898014417,16.9138653922045,28.06417305359622
2747,mass,train,True,ok,0.3813018798828125,1.0,0.0,143.07531313778063,123.63385700545047,19.44145613233016,12.570516594182227
2748,mass,train,True,ok,0.418792724609375,1.0,0.0,145.22771988632223,140.43691257547914,4.790807310843093,129.1542473973905
2749,mass,train,True,ok,0.3946533203125,1.0,0.0,113.19625734611816,92.51013309134906,20.686124254769098,6.59244683165262
2750,mass,train,True,ok,0.3485870361328125,1.0,0.0,69.94519588531408,51.21732917945234,18.727866705861736,6.880885886963191
2751,mass,train,True,ok,0.46307373046875,0.8832855224609375,0.0,222.72459470146302,150.1841252699784,72.54046943148461,17.47529499164211
2752,mass,train,True,ok,0.5028533935546875,1.0,0.0,220.5713245334547,203.11055523157668,17.46076930187803,56.79071896877902
2753,mass,train,True,ok,0.4054718017578125,0.7983551025390625,0.0,177.95615850675497,173.1016348843775,4.854523622377485,93.98096143498893
2754,mass,train,True,ok,0.4074249267578125,1.0,0.0,129.30047563761656,112.440659199176,16.85981643844056,12.011636898225158
2755,mass,train,True,ok,0.4092254638671875,1.0,0.0,143.65860024609418,123.72071699770127,19.937883248392907,23.58872781770423
2756,mass,train,True,ok,0.356475830078125,1.0,0.0,142.14134063864395,127.52537108170911,14.615969556934843,46.73274651876855
2757,mass,train,True,ok,0.367431640625,1.0,0.0,171.02844684385383,151.12584426862216,19.90260257523167,13.896565736353516
2758,mass,train,True,ok,0.38494873046875,1.0,0.0,185.56052798477882,148.61484072640667,36.945687258372146,5.2161424724424545
2759,mass,train,True,ok,0.3947601318359375,1.0,0.0,110.2625719918055,90.22518593218203,20.037386059623472,83.31520821499754
2760,mass,train,True,ok,0.39239501953125,0.9470977783203125,0.0,210.2763260227096,171.0188347564038,39.257491266305806,33.922851821173325
2761,mass,train,True,ok,0.387420654296875,1.0,0.0,160.81795982670343,131.7404722761919,29.077487550511535,13.478409872322649
2762,mass,train,True,ok,0.3844757080078125,0.992584228515625,0.0,173.8052149065365,134.62934133220952,39.17587357432697,9.485469723949684
2763,mass,train,True,ok,0.4043731689453125,0.999969482421875,0.0,184.93619108712878,138.00525169719484,46.93093938993394,8.804146729560816
2764,mass,train,True,ok,0.393341064453125,0.9296875,0.0,136.1877570020948,137.82380904472055,-1.6360520426257494,127.05076062435808
2765,mass,train,True,ok,0.4058074951171875,1.0,0.0,125.85004700131604,108.39113017128476,17.458916830031285,39.52379163337286
2766,mass,train,True,ok,0.4528045654296875,1.0,0.0,195.61523167649537,178.29115194779845,17.324079728696915,116.66776001203158
2767,mass,train,True,ok,0.4408111572265625,0.9555816650390625,0.0,154.28114507251894,96.23865527874041,58.04248979377853,75.60014612022476
2768,mass,train,True,ok,0.4318084716796875,1.0,0.0,183.66507650447014,126.39946827080593,57.26560823366421,18.019852974425266
2769,mass,train,True,ok,0.3698883056640625,1.0,0.0,153.83709417928304,131.80363240101707,22.033461778265973,13.151410088832238
2770,mass,train,True,ok,0.3462982177734375,1.0,0.0,145.1752808988764,131.93228449382602,13.242996405050377,22.964138216334906
2771,mass,train,True,ok,0.389739990234375,1.0,0.0,134.1281027327539,119.2372355853378,14.890867147416088,16.660211007511098
2772,mass,train,True,ok,0.4148406982421875,1.0,0.0,108.23345716702836,94.0177840360896,14.215673130938768,22.784110408962245
2773,mass,train,True,ok,0.34991455078125,1.0,0.0,144.60775335775335,113.87411980095766,30.733633556795695,7.777757441619041
2774,mass,train,True,ok,0.4137725830078125,1.0,0.0,156.76962790869197,118.53210650979985,38.23752139889213,12.767943142982782
2775,mass,train,True,ok,0.3936309814453125,0.8820648193359375,0.0,102.17370236849246,85.09846750044038,17.07523486805208,132.67171980573707
2776,mass,train,True,ok,0.3666229248046875,0.984222412109375,0.0,170.13093603029924,140.75056011949215,29.38037591080709,12.679318285390298
2777,mass,train,True,ok,0.3771209716796875,1.0,0.0,107.63592959741048,67.87633815928076,39.75959143812972,7.160067562865669
2778,mass,train,True,ok,0.404876708984375,1.0,0.0,115.84412451948444,75.11096866827342,40.73315585121102,30.36180596401333
2779,mass,train,True,ok,0.4183807373046875,1.0,0.0,123.38965680732339,110.22441430332923,13.165242503994165,36.33341234479262
2780,mass,train,True,ok,0.381011962890625,1.0,0.0,146.79355226271525,128.69560715870432,18.097945104010932,20.42037180328702
2781,mass,train,True,ok,0.3740997314453125,1.0,0.0,161.85777215809438,151.9125770984178,9.945195059676564,152.1167285898881
2782,mass,train,True,ok,0.3693084716796875,1.0,0.0,166.61351898524975,136.48000387099896,30.133515114250798,25.908790382102655
2783,mass,train,True,ok,0.396759033203125,1.0,0.0,129.98880855318822,120.03447665300754,9.954331900180676,20.19044888370424
2784,mass,train,True,ok,0.3626861572265625,1.0,0.0,146.25895073414952,127.45871142289367,18.80023931125585,19.936880965623512
2785,mass,train,True,ok,0.3958282470703125,1.0,0.0,147.88219420993795,131.28665235509533,16.595541854842622,10.403207066572598
2786,mass,train,True,ok,0.374786376953125,1.0,0.0,166.1218548978096,151.26284961194904,14.859005285860576,34.6867681623092
2787,mass,train,True,ok,0.396820068359375,0.9805145263671875,0.0,157.81461970314544,114.16858082469011,43.64603887845533,31.456446366175456
2788,mass,train,True,ok,0.3196563720703125,1.0,0.0,154.08582748579886,138.85365689550767,15.23217059029119,81.30937979748346
2789,mass,train,True,ok,0.33447265625,0.99981689453125,0.00031934306569343066,143.20013686131387,107.80176999266324,35.398366868650626,28.070541114706884
2790,mass,train,True,ok,0.354156494140625,0.787322998046875,0.006376561826798794,80.73946574752262,46.64634031092,34.09312543660261,18.474783566375578
2791,mass,train,True,ok,0.328216552734375,0.345001220703125,0.24528126452812646,26.658484425848442,14.602598464543679,12.055885961304764,136.19965222545284
2792,mass,train,True,ok,0.3318634033203125,0.8111419677734375,0.0,97.83226815025978,51.59686664991892,46.235401500340856,18.82580644835677
2793,mass,train,True,ok,0.267181396484375,0.482635498046875,0.001941747572815534,32.624500285551115,28.698309249156708,3.926191036394407,123.92698907729168
2794,mass,train,True,ok,0.3890228271484375,1.0,0.0,183.82522063149636,153.39686821008468,30.428352421411688,17.63750585270705
2795,mass,train,True,ok,0.4090118408203125,1.0,0.0,174.6376049244544,147.5669618651726,27.070643059281792,3.3101213044806124
2796,mass,train,True,ok,0.410430908203125,0.9533843994140625,0.0,148.08922596475574,93.85876598167607,54.23045998307967,21.98818615108913
2797,mass,train,True,ok,0.379486083984375,0.6862945556640625,0.026015279453156414,101.96421391234419,66.29766881424285,35.66654509810134,139.25590309387817
2798,mass,train,True,ok,0.36279296875,1.0,0.0,156.36885935397038,131.93532088122606,24.433538472744317,23.492437740080796
2799,mass,train,True,ok,0.388427734375,1.0,0.0,133.2953331238215,105.42058383233532,27.874749291486182,12.580005151891987
2800,mass,train,True,ok,0.439971923828125,1.0,0.0,141.63099119095511,119.45449839245818,22.176492798496938,50.91730310019204
2801,mass,train,True,ok,0.3817596435546875,1.0,0.0,162.2700347735721,146.6496532319767,15.620381541595378,57.21551132367588
2802,mass,train,True,ok,0.3608856201171875,1.0,0.0,181.4642509830451,146.6470096693327,34.8172413137124,18.843250103188836
2803,mass,train,True,ok,0.393585205078125,1.0,0.0,122.45743196092114,101.35989633133713,21.097535629584016,16.72458299042047
2804,mass,train,True,ok,0.40155029296875,0.978240966796875,0.0,174.87581699346404,122.12791942886282,52.74789756460122,16.37473559105432
2805,mass,train,True,ok,0.3824920654296875,1.0,0.0,155.43834523477082,126.36259853220984,29.075746702560977,46.79155158378404
2806,mass,train,True,ok,0.39422607421875,1.0,0.0,150.91794395417247,129.41173803526448,21.506205918907995,19.190252572316147
2807,mass,train,True,ok,0.357696533203125,1.0,0.0,161.35572903335893,134.74891908585548,26.60680994750345,60.85303644819769
2808,mass,train,True,ok,0.3390350341796875,1.0,0.0,140.04667176740628,118.03077313756724,22.015898629839043,52.95212787764353
2809,mass,train,True,ok,0.35882568359375,1.0,0.0,123.94735499234564,102.51287482151356,21.434480170832074,50.04891272259551
2810,mass,train,True,ok,0.356719970703125,0.999969482421875,0.0,88.89348960561212,69.63620190711134,19.257287698500775,83.65971723765854
2811,mass,train,True,ok,0.384521484375,0.999114990234375,0.0,149.86948412698413,101.6559896866323,48.21349444035184,25.83223116921109
2812,mass,train,True,ok,0.4206695556640625,0.9739837646484375,0.0,203.44706010373972,153.1169963389259,50.330063764813815,20.324754393071416
2813,mass,train,True,ok,0.4627532958984375,1.0,0.0,173.41593299699937,166.76770143997274,6.648231557026634,124.51072194534527
2814,mass,train,True,ok,0.461883544921875,1.0,0.0,138.54928972580112,127.48556683491181,11.06372289088931,137.7113436966772
2815,mass,train,True,ok,0.4331207275390625,1.0,0.0,110.77562092654571,81.88872439503648,28.886896531509237,40.849157940330265
2816,mass,train,True,ok,0.4087677001953125,1.0,0.0,128.66004703423047,116.01003948692802,12.650007547302451,69.5528021407524
2817,mass,train,True,ok,0.4562225341796875,0.9971466064453125,0.0,88.81394026556072,76.25512809720234,12.558812168358372,71.86624705589982
2818,mass,train,True,ok,0.40802001953125,1.0,0.0,130.43313388182497,100.88558098773069,29.54755289409428,63.78597757144684
2819,mass,train,True,ok,0.4189300537109375,0.99969482421875,0.0,149.86341285740303,128.69562248890523,21.167790368497805,84.16843034615633
2820,mass,train,True,ok,0.3377838134765625,1.0,0.0,117.88128472692777,109.1470540795871,8.73423064734068,132.85386994352962
2821,mass,train,True,ok,0.38671875,0.90374755859375,0.0,173.05101799242425,170.54647691082803,2.5045410815962157,100.6470509335492
2822,mass,train,True,ok,0.352142333984375,0.860076904296875,0.0,177.15040298119422,174.32898393706722,2.8214190441269977,88.68137162188994
2823,mass,train,True,ok,0.3542633056640625,1.0,0.0,157.63354438557954,135.92336775443655,21.710176631142986,27.712580511158514
2824,mass,train,True,ok,0.340850830078125,0.99609375,0.0,162.29940012534695,152.13875642390852,10.160643701438431,41.08618672247675
2825,mass,train,True,ok,0.3325653076171875,1.0,0.0,156.1691672401927,137.87766626277406,18.29150097741865,4.241169763480069
2826,mass,train,True,ok,0.3895111083984375,1.0,0.0,168.82269753594232,152.65410282686395,16.168594709078377,61.00746783803223
2827,mass,train,True,ok,0.335845947265625,1.0,0.0,163.56624261699227,148.40860635022744,15.157636266764825,29.7725424418118
2828,mass,train,True,ok,0.3274383544921875,1.0,0.0,134.6103266694627,123.3244776187127,11.285849050749988,18.397111099733824
2829,mass,train,True,ok,0.4154510498046875,1.0,0.0,191.60542843500937,159.25192513508574,32.35350329992363,40.9275622997144
2830,mass,train,True,ok,0.416717529296875,0.687225341796875,0.0011351153423654339,37.061406078359575,21.1546591325276,15.906746945831976,41.80293386602627
2831,mass,train,True,ok,0.312408447265625,0.467498779296875,0.11981049135488912,34.031552212562275,21.338733300785584,12.69281891177669,116.0564693506541
2832,mass,train,True,ok,0.3284759521484375,0.98773193359375,0.0,173.7126399405398,154.2468131518553,19.465826788684495,78.16704747692425
2833,mass,train,True,ok,0.36383056640625,1.0,0.0,126.40693675557792,107.4934759666123,18.913460788965622,37.21256079609709
2834,mass,train,True,ok,0.345916748046875,1.0,0.0,126.67688575209527,105.1232212009518,21.55366455114347,25.789842566739235
2835,mass,train,True,ok,0.4272918701171875,1.0,0.0,125.54651287362069,97.4873844350305,28.05912843859018,38.12487255706238
2836,mass,train,True,ok,0.314117431640625,0.9999542236328125,0.0,91.86039055668901,65.16836484983315,26.69202570685586,27.24568071082174
2837,mass,train,True,ok,0.398651123046875,1.0,0.0,160.51454489780295,126.33724942907891,34.17729546872404,12.020296485312443
2838,mass,train,True,ok,0.3897552490234375,1.0,0.0,144.86931840425947,117.5454954617058,27.323822942553676,49.182353603746016
2839,mass,train,True,ok,0.3726043701171875,1.0,0.0,128.26946230394364,113.85429384439526,14.415168459548383,11.510656814800178
2840,mass,train,True,ok,0.3905792236328125,1.0,0.0,162.51115365081844,132.74541175292322,29.765741897895225,11.94266215058796
2841,mass,train,True,ok,0.379791259765625,0.98858642578125,0.0,208.95026114905585,193.85442601978053,15.095835129275315,49.72821226389636
2842,mass,train,True,ok,0.4417572021484375,1.0,0.0,180.4841628959276,163.03659969933034,17.447563196597258,15.142010272761764
2843,mass,train,True,ok,0.415496826171875,1.0,0.0,182.76345941975762,153.3415652900329,29.421894129724734,44.32931120744062
2844,mass,train,True,ok,0.367645263671875,1.0,0.0,187.6852743421599,155.63691424159066,32.04836010056923,45.64593069087463
2845,mass,train,True,ok,0.391815185546875,1.0,0.0,180.56269958719525,151.39630688945758,29.166392697737678,21.230198518725803
2846,mass,train,True,ok,0.367950439453125,1.0,0.0,172.16637637886706,149.45615856308243,22.71021781578463,52.57306939998925
2847,mass,train,True,ok,0.3795623779296875,1.0,0.0,168.57563819095478,155.26807014092128,13.307568050033495,37.1717111207716
2848,mass,train,True,ok,0.3910980224609375,1.0,0.0,149.01154851546954,122.54697406340058,26.46457445206896,8.037099416228033
2849,mass,train,True,ok,0.3526611328125,1.0,0.0,131.02955174800968,114.01025363002074,17.01929811798894,38.269326984081495
2850,mass,train,True,ok,0.350860595703125,0.87835693359375,0.0,137.62203183439158,93.97538902731418,43.6466428070774,46.09807885635714
2851,mass,train,True,ok,0.3646697998046875,1.0,0.0,147.11138541361564,126.05692052741551,21.054464886200122,32.868769829421005
2852,mass,train,True,ok,0.34295654296875,1.0,0.0,102.52166755650471,79.22714816535067,23.29451939115404,79.13804321343916
2853,mass,train,True,ok,0.3370361328125,1.0,0.0,157.12735421948568,133.73952771128705,23.38782650819863,5.026596647553896
2854,mass,train,True,ok,0.3240814208984375,1.0,0.0,144.15052497763548,135.1385421134614,9.011982864174087,108.85513944037542
2855,mass,train,True,ok,0.3658905029296875,1.0,0.0,126.26047791817841,115.65329547368674,10.60718244449167,10.08795908790214
2856,mass,train,True,ok,0.3955841064453125,1.0,0.0,176.1675988428158,147.23733306404787,28.930265778767932,26.84740712512844
2857,mass,train,True,ok,0.379150390625,1.0,0.0,192.9611236316806,161.68548466378294,31.275638967897663,47.36595046115171
2858,mass,train,True,ok,0.3827056884765625,1.0,0.0,172.07212631075316,132.71689531578298,39.355230994970185,10.255023281297579
2859,mass,train,True,ok,0.343536376953125,1.0,0.0,175.3396553255752,144.80584352191903,30.533811803656164,10.403079766315681
2860,mass,train,True,ok,0.4027099609375,1.0,0.0,112.12098363140346,99.75835377069282,12.36262986071064,85.85748111919112
2861,mass,train,True,ok,0.3676605224609375,1.0,0.0,156.57032579373313,140.70842885065514,15.861896943077994,26.54862501391987
2862,mass,train,True,ok,0.3793792724609375,1.0,0.0,177.06777138720187,156.3439628254616,20.72380856174027,15.261695633297489
2863,mass,train,True,ok,0.3775634765625,1.0,0.0,148.13841739411575,109.7361982741714,38.40221911994435,16.133538975097796
2864,mass,train,True,ok,0.4108428955078125,1.0,0.0,167.17663881151347,144.62627230581958,22.550366505693887,23.062325084070135
2865,mass,train,True,ok,0.407318115234375,1.0,0.0,182.7577358207837,168.50574120797074,14.25199461281295,106.71409252745937
2866,mass,train,True,ok,0.3799591064453125,0.990692138671875,0.0,136.99807236657162,104.3130798572659,32.684992509305715,25.251263008675433
2867,mass,train,True,ok,0.3262176513671875,1.0,0.0,174.37780064549324,146.80032610911067,27.577474536382567,10.196424007895372
2868,mass,train,True,ok,0.3966217041015625,1.0,0.0,141.68210672104027,107.41036340186632,34.27174331917395,10.98530698406047
2869,mass,train,True,ok,0.480133056640625,0.999969482421875,0.0,191.163382698786,182.5437628412093,8.619619857576708,132.82203287392798
2870,mass,train,True,ok,0.4131927490234375,1.0,0.0,190.5924517153514,157.89377746574095,32.698674249610434,28.359037642615395
2871,mass,train,True,ok,0.3679962158203125,1.0,0.0,151.11344694613757,137.47864506627394,13.63480187986363,101.15987456772424
2872,mass,train,True,ok,0.3832550048828125,1.0,0.0,148.53071624795956,121.32774190356021,27.20297434439935,19.238019355718
2873,mass,train,True,ok,0.3899383544921875,1.0,0.0,161.80121306984935,132.68802681273604,29.113186257113313,38.82420448647549
2874,mass,train,True,ok,0.37420654296875,1.0,0.0,174.39071929538412,159.44462596313275,14.946093332251365,67.89143901954466
2875,mass,train,True,ok,0.408843994140625,0.908172607421875,0.0,202.00399343136525,153.80197202002995,48.202021411335295,11.737513333900946
2876,mass,train,True,ok,0.3917083740234375,1.0,0.0,146.29317128277043,115.54253104226765,30.750640240502776,38.97545613930841
2877,mass,train,True,ok,0.4361419677734375,1.0,0.0,185.94059405940595,162.43934186669554,23.50125219271041,24.454380697919134
2878,mass,train,True,ok,0.36712646484375,1.0,0.0,175.35918536990857,154.07421159224612,21.284973777662458,70.92511743320503
2879,mass,train,True,ok,0.3297271728515625,0.81182861328125,0.0027766208524226017,72.47401545652275,46.51253215562183,25.961483300900923,55.7026697918181
2880,mass,train,True,ok,0.3935394287109375,1.0,0.0,176.20987941529992,149.89309347087683,26.31678594442309,15.906515759172066
2881,mass,train,True,ok,0.4052734375,1.0,0.0,214.9363328313253,211.53425184729065,3.4020809840346544,34.74769371059986
2882,mass,train,True,ok,0.3753814697265625,1.0,0.0,200.77590341856023,193.04580432392817,7.730099094632067,64.07228717093646
2883,mass,train,True,ok,0.366729736328125,0.9940643310546875,0.0,122.34492801864026,92.59917594332804,29.745752075312225,31.55256178925535
2884,mass,train,True,ok,0.38720703125,1.0,0.0,156.73790195460276,119.46606075697211,37.27184119763065,30.511687082935175
2885,mass,train,True,ok,0.40032958984375,1.0,0.0,155.81590181430096,127.59727735368956,28.218624460611395,4.075924205997974
2886,mass,train,True,ok,0.401641845703125,1.0,0.0,181.59383785426638,156.96103432447595,24.632803529790436,21.831692146910566
2887,mass,train,True,ok,0.3661956787109375,1.0,0.0,179.32084670194592,163.00486313407325,16.315983567872678,50.9903845252664
2888,mass,train,True,ok,0.419830322265625,1.0,0.0,156.1284437013884,133.29338277839145,22.835060922996945,50.12835959600469
2889,mass,train,True,ok,0.395233154296875,1.0,0.0,177.30901088719017,156.64833223999597,20.660678647194203,30.54260501613639
2890,mass,train,True,ok,0.3975830078125,1.0,0.0,187.6758520110531,170.0484295845998,17.627422426453307,56.483772002096295
2891,mass,train,True,ok,0.343719482421875,1.0,0.0,145.4708780964219,119.97842362241339,25.49245447400851,36.545947619131184
2892,mass,train,True,ok,0.382293701171875,1.0,0.0,144.22307815119342,122.20246035274937,22.02061779844405,17.964127249437052
2893,mass,train,True,ok,0.3745880126953125,0.9876556396484375,0.0,168.68898936820236,156.14026398614195,12.548725382060411,124.7959840475062
2894,mass,train,True,ok,0.3583221435546875,1.0,0.0,136.92560575735638,115.08134972534658,21.844256032009795,78.74178831850236
2895,mass,train,True,ok,0.445953369140625,1.0,0.0,158.25518374050503,141.1710272652162,17.084156475288836,35.331718170431984
2896,mass,train,True,ok,0.3732147216796875,0.9883575439453125,0.0,167.655341592052,144.047861333593,23.607480258458992,69.13408655467273
2897,mass,train,True,ok,0.367156982421875,0.89166259765625,0.0,123.15879810489568,141.66863577180885,-18.50983766691317,114.0487551767497
2898,mass,train,True,ok,0.3289031982421875,1.0,0.0,131.84926931106472,117.75046042609308,14.098808884971632,12.266370024071366
2899,mass,train,True,ok,0.3624114990234375,1.0,0.0,156.20988589954106,135.22936460452314,20.980521295017923,41.61375860129689
2900,mass,train,True,ok,0.37493896484375,0.990234375,0.0,154.06519615822887,113.53407870325164,40.531117454977235,45.89877541891125
2901,mass,train,True,ok,0.4146270751953125,1.0,0.0,140.60758841497073,108.30289601960222,32.30469239536852,15.927457258751751
2902,mass,train,True,ok,0.3888397216796875,1.0,0.0,140.58313385394183,115.0760242678451,25.507109586096732,20.338674088279834
2903,mass,train,True,ok,0.3653411865234375,1.0,0.0,163.12199807877042,138.5638208352367,24.55817724353372,39.482441811834136
2904,mass,train,True,ok,0.374176025390625,1.0,0.0,162.97190278117608,144.99302677134636,17.97887600982972,59.26626270828105
2905,mass,train,True,ok,0.3636322021484375,0.9464874267578125,0.0,136.53535311149344,137.24833952763458,-0.712986416141149,134.4223712010241
2906,mass,train,True,ok,0.2924041748046875,1.0,0.0,185.5195428690706,167.58732452073406,17.932218348336534,47.155622823463176
2907,mass,train,True,ok,0.4162445068359375,1.0,0.0,190.71633857546098,174.10141934809315,16.614919227367835,44.177960126380405
2908,mass,train,True,ok,0.3944549560546875,1.0,0.0,198.11473443967353,181.88524631472848,16.22948812494505,109.72575408178388
2909,mass,train,True,ok,0.39813232421875,1.0,0.0,167.88383412540242,132.50988743535137,35.37394669005104,43.90922857214006
2910,mass,train,True,ok,0.368865966796875,1.0,0.0,151.3111607512203,140.2113534161791,11.09980733504122,79.03631516942913
2911,mass,train,True,ok,0.3995819091796875,1.0,0.0,137.76301218161683,123.18562098147348,14.577391200143353,2.032992219152313
2912,mass,train,True,ok,0.3394317626953125,1.0,0.0,162.51112609575185,143.1931810306992,19.31794506505264,55.71011525081753
2913,mass,train,True,ok,0.4368896484375,0.989837646484375,0.0,181.6091086895781,141.03395295902882,40.575155730549284,37.39827448171658
2914,mass,train,True,ok,0.5383453369140625,1.0,0.0,197.74910008219723,180.90530490827962,16.843795173917613,69.21432376807948
2915,mass,train,True,ok,0.3977813720703125,1.0,0.0,208.1038398097357,191.19646793523702,16.907371874498665,24.31046673550255
2916,mass,train,True,ok,0.4019622802734375,1.0,0.0,203.68295182781006,186.95425203480212,16.728699793007934,10.774787120642362
2917,mass,train,True,ok,0.3543701171875,0.739166259765625,0.05653634171546676,116.77127109886324,87.97993477027794,28.791336328585302,58.17500188255599
2918,mass,train,True,ok,0.3766326904296875,0.791290283203125,0.010087914759145972,93.03783980877527,73.31828751866448,19.719552290110798,115.39695911958667
2919,mass,train,True,ok,0.3894195556640625,0.92572021484375,0.0,145.62407429175974,95.1112582781457,50.51281601361404,35.45421825896484
2920,mass,train,True,ok,0.3565216064453125,0.978515625,0.0,136.9081104215707,101.19897559934552,35.709134822225195,20.258894957214984
2921,mass,train,True,ok,0.4258270263671875,0.9999847412109375,0.0,155.74167771526857,128.9115575752744,26.830120139994165,33.74591697092378
2922,mass,train,True,ok,0.4087677001953125,1.0,0.0,137.1087759901452,119.09662683562598,18.01214915451922,12.322599693057278
2923,mass,train,True,ok,0.372406005859375,1.0,0.0,129.23359010079488,111.46683685874058,17.766753242054307,2.3684052400454343
2924,mass,train,True,ok,0.2764129638671875,1.0,0.0,183.60977090808723,171.66814280592988,11.941628102157352,67.50518632997719
2925,mass,train,True,ok,0.37109375,1.0,0.0,153.39239309210527,143.92153532608697,9.470857766018298,90.34664308298127
2926,mass,train,True,ok,0.3842620849609375,0.9497833251953125,0.0,161.6095381805186,140.36654028201124,21.242997898507355,103.4558398334566
2927,mass,train,True,ok,0.353729248046875,1.0,0.0,148.12608920714348,111.35203286584502,36.77405634129846,52.87516233302173
2928,mass,train,True,ok,0.3469696044921875,1.0,0.0,109.39109019745811,94.63656331051241,14.754526886945698,28.716455817832827
2929,mass,train,True,ok,0.39031982421875,1.0,0.0,144.71106333072714,138.5314846330964,6.179578697630745,85.52198811573915
2930,mass,train,True,ok,0.4080810546875,0.828460693359375,3.7391564463057135e-05,141.69765180975173,81.69150855846566,60.006143251286076,11.724539322413875
2931,mass,train,True,ok,0.4436187744140625,1.0,0.0,157.60289615794724,105.45868414557222,52.14421201237502,27.340494538933136
2932,mass,train,True,ok,0.3606719970703125,1.0,0.0,165.63074840292762,157.3262369030287,8.304511499898922,21.485041206154108
2933,mass,train,True,ok,0.326385498046875,1.0,0.0,167.79602618045817,157.390907443483,10.405118736975169,62.851196089832065
2934,mass,train,True,ok,0.3571319580078125,0.9301910400390625,0.0,133.6624225592822,81.57169305262158,52.09072950666061,1.2176311609301151
2935,mass,train,True,ok,0.38916015625,0.9622039794921875,0.0,117.03842534504392,86.9966776578737,30.041747687170215,29.648518468449844
2936,mass,train,True,ok,0.396026611328125,1.0,0.0,199.61951914926408,171.2093628416957,28.41015630756837,30.896361682181254
2937,mass,train,True,ok,0.3695526123046875,1.0,0.0,178.07209215904868,153.7633419657768,24.30875019327189,18.90470324044066
2938,mass,train,True,ok,0.3524627685546875,1.0,0.0,187.7831074938309,170.86516483257535,16.91794266125555,31.49588678398842
2939,mass,train,True,ok,0.358154296875,1.0,0.0,99.76844751192911,93.62383510840624,6.144612403522871,114.20208368061729
2940,mass,train,True,ok,0.4013671875,1.0,0.0,187.25615875912408,157.37237459216965,29.883784166954428,93.46984505091793
2941,mass,train,True,ok,0.4030303955078125,0.998809814453125,0.0,177.32620300609548,115.0876977736881,62.23850523240738,13.190222531158241
2942,mass,train,True,ok,0.4178619384765625,1.0,0.0,124.8630272046741,96.70645592513958,28.156571279534518,28.46191476241792
2943,mass,train,True,ok,0.364166259765625,1.0,0.0,127.44175814966898,103.90187185025198,23.539886299417006,4.920690755378837
2944,mass,train,True,ok,0.3187408447265625,0.9924163818359375,0.0,155.8603092536742,115.9320895020942,39.92821975157999,62.13943243636751
2945,mass,train,True,ok,0.321990966796875,0.833831787109375,0.0,127.3988721448204,54.38650582886979,73.01236631595062,30.224929817692267
2946,mass,train,True,ok,0.3824615478515625,0.9999542236328125,0.0,178.27356872132455,148.1401250277977,30.133443693526857,25.478293442194804
2947,mass,train,True,ok,0.3568572998046875,1.0,0.0,168.9896096121777,136.31512016892452,32.67448944325318,29.191051326396977
2948,mass,train,True,ok,0.4089508056640625,0.88177490234375,0.0,134.5380023133465,101.19912224086744,33.33888007247907,109.49005355611104
2949,mass,train,True,ok,0.392333984375,0.8941192626953125,0.0,148.8315572495333,113.62959521896344,35.201962030569845,102.34027369815266
2950,mass,train,True,ok,0.3467559814453125,0.981903076171875,0.0,54.63432343234324,62.698161687416786,-8.063838255073549,120.41557207160368
2951,mass,train,True,ok,0.3256378173828125,1.0,0.0,108.24563047654749,94.88301844100012,13.362612035547372,52.20254132370845
2952,mass,train,True,ok,0.435577392578125,0.999969482421875,0.0,200.4880893995656,167.90984049743173,32.57824890213388,43.69396715455219
2953,mass,train,True,ok,0.3995361328125,1.0,0.0,160.05224564619616,139.06253811750355,20.989707528692605,32.71643117739334
2954,mass,train,True,ok,0.409332275390625,1.0,0.0,118.26045627376426,96.27473521053992,21.985721063224346,21.32354351859399
2955,mass,train,True,ok,0.3919830322265625,1.0,0.0,165.03651368289928,135.48530629658444,29.551207386314843,69.35475756125169
2956,mass,train,True,ok,0.356048583984375,1.0,0.0,166.81379103454188,142.20913700772476,24.604654026817116,14.035686864419475
2957,mass,train,True,ok,0.3826751708984375,0.89361572265625,0.0,133.12652019618008,103.12311837259313,30.003401823586955,41.13777098369238
2958,mass,train,True,ok,0.3338775634765625,1.0,0.0,210.17544901969745,201.7332722483106,8.44217677138684,34.391416418248106
2959,mass,train,True,ok,0.4120025634765625,0.9787750244140625,0.0,81.8175252768416,73.00573504606203,8.811790230779565,132.9537314501844
2960,mass,train,True,ok,0.3885650634765625,1.0,0.0,128.81570783428234,116.65588580270021,12.159822031582124,22.847379176535295
2961,mass,train,True,ok,0.41619873046875,1.0,0.0,159.26847778266608,146.56325143753267,12.705226345133411,29.409222428629842
2962,mass,train,True,ok,0.38287353515625,1.0,0.0,140.10361868324566,128.5486351498368,11.554983533408858,12.270675258315173
2963,mass,train,True,ok,0.3802337646484375,1.0,0.0,135.8690958706208,129.89713666691287,5.971959203707939,14.873169177555317
2964,mass,train,True,ok,0.3698272705078125,1.0,0.0,160.5722242851838,150.51734908835564,10.054875196828164,69.54813330684462
2965,mass,train,True,ok,0.346221923828125,1.0,0.0,160.39854561480828,151.23927554497502,9.15927006983327,64.80815135788798
2966,mass,train,True,ok,0.3213348388671875,1.0,0.0,201.1236051094544,193.34802257346493,7.775582535989457,12.209224249300329
2967,mass,train,True,ok,0.3660736083984375,1.0,0.0,190.91400942019925,189.27728968588278,1.6367197343164719,53.65659904443603
2968,mass,train,True,ok,0.32720947265625,1.0,0.0,113.62409065472859,109.77050258550304,3.8535880692255517,131.14858329344105
2969,mass,train,True,ok,0.3582916259765625,1.0,0.0,201.8486009965504,191.7271668053739,10.12143419117649,20.794211617718616
2970,mass,train,True,ok,0.4010162353515625,0.729461669921875,0.030402191697423996,68.0794490316198,54.02649344032607,14.052955591293731,118.82482927931703
2971,mass,train,True,ok,0.3576507568359375,1.0,0.0,149.22808140279022,127.12594721714136,22.102134185648865,41.799059630217755
2972,mass,train,True,ok,0.3881378173828125,1.0,0.0,168.07288595353225,151.8640614479164,16.208824505615837,41.53120866469092
2973,mass,train,True,ok,0.38446044921875,1.0,0.0,155.1501825686617,117.83039167079822,37.319790897863484,5.582887247925017
2974,mass,train,True,ok,0.3931121826171875,0.9920196533203125,0.0,140.92427124170322,128.70605687275287,12.218214368950356,52.428827563093805
2975,mass,train,True,ok,0.4115753173828125,0.626068115234375,0.06543580617654692,37.199273347421496,21.950600316365428,15.248673031056068,149.4508858817637
2976,mass,train,True,ok,0.4295654296875,1.0,0.0,178.2788789428815,149.64142413866895,28.637454804212553,77.02966704797379
2977,mass,train,True,ok,0.37359619140625,1.0,0.0,127.03961770952459,122.79094806586768,4.2486696436569105,151.58233837303771
2978,mass,train,True,ok,0.3275146484375,1.0,0.0,148.39876071561685,133.8336131784353,14.56514753718156,17.829013069809104
2979,mass,train,True,ok,0.3729400634765625,1.0,0.0,147.47387586432635,117.0152573305755,30.45861853375085,9.797870633344298
2980,mass,train,True,ok,0.39019775390625,1.0,0.0,146.80650711715938,106.5620058052247,40.244501311934684,2.7547962775019874
2981,mass,train,True,ok,0.406158447265625,1.0,0.0,152.76857765421894,135.44632303818284,17.322254616036105,94.45796042046335
2982,mass,train,True,ok,0.4101409912109375,1.0,0.0,161.1106439971725,145.44317976045735,15.667464236715148,23.050049432806876
2983,mass,train,True,ok,0.3353424072265625,1.0,0.0,131.47044637575647,116.78071121926583,14.689735156490642,13.293441211090183
2984,mass,train,True,ok,0.4319305419921875,1.0,0.0,148.48235418801002,121.8194149721991,26.662939215810923,63.77091112002025
2985,mass,train,True,ok,0.38543701171875,1.0,0.0,119.08915281076801,112.57014102691429,6.519011783853728,14.986993645911117
2986,mass,train,True,ok,0.3487091064453125,1.0,0.0,131.35483306349275,117.1926293840639,14.162203679428842,20.711274170443836
2987,mass,train,True,ok,0.4177703857421875,1.0,0.0,167.35695240878044,125.96689991351522,41.39005249526522,16.612650973875404
2988,mass,train,True,ok,0.3901824951171875,0.994873046875,0.0,138.70083297485434,81.65952708620043,57.04130588865391,4.7969715289545105
2989,mass,train,True,ok,0.3506622314453125,1.0,0.0,106.71289325964928,94.01713077194219,12.695762487707086,38.180955153946705
2990,mass,train,True,ok,0.3974151611328125,1.0,0.0,175.45206373584182,149.43179458610823,26.020269149733593,50.987960765194416
2991,mass,train,True,ok,0.421630859375,1.0,0.0,171.60853358425015,152.57827669902912,19.030256885221036,2.4599094313493914
2992,mass,train,True,ok,0.4053955078125,0.997161865234375,0.0,191.694519722975,145.92129439540136,45.77322532757364,40.4700490105463
2993,mass,train,True,ok,0.392791748046875,0.9998779296875,0.0,88.65294071944682,74.9159421018244,13.736998617622419,132.47098117557613
2994,mass,train,True,ok,0.400390625,0.9838714599609375,0.0,159.12618140243902,118.32288273615636,40.80329866628266,46.430983783048084
2995,mass,train,True,ok,0.414886474609375,1.0,0.0,181.2341669731519,151.32180670734888,29.912360265803017,22.92380433088229
2996,mass,train,True,ok,0.3719024658203125,1.0,0.0,160.16071062241005,141.25931054587858,18.901400076531473,137.98841916542364
2997,mass,train,True,ok,0.392181396484375,1.0,0.0,119.22188934713252,94.21471607169754,25.00717327543498,7.4662934211962755
2998,mass,train,True,ok,0.348846435546875,1.0,0.0,114.93990027119237,92.33931667994564,22.600583591246732,72.56860096704084
2999,mass,train,True,ok,0.4224395751953125,1.0,0.0,126.93249051833122,99.4763942828459,27.45609623548532,27.903771700264812
3000,mass,train,True,ok,0.3822021484375,1.0,0.0,107.25898275311403,79.43738885595732,27.821593897156703,30.75912421337961
3001,mass,train,True,ok,0.4341278076171875,1.0,0.0,184.61484657832764,171.1935014156667,13.421345162660941,28.150422534855778
3002,mass,train,True,ok,0.365814208984375,1.0,0.0,179.59330941853676,165.98823444492567,13.605074973611096,95.77899524681273
3003,mass,train,True,ok,0.371490478515625,1.0,0.0,131.1654891974041,107.28829813061422,23.877191066789877,16.79735993944673
3004,mass,train,True,ok,0.4344940185546875,1.0,0.0,155.13081650570675,111.19214268368366,43.93867382202309,14.545118443418234
3005,mass,train,True,ok,0.40753173828125,1.0,0.0,150.17298187808896,108.72931904810962,41.443662829979345,8.881146085091537
3006,mass,train,True,ok,0.39703369140625,0.8802032470703125,0.0,96.74800153727901,74.11122077133314,22.636780765945872,111.72806409921812
3007,mass,train,True,ok,0.384124755859375,1.0,0.0,143.53972352427107,103.83055844606312,39.709165078207945,27.657073420769812
3008,mass,train,True,ok,0.3617401123046875,0.9989471435546875,0.0,126.58210655080778,96.31659853211886,30.26550801868892,57.32562590305133
3009,mass,train,True,ok,0.34521484375,1.0,0.0,193.15213932107497,176.7065855704698,16.44555375060517,17.177026136232136
3010,mass,train,True,ok,0.3985137939453125,1.0,0.0,138.35735344794577,115.01065476039473,23.34669868755104,6.306589972987161
3011,mass,train,True,ok,0.4188995361328125,1.0,0.0,174.93982442720286,148.1382506630255,26.801573764177363,22.724711966512608
3012,mass,train,True,ok,0.38018798828125,1.0,0.0,166.45179804141918,157.04490398818317,9.406894053236016,109.2916908533676
3013,mass,train,True,ok,0.3496856689453125,1.0,0.0,136.9523061482742,114.75229357798165,22.200012570292557,24.321969101283827
3014,mass,train,True,ok,0.3515625,1.0,0.0,126.44848090277777,106.09410297439759,20.354377928380188,46.88126855153508
3015,mass,train,True,ok,0.3561859130859375,1.0,0.0,166.8406374501992,151.26302941246178,15.577608037737434,35.47068504866711
3016,mass,train,True,ok,0.3165130615234375,1.0,0.0,143.58569155859809,130.4330587368562,13.15263282174189,28.225593180605518
3017,mass,train,True,ok,0.3679656982421875,1.0,0.0,147.61646278250052,118.02404577388282,29.5924170086177,28.97675729913209
3018,mass,train,True,ok,0.3840179443359375,1.0,0.0,157.97337783605516,124.94384304788328,33.02953478817189,8.146328749623596
3019,mass,train,True,ok,0.4009246826171875,1.0,0.0,165.9586679352997,147.45770612057768,18.500961814722018,66.95013542873114
3020,mass,train,True,ok,0.4157867431640625,1.0,0.0,177.7312561928878,155.2398464230679,22.49140976981991,12.808661711184067
3021,mass,train,True,ok,0.453582763671875,1.0,0.0,92.39457040974231,83.24113376151912,9.153436648223192,150.83829918098354
3022,mass,train,True,ok,0.4031829833984375,1.0,0.0,89.87435189039851,78.36507043693912,11.509281453459394,35.130626228379825
3023,mass,train,True,ok,0.3636474609375,1.0,0.0,164.0127559583753,131.15130443122962,32.861451527145675,34.64667551782316
3024,mass,train,True,ok,0.4195709228515625,1.0,0.0,148.5195475870095,113.20095165488051,35.318595932128986,24.26474227475491
3025,mass,train,True,ok,0.445892333984375,1.0,0.0,190.62473478885772,154.16687778818087,36.45785700067685,25.044726481167558
3026,mass,train,True,ok,0.384674072265625,1.0,0.0,198.38373661245538,174.36219808560233,24.02153852685305,25.331043944489245
3027,mass,train,True,ok,0.390167236328125,1.0,0.0,159.69202190066486,153.39518590802183,6.296835992643025,118.0784796048347
3028,mass,train,True,ok,0.366424560546875,1.0,0.0,164.93949362871658,141.76458263089447,23.17491099782211,13.714545096963423
3029,mass,train,True,ok,0.37457275390625,1.0,0.0,154.75480690891314,129.6650971015907,25.089709807322436,12.009843228898543
3030,mass,train,True,ok,0.574859619140625,0.999359130859375,0.0,195.18545946806816,141.6290287847247,53.55643068334345,29.982733467671306
3031,mass,train,True,ok,0.563629150390625,0.9967041015625,0.0,217.1895067410255,189.4074410797958,27.782065661229694,32.524698875935634
3032,mass,train,True,ok,0.3792724609375,1.0,0.0,117.5301335693595,94.0998279252704,23.430305644089103,106.86195659210347
3033,mass,train,True,ok,0.38751220703125,1.0,0.0,174.6291148212317,140.40468360737418,34.224431213857514,11.900441598336217
3034,mass,train,True,ok,0.3694000244140625,1.0,0.0,167.2449502251229,148.8218114065865,18.423138818536387,16.40859163942805
3035,mass,train,True,ok,0.3793487548828125,1.0,0.0,187.3373556976791,171.1035525507068,16.233803146972292,13.380282095896609
3036,mass,train,True,ok,0.32403564453125,0.84356689453125,0.0,134.12379920889057,105.85426636568849,28.269532843202086,80.52970623533808
3037,mass,train,True,ok,0.4334716796875,1.0,0.0,178.57849901436217,165.47524779142427,13.1032512229379,29.682680238190315
3038,mass,train,True,ok,0.3765716552734375,0.7857513427734375,0.007010008509258884,112.29446087766928,86.17475585578971,26.119705021879568,118.41759815561268
3039,mass,train,True,ok,0.40966796875,1.0,0.0,163.85715882002384,141.5500672043011,22.307091615722754,12.888728835974879
3040,mass,train,True,ok,0.385223388671875,1.0,0.0,140.45353719401092,143.49915611814345,-3.045618924132526,146.70753437308116
3041,mass,train,True,ok,0.414154052734375,1.0,0.0,167.19335347432025,146.43946970880867,20.753883765511574,21.756082517408885
3042,mass,train,True,ok,0.381927490234375,1.0,0.0,154.67495005992808,142.32908704883226,12.345863011095815,61.8771861284165
3043,mass,train,True,ok,0.4248809814453125,1.0,0.0,158.72199676782188,131.64153246133029,27.080464306491592,12.232291224520838
3044,mass,train,True,ok,0.3498687744140625,1.0,0.0,119.76187360983907,100.68559156946041,19.076282040378658,17.17771203868005
3045,mass,train,True,ok,0.384063720703125,1.0,0.0,144.53444576877234,127.06711093494525,17.467334833827096,138.36897483326842
3046,mass,train,True,ok,0.37896728515625,1.0,0.0,106.54972620389756,88.96081081081081,17.58891539308675,28.718114602802594
3047,mass,train,True,ok,0.3617401123046875,1.0,0.0,131.78500021090818,121.20865906428554,10.576341146622639,90.80379075116697
3048,mass,train,True,ok,0.354644775390625,0.8241729736328125,0.0011616900438860683,123.72609930298597,84.48794155199319,39.238157750992784,94.63489923516816
3049,mass,train,True,ok,0.3487091064453125,1.0,0.0,146.21441386251257,130.15842372841647,16.055990134096106,24.063768267362263
3050,mass,train,True,ok,0.387603759765625,1.0,0.0,154.85083851665223,140.50458464145115,14.346253875201086,158.3977395185418
3051,mass,train,True,ok,0.3805084228515625,1.0,0.0,187.5916108593656,163.42771989457867,24.16389096478693,47.632734079589795
3052,mass,train,True,ok,0.4133758544921875,1.0,0.0,146.32099221143554,141.1315385615815,5.189453649854045,126.09069204535365
3053,mass,train,True,ok,0.3470916748046875,1.0,0.0,160.41394469600388,139.89212180700648,20.521822888997406,13.292239701809443
3054,mass,train,True,ok,0.46759033203125,1.0,0.0,177.75130531262238,148.39539149375216,29.35591381887022,45.393482226005645
3055,mass,train,True,ok,0.4257049560546875,1.0,0.0,180.4699093157461,152.9078300608444,27.562079254901704,30.980850882774977
3056,mass,train,True,ok,0.37371826171875,1.0,0.0,172.77025151069736,147.63441672351624,25.135834787181125,3.8004151765496976
3057,mass,train,True,ok,0.3485565185546875,1.0,0.0,169.1268222212494,140.2680767338908,28.85874548735859,7.557868596774888
3058,mass,train,True,ok,0.3345947265625,0.9738922119140625,0.0,136.50132251003282,105.25740689781692,31.2439156122159,80.7510183396353
3059,mass,train,True,ok,0.3981475830078125,1.0,0.0,165.6808339401372,136.12139036077377,29.559443579363432,23.75118672468549
3060,mass,train,True,ok,0.3657379150390625,1.0,0.0,174.11756852601278,154.80811701590204,19.309451510110733,32.5656686421203
3061,mass,train,True,ok,0.331451416015625,0.6461181640625,0.11660988859221066,74.45810698830678,43.51768841009723,30.940418578209552,50.63320819328579
3062,mass,train,True,ok,0.381103515625,1.0,0.0,167.41187540038436,125.71538461538462,41.69649078499974,24.082723797110656
3063,mass,train,True,ok,0.33233642578125,1.0,0.0,123.723507805326,105.1495566322333,18.573951173092695,149.39024146107525
3064,mass,train,True,ok,0.33245849609375,1.0,0.0,147.13470717826326,126.37201700649173,20.762690171771524,51.23170191003986
3065,mass,train,True,ok,0.3185577392578125,1.0,0.0,149.90424869473583,135.1327839853109,14.771464709424919,38.91056115911459
3066,mass,train,True,ok,0.3502960205078125,1.0,0.0,121.51112950298383,111.48016627915169,10.030963223832146,9.020500423697879
3067,mass,train,True,ok,0.3173675537109375,1.0,0.0,128.76128660031733,117.71533629881306,11.045950301504277,46.77241661283814
3068,mass,train,True,ok,0.3237152099609375,1.0,0.0,165.11161913740278,155.46569346359513,9.645925673807653,116.55159277538749
3069,mass,train,True,ok,0.355621337890625,1.0,0.0,174.87951600446237,155.16367511247927,19.715840891983106,44.39127202294664
3070,mass,train,True,ok,0.40240478515625,0.9997100830078125,0.0,203.60010617321402,171.7967776529466,31.803328520267428,24.123462884481242
3071,mass,train,True,ok,0.363616943359375,1.0,0.0,153.61775073436846,115.74603174603175,37.87171898833671,116.60782880011408
3072,mass,train,True,ok,0.4144439697265625,1.0,0.0,149.4342255439785,127.73115309446254,21.703072449515957,16.28117969452609
3073,mass,train,True,ok,0.366180419921875,0.98187255859375,0.0,114.34840403366947,76.77155857287303,37.576845460796434,11.8991769954165
3074,mass,train,True,ok,0.3258819580078125,1.0,0.0,157.29353373601163,141.5560786799158,15.737455056095826,34.696434344368534
3075,mass,train,True,ok,0.353546142578125,1.0,0.0,154.41005610703496,140.76931973752536,13.640736369509597,4.2847197879240255
3076,mass,train,True,ok,0.472869873046875,0.9999542236328125,0.0,213.37666989351405,201.5190181207665,11.857651772747545,71.18621654221404
3077,mass,train,True,ok,0.3928375244140625,0.9990997314453125,0.0,165.01390561274033,138.63464099922092,26.37926461351941,35.3697562108866
3078,mass,train,True,ok,0.45806884765625,1.0,0.0,152.71292471685544,131.70041671359388,21.01250800326156,22.26330599004362
3079,mass,train,True,ok,0.415618896484375,0.98284912109375,0.0,196.8503194067112,147.06833255000262,49.781986856708585,28.153192289939593
3080,mass,train,True,ok,0.3527069091796875,1.0,0.0,96.3969284014709,86.32099667617453,10.075931725296371,58.200314399104975
3081,mass,train,True,ok,0.34326171875,1.0,0.0,144.45261379800854,132.07362918215614,12.378984615852403,51.21166845549431
3082,mass,train,True,ok,0.4259490966796875,1.0,0.0,120.35511373813362,92.81334892746072,27.541764810672902,44.69723555936883
3083,mass,train,True,ok,0.3990020751953125,1.0,0.0,206.03671268499753,170.91733313022064,35.119379554776884,61.940276139793674
3084,mass,train,True,ok,0.5306396484375,1.0,0.0,207.00379572118703,184.90019505851757,22.103600662669464,23.97829617047962
3085,mass,train,True,ok,0.3558349609375,1.0,0.0,147.14897084048027,130.1954945992041,16.953476241276178,59.730139852899924
3086,mass,train,True,ok,0.4011383056640625,1.0,0.0,113.56788010194379,107.01500751649807,6.552872585445712,146.88356666086503
3087,mass,train,True,ok,0.3500518798828125,1.0,0.0,101.91565319733229,90.86653363070783,11.049119566624455,97.71118282572489
3088,mass,train,True,ok,0.34747314453125,1.0,0.0,145.58492886000352,134.18209241418015,11.402836445823368,36.966434572142205
3089,mass,train,True,ok,0.3646392822265625,0.9634246826171875,0.0,201.58547097962088,169.68005955954754,31.905411420073335,96.28827648269478
3090,mass,train,True,ok,0.401611328125,1.0,0.0,137.1191489361702,122.92350061199511,14.195648324175096,26.043995770356936
3091,mass,train,True,ok,0.3922119140625,1.0,0.0,141.34597727980082,120.51621811608757,20.82975916371325,36.042515583287695
3092,mass,train,True,ok,0.4119873046875,1.0,0.0,139.693,109.10831430350841,30.584685696491604,58.182252263816174
3093,mass,train,True,ok,0.3779449462890625,1.0,0.0,130.25156445556945,112.56378933941669,17.687775116152764,18.758064601245916
3094,mass,train,True,ok,0.3561859130859375,1.0,0.0,105.84166559568179,90.24968596686654,15.591979628815253,27.795399811841115
3095,mass,train,True,ok,0.37054443359375,1.0,0.0,192.3779443254818,175.59960729176768,16.77833703371411,31.463616124469123
3096,mass,train,True,ok,0.4008941650390625,1.0,0.0,149.69436303429376,130.86282250464814,18.831540529645622,18.247576146378485
3097,mass,train,True,ok,0.348358154296875,1.0,0.0,174.55356986421376,144.92659111131925,29.6269787528945,56.41641476555802
3098,mass,train,True,ok,0.3666534423828125,1.0,0.0,174.56023971035,136.0836726335317,38.4765670768183,15.945322311697998
3099,mass,train,True,ok,0.443389892578125,0.982421875,0.0,214.26825659026775,192.86644004605515,21.401816544212608,94.15407353872834
3100,mass,train,True,ok,0.336212158203125,0.7740020751953125,0.001452300989380049,144.33357538349824,92.80614684382327,51.52742853967497,72.85035048476668
3101,mass,train,True,ok,0.5414886474609375,1.0,0.0,160.65815650801702,131.29585011148458,29.362306396532432,60.6952601334124
3102,mass,train,True,ok,0.5613861083984375,0.9698638916015625,0.0,160.64110787964447,116.95494868672813,43.686159192916335,73.64255432497356
3103,mass,train,True,ok,0.425018310546875,0.883148193359375,0.0,133.05823221081351,86.66612706331935,46.39210514749416,40.895274199290576
3104,mass,train,True,ok,0.3863372802734375,1.0,0.0,149.36747106915755,132.95743093716587,16.41004013199168,31.08975306764367
3105,mass,train,True,ok,0.3404083251953125,1.0,0.0,141.14671208929133,121.64489786476045,19.501814224530875,19.914440838138518
3106,mass,train,True,ok,0.3013153076171875,0.949981689453125,0.0,177.84493847166658,123.5514861647994,54.29345230686718,81.08589505654973
3107,mass,train,True,ok,0.401458740234375,1.0,0.0,154.6420372481946,128.88665680925916,25.755380438935447,23.305515415833607
3108,mass,train,True,ok,0.40240478515625,1.0,0.0,144.70957834066434,114.99900418751915,29.71057415314519,38.92366155141135
3109,mass,train,True,ok,0.31451416015625,1.0,0.0,91.22802251115854,76.91786127682307,14.310161234335467,8.431890010780847
3110,mass,train,True,ok,0.3726348876953125,1.0,0.0,174.1806232341018,161.23069439377358,12.949928840328226,53.36721768212298
3111,mass,train,True,ok,0.34619140625,0.9999237060546875,0.0,104.33824047954866,82.38466206123974,21.953578418308922,65.30277156981646
3112,mass,train,True,ok,0.464111328125,1.0,0.0,154.96514992109417,131.88359908883828,23.081550832255886,8.219990278270755
3113,mass,train,True,ok,0.3777923583984375,1.0,0.0,174.38547598852944,159.37199892096035,15.013477067569085,67.88237335994093
3114,mass,train,True,ok,0.3313751220703125,1.0,0.0,184.7263434175991,179.45991464889659,5.266428768702525,94.08600779507553
3115,mass,train,True,ok,0.42022705078125,0.91949462890625,0.0,123.200871459695,98.24107800821139,24.959793451483606,146.50446309152647
3116,mass,train,True,ok,0.3918609619140625,1.0,0.0,184.92796230676376,171.51416384393426,13.413798462829504,41.70080167883279
3117,mass,train,True,ok,0.36962890625,1.0,0.0,157.40001651254954,137.71775755228506,19.682258960264477,114.40515308419666
3118,mass,train,True,ok,0.336822509765625,1.0,0.0,119.1168342846788,102.5111591735309,16.605675111147903,61.27389368857775
3119,mass,train,True,ok,0.35107421875,1.0,0.0,128.28863873435327,115.34316215199398,12.94547658235929,54.645372505079514
3120,mass,train,True,ok,0.3858489990234375,1.0,0.0,172.74010361055088,145.8152252229869,26.92487838756398,14.034309242732
3121,mass,train,True,ok,0.4045867919921875,1.0,0.0,166.2957571186121,144.9975654134953,21.298191705116807,5.327049740551582
3122,mass,train,True,ok,0.3436737060546875,0.9999847412109375,0.0,127.5020645562314,98.47918071280776,29.022883843423642,35.06192578929021
3123,mass,train,True,ok,0.4012908935546875,1.0,0.0,150.1034640100384,120.36863164869894,29.73483236133947,36.3582415457673
3124,mass,train,True,ok,0.3506622314453125,1.0,0.0,144.18106261694444,123.51192574315591,20.66913687378853,12.25644545832874
3125,mass,train,True,ok,0.3905029296875,1.0,0.0,172.92669584245075,157.472661726417,15.454034116033768,91.0877795709076
3126,mass,train,True,ok,0.42877197265625,0.995849609375,0.0,162.41754448398578,135.29009509562988,27.1274493883559,31.733292117434743
3127,mass,train,True,ok,0.40008544921875,1.0,0.0,154.49199084668192,130.23817275409502,24.253818092586897,50.274482677335826
3128,mass,train,True,ok,0.3636016845703125,0.6500244140625,0.18028452725670402,81.14939779260565,55.83954731819598,25.30985047440967,49.327433096404896
3129,mass,train,True,ok,0.401336669921875,0.9457244873046875,0.0,184.77826781233367,152.28095529387775,32.497312518455914,79.64904084621375
3130,mass,train,True,ok,0.453338623046875,0.9882965087890625,0.0,160.1284079434534,136.12510467258414,24.003303270869253,45.55556577075103
3131,mass,train,True,ok,0.4089508056640625,1.0,0.0,192.9145927390769,175.36411514134502,17.550477597731884,49.846456251878486
3132,mass,train,True,ok,0.40338134765625,1.0,0.0,68.73607958844,51.90268542199488,16.833394166445125,37.81963850306885
3133,mass,train,True,ok,0.34649658203125,1.0,0.0,105.74132464329752,83.66559260297002,22.075732040327495,9.101853602405052
3134,mass,train,True,ok,0.40814208984375,1.0,0.0,167.09193210707343,154.37122305867794,12.720709048395491,35.757752035496374
3135,mass,train,True,ok,0.4189910888671875,1.0,0.0,89.22032848974835,96.70499251516664,-7.484664025418283,116.1444747961699
3136,mass,train,True,ok,0.3802032470703125,1.0,0.0,160.02672873941486,144.8054358797607,15.22129285965417,50.39898102970445
3137,mass,train,True,ok,0.3328094482421875,1.0,0.0,130.6755765439457,105.89017724413951,24.7853992998062,17.040824811690975
3138,mass,train,True,ok,0.3416290283203125,1.0,0.0,110.36241011210862,95.5396203675806,14.822789744528023,18.054535084071702
3139,mass,train,True,ok,0.427398681640625,1.0,0.0,190.4870760442699,91.45315248094654,99.03392356332337,1.15111896908639
3140,mass,train,True,ok,0.437896728515625,0.8736572265625,0.0,151.97710641856577,86.95037732775938,65.02672909080638,14.502419154347557
3141,mass,train,True,ok,0.47796630859375,1.0,0.0,202.1759353850083,129.63018823804512,72.54574714696318,13.711156839050407
3142,mass,train,True,ok,0.4025115966796875,0.91015625,0.0,113.75328860078092,129.06867226804914,-15.315383667268222,137.37873058458976
3143,mass,train,True,ok,0.37921142578125,1.0,0.0,144.6613149847095,127.68319240979255,16.978122574916938,20.425849614061367
3144,mass,train,True,ok,0.3849029541015625,1.0,0.0,133.8357978196234,113.32301356949716,20.51278425012623,47.03581387433531
3145,mass,train,True,ok,0.3656005859375,1.0,0.0,110.22913188647746,97.99013854146624,12.238993345011224,21.377006350177023
3146,mass,train,True,ok,0.360107421875,1.0,0.0,110.04050847457627,95.71692579168257,14.3235826828937,14.073107033658278
3147,mass,train,True,ok,0.371307373046875,0.999847412109375,0.0,78.8088271554204,70.77709819911655,8.031728956303851,40.84988404980423
3148,mass,train,True,ok,0.3830108642578125,1.0,0.0,108.77813632922991,102.88955113144553,5.88858519778438,16.504778713840484
3149,mass,train,True,ok,0.3509979248046875,1.0,0.0,132.29013606920836,114.74958267698022,17.540553392228134,42.893264574266944
3150,mass,train,True,ok,0.3698883056640625,1.0,0.0,150.3993234602533,133.84274125196754,16.55658220828576,60.04220109576299
3151,mass,train,True,ok,0.3575897216796875,1.0,0.0,172.22620012801366,140.10082895893208,32.125371169081575,27.84149353629633
3152,mass,train,True,ok,0.364776611328125,1.0,0.0,113.97557098636325,98.30934422291617,15.666226763447085,25.138391289666878
3153,mass,train,True,ok,0.3570098876953125,1.0,0.0,125.40423985981109,108.96032179216402,16.44391806764706,26.892559514040723
3154,mass,train,True,ok,0.2931976318359375,1.0,0.0,126.13609159510798,105.58321279765117,20.552878797456813,7.151815060912713
3155,mass,train,True,ok,0.3652496337890625,1.0,0.0,121.49868404561975,110.48073270992091,11.01795133569884,10.727018924840118
3156,mass,train,True,ok,0.36505126953125,1.0,0.0,186.56044139775958,166.7228684033452,19.837572994414387,31.84789658918621
3157,mass,train,True,ok,0.3887481689453125,1.0,0.0,124.47886328845625,112.72585436481191,11.753008923644344,41.005778097836846
3158,mass,train,True,ok,0.41009521484375,1.0,0.0,160.14369697871706,126.70504397309881,33.43865300561825,7.062272128074382
3159,mass,train,True,ok,0.3785247802734375,1.0,0.0,203.85919296972628,188.5418497876206,15.317343182105674,88.49221256777058
3160,mass,train,True,ok,0.40533447265625,0.9180908203125,3.7644932992019276e-05,137.3343999397681,115.38797085086729,21.946429088900814,130.7498858128564
3161,mass,train,True,ok,0.39263916015625,1.0,0.0,142.4393362350381,125.7355039694503,16.703832265587792,27.368093833404764
3162,mass,train,True,ok,0.360260009765625,0.82977294921875,0.0,219.94807285048708,217.66934599055477,2.2787268599323056,109.05710793976974
3163,mass,train,True,ok,0.359649658203125,0.9996490478515625,0.0,207.4589308442936,197.30152980984607,10.157401034447531,107.79014923463622
3164,mass,train,True,ok,0.3297119140625,1.0,0.0,136.44534431691966,112.21828901839373,24.227055298525926,22.526621699483826
3165,mass,train,True,ok,0.36138916015625,1.0,0.0,165.48881101165344,123.01263977826628,42.47617123338716,31.019893716159878
3166,mass,train,True,ok,0.3157196044921875,1.0,0.0,180.75612585181963,168.2822165235812,12.47390932823842,76.18076859574022
3167,mass,train,True,ok,0.4111328125,1.0,0.0,197.0708877672209,174.58159722222223,22.48929054499868,17.120746080850292
3168,mass,train,True,ok,0.34759521484375,1.0,0.0,179.92032484635646,166.32568528393676,13.594639562419701,80.44324768223025
3169,mass,train,True,ok,0.3443450927734375,0.99163818359375,0.0,104.17153365533744,80.40028858013918,23.771245075198266,22.36312996601795
3170,mass,train,True,ok,0.4011993408203125,1.0,0.0,175.05043167382954,157.4828631857911,17.567568488038432,74.10897850828732
3171,mass,train,True,ok,0.3631591796875,1.0,0.0,132.6653781512605,124.76670021084915,7.8986779404113605,64.61568790942025
3172,mass,train,True,ok,0.366241455078125,1.0,0.0,176.85822014832098,147.86117397794578,28.9970461703752,6.7315958433813705
3173,mass,train,True,ok,0.36785888671875,1.0,0.0,186.54579392732703,166.44460268417495,20.101191243152073,28.420344329792673
3174,mass,train,True,ok,0.3770599365234375,1.0,0.0,136.192950507871,119.4309124311084,16.762038076762593,18.45239811222117
3175,mass,train,True,ok,0.4378662109375,1.0,0.0,185.2102035126847,156.2157980456026,28.99440546708209,22.088009434753733
3176,mass,train,True,ok,0.3656463623046875,0.9990234375,0.0,167.36076451195592,132.97808673898925,34.38267777296667,3.8438834526063435
3177,mass,train,True,ok,0.395233154296875,1.0,0.0,176.27287468149177,165.8591613261341,10.413713355357658,138.04185128736836
3178,mass,train,True,ok,0.3949737548828125,1.0,0.0,129.1118794668727,105.59678192227182,23.515097544600877,48.49495073728999
3179,mass,train,True,ok,0.3245391845703125,0.8880157470703125,0.0,96.6442239879637,70.21476494905912,26.429459038904582,84.27358625273192
3180,mass,train,True,ok,0.386810302734375,0.96636962890625,0.0,94.0084023668639,70.02468521375603,23.983717153107875,5.169974339121214
3181,mass,train,True,ok,0.370452880859375,0.9625244140625,0.0,95.38133289397808,71.19336855882496,24.187964335153126,37.88206950231304
3182,mass,train,True,ok,0.3735809326171875,1.0,0.0,111.6214924641588,98.64492241736292,12.976570046795885,27.839134058265042
3183,mass,train,True,ok,0.359039306640625,1.0,0.0,131.00084997875052,118.77055658715422,12.230293391596305,55.22516249696658
3184,mass,train,True,ok,0.3849639892578125,0.9998779296875,0.0,194.60799080423322,170.16724142208548,24.440749382147743,12.00060002347987
3185,mass,train,True,ok,0.3459930419921875,1.0,0.0,192.74491730981256,156.945638225893,35.79927908391957,41.760944232655405
3186,mass,train,True,ok,0.4016876220703125,1.0,0.0,186.74943969610635,147.8984213613527,38.85101833475366,18.13291505640393
3187,mass,train,True,ok,0.364959716796875,0.9949493408203125,0.0,170.46253867380216,134.9183766639435,35.54416200985867,62.60437541263271
3188,mass,train,True,ok,0.3961334228515625,0.644683837890625,0.010592812295366126,49.113709025076076,33.24859128237524,15.86511774270084,160.50683963164096
3189,mass,train,True,ok,0.4452362060546875,1.0,0.0,193.5815483738305,166.83609758780977,26.74545078602071,18.18869982116155
3190,mass,train,True,ok,0.4069366455078125,1.0,0.0,143.84142637519216,120.61105822420048,23.23036815099168,34.63578878217661
3191,mass,train,True,ok,0.3548126220703125,1.0,0.0,138.89971186513569,115.6173166520824,23.28239521305329,13.886325429634448
3192,mass,train,True,ok,0.366912841796875,0.998687744140625,0.0,214.75318140231224,197.88385153048927,16.86932987182297,30.036148426893057
3193,mass,train,True,ok,0.3638763427734375,0.948638916015625,0.0,162.7769950098545,116.68243421526061,46.094560794593875,115.14946028832911
3194,mass,train,True,ok,0.40655517578125,1.0,0.0,180.5120852724816,146.5202869484727,33.991798324008926,144.20351180665432
3195,mass,train,True,ok,0.3404541015625,1.0,0.0,185.58865184654,176.49329076439017,9.095361082149822,14.784964721112836
3196,mass,train,True,ok,0.3365478515625,1.0,0.0,145.2622869060573,121.88215271389144,23.38013419216587,25.472444526427008
3197,mass,train,True,ok,0.4022979736328125,1.0,0.0,139.3616157784942,106.59538944627403,32.766226332220185,32.67320621610296
3198,mass,train,True,ok,0.3959503173828125,1.0,0.0,118.31554202474084,102.78793543334933,15.527606591391503,10.201580360189714
3199,mass,train,True,ok,0.374176025390625,1.0,0.0,158.92830927330562,132.8037499390452,26.124559334260425,16.431128129752267
3200,mass,train,True,ok,0.3583984375,1.0,0.0,163.79721559945503,130.2939022070015,33.50331339245352,31.816896346702528
3201,mass,train,True,ok,0.3974456787109375,1.0,0.0,170.811532998042,116.47785459241814,54.33367840562386,33.87037189241858
3202,mass,train,True,ok,0.4138641357421875,1.0,0.0,195.89385392471334,165.44495353135656,30.44890039335678,4.2148033292961635
3203,mass,train,True,ok,0.332550048828125,0.9994049072265625,0.0,145.9258052675048,118.62571441635042,27.300090851154394,38.40677252456734
3204,mass,train,True,ok,0.3784942626953125,1.0,0.0,184.72501511791978,135.48950430875746,49.23551080916232,14.494957169739985
3205,mass,train,True,ok,0.4132232666015625,1.0,0.0,188.46383073003213,152.81365232089456,35.65017840913757,7.165890561479119
3206,mass,train,True,ok,0.3772735595703125,1.0,0.0,159.68574317492417,135.49538114723973,24.190362027684444,16.89818431066556
3207,mass,train,True,ok,0.4069061279296875,1.0,0.0,130.37342033224584,105.09249015925288,25.280930172992967,63.524079058985414
3208,mass,train,True,ok,0.35723876953125,1.0,0.0,126.82389372971126,109.66520273478302,17.158690994928236,6.236410863085185
3209,mass,train,True,ok,0.3750152587890625,1.0,0.0,122.26772999145543,101.92040821309114,20.34732177836429,6.5845578028908225
3210,mass,train,True,ok,0.3873748779296875,0.9454345703125,0.0,124.96836963800371,117.15295524172457,7.815414396279138,109.87133132496713
3211,mass,train,True,ok,0.3816070556640625,1.0,0.0,120.51741373105682,102.29059639252844,18.226817338528377,6.132851633507416
3212,mass,train,True,ok,0.3452301025390625,1.0,0.0,176.95659668508287,159.66672881079444,17.289867874288433,9.58258406539398
3213,mass,train,True,ok,0.3734283447265625,1.0,0.0,154.4637355452948,133.399094074958,21.064641470336824,14.986455444156642
3214,mass,train,True,ok,0.42388916015625,1.0,0.0,173.8373290136789,157.4277465833245,16.40958243035439,66.59825446431104
3215,mass,train,True,ok,0.4225921630859375,1.0,0.0,165.72431846903774,134.72513939906452,30.999179069973223,15.201334942935734
3216,mass,train,True,ok,0.3780975341796875,1.0,0.0,181.2229710642076,158.1312167235076,23.091754340699993,22.721568321094402
3217,mass,train,True,ok,0.3791656494140625,0.9713897705078125,0.0,115.64489516680752,93.65180524491852,21.993089921888995,32.27824864614295
3218,mass,train,True,ok,0.3476104736328125,1.0,0.0,130.83758395153856,106.46656531399836,24.371018637540203,76.52727154952893
3219,mass,train,True,ok,0.3780975341796875,1.0,0.0,144.98397836878001,123.43678386534829,21.547194503431726,18.449801268683736
3220,mass,train,True,ok,0.4226226806640625,0.9650726318359375,0.0,127.43228508502726,90.69687359602527,36.73541148900199,70.82751984034262
3221,mass,train,True,ok,0.3463134765625,0.8560943603515625,0.004978850898836799,152.75581600281987,116.2827964519141,36.473019550905775,71.22942537688141
3222,mass,train,True,ok,0.3836822509765625,0.999481201171875,0.0,153.8717438854643,120.24141516674507,33.63032871871923,28.125706105458907
3223,mass,train,True,ok,0.37261962890625,1.0,0.0,146.2859131859132,124.60840062262866,21.677512563284523,15.824139839491828
3224,mass,train,True,ok,0.4157257080078125,1.0,0.0,160.51370893741972,132.38371941187225,28.129989525547472,14.408955187380764
3225,mass,train,True,ok,0.3483734130859375,1.0,0.0,155.64565722044588,123.80056199508255,31.845095225363337,60.84374426220407
3226,mass,train,True,ok,0.36810302734375,1.0,0.0,143.57967169623612,120.13430889597218,23.445362800263936,58.014003425929644
3227,mass,train,True,ok,0.3835601806640625,1.0,0.0,158.69515057484983,119.83932770613134,38.85582286871849,21.551613606428237
3228,mass,train,True,ok,0.3868408203125,1.0,0.0,147.19103029346797,133.7586103921959,13.432419901272084,128.07847576755003
3229,mass,train,True,ok,0.352569580078125,1.0,0.0,153.22526616463256,147.6189252887108,5.606340875921745,75.51860741497254
3230,mass,train,True,ok,0.38330078125,1.0,0.0,198.94948248407644,180.09162212984955,18.857860354226887,51.464345178768056
3231,mass,train,True,ok,0.4201812744140625,1.0,0.0,164.20779315103314,134.83270612384536,29.37508702718779,15.106632388076582
3232,mass,train,True,ok,0.3800048828125,1.0,0.0,148.49056376485706,119.45779188816697,29.03277187669009,8.922251696491074
3233,mass,train,True,ok,0.3419952392578125,0.9460296630859375,0.0,166.61125239816178,132.82049022563365,33.79076217252813,49.49710722404883
3234,mass,train,True,ok,0.380828857421875,0.9625091552734375,0.0,103.27694526805033,75.12560993641875,28.15133533163157,46.24060133712243
3235,mass,train,True,ok,0.37567138671875,1.0,0.0,130.53700243704304,113.14617753446085,17.390824902582196,12.830745877669171
3236,mass,train,True,ok,0.3712615966796875,1.0,0.0,125.95088570136862,110.86081786190996,15.090067839458655,11.171695625445969
3237,mass,train,True,ok,0.3178558349609375,1.0,0.0,119.06629542508762,85.64118107594228,33.42511434914533,20.992119520127993
3238,mass,train,True,ok,0.4175872802734375,1.0,0.0,116.58471882193884,92.03280148811864,24.5519173338202,11.199180802307183
3239,mass,train,True,ok,0.326141357421875,1.0,0.0,159.02877327594274,136.0498392282958,22.97893404764693,51.74798818683905
3240,mass,train,True,ok,0.4045562744140625,0.9781951904296875,0.0,175.2351676536039,158.19047741075775,17.044690242846144,129.3510642081563
3241,mass,train,True,ok,0.37457275390625,1.0,0.0,137.57585139318886,117.09754074363228,20.478310649556576,20.789219716266075
3242,mass,train,True,ok,0.3803863525390625,1.0,0.0,157.10012435316298,135.30800108355703,21.792123269605952,3.4004438141175473
3243,mass,train,True,ok,0.400970458984375,1.0,0.0,154.80763376208236,134.58693769422794,20.22069606785442,33.805216742847676
3244,mass,train,True,ok,0.4235076904296875,1.0,0.0,179.68387677895873,158.70466636669227,20.979210412266468,26.162353930927438
3245,mass,train,True,ok,0.40374755859375,0.9944915771484375,0.0,161.19391534391534,123.84335653598116,37.35055880793418,53.6990683862601
3246,mass,train,True,ok,0.372100830078125,1.0,0.0,146.25330107438694,118.2822843256379,27.971016748749037,16.389334609935332
3247,mass,train,True,ok,0.4016876220703125,1.0,0.0,188.78894586894586,181.7667491265206,7.022196742425251,148.0277703075521
3248,mass,train,True,ok,0.402618408203125,1.0,0.0,125.10774653225195,112.57254150702427,12.535205025227683,46.143786951431565
3249,mass,train,True,ok,0.36285400390625,1.0,0.0,132.87077375946174,108.34093303956318,24.52984071989856,4.782115930008218
3250,mass,train,True,ok,0.39508056640625,1.0,0.0,141.62204541943458,117.08291292503279,24.539132494401798,66.49630827884563
3251,mass,train,True,ok,0.465606689453125,1.0,0.0,133.89034541521923,83.34726743189995,50.54307798331928,30.625054149252502
3252,mass,train,True,ok,0.4064178466796875,1.0,0.0,149.11169513797634,96.69805403460066,52.41364110337568,28.764746224127776
3253,mass,train,True,ok,0.3706817626953125,1.0,0.0,165.849421644095,159.4561501345683,6.3932715095266985,113.536720485214
3254,mass,train,True,ok,0.4181060791015625,1.0,0.0,144.36717638042407,121.23424675494952,23.132929625474546,6.396715519823592
3255,mass,train,True,ok,0.319580078125,0.99127197265625,0.0,89.34224598930481,76.43539199856477,12.906853990740046,71.7805468309541
3256,mass,train,True,ok,0.4021453857421875,1.0,0.0,135.43426294820716,97.46170337663663,37.97255957157053,22.16322109265055
3257,mass,train,True,ok,0.44879150390625,1.0,0.0,124.87919896640827,104.80926807662496,20.069930889783308,24.489137142430504
3258,mass,train,True,ok,0.3973846435546875,1.0,0.0,131.75359981568943,98.7929506494822,32.96064916620723,25.234599463146683
3259,mass,train,True,ok,0.3845062255859375,1.0,0.0,122.05432755268066,88.36108287676326,33.6932446759174,40.29911976118007
3260,mass,train,True,ok,0.3062591552734375,1.0,0.0,175.00732399980072,159.8211591333993,15.186164866401413,15.631255312584836
3261,mass,train,True,ok,0.4348297119140625,0.8943634033203125,0.0,160.70905709372917,105.90361510839925,54.80544198532992,14.696464858451083
3262,mass,train,True,ok,0.355682373046875,1.0,0.0,143.585413985414,125.71624117842087,17.86917280699312,58.94887109156252
3263,mass,train,True,ok,0.4234466552734375,1.0,0.0,127.97282980793484,91.18666137356094,36.786168434373906,16.476445532000433
3264,mass,train,True,ok,0.408416748046875,1.0,0.0,130.82343271314355,82.06600464276502,48.75742807037852,27.371744116102068
3265,mass,train,True,ok,0.419219970703125,1.0,0.0,148.08921161825725,141.2417897115233,6.847421906733956,135.53451513952626
3266,mass,train,True,ok,0.44500732421875,0.88262939453125,0.0,105.69068029076944,85.61506103596173,20.075619254807705,86.72837446594791
3267,mass,train,True,ok,0.36285400390625,1.0,0.0,133.66652649285115,113.0130041191685,20.653522373682648,12.321928238795108
3268,mass,train,True,ok,0.3832550048828125,1.0,0.0,152.10164430465423,126.51230856775278,25.589335736901447,34.675852492092744
3269,mass,train,True,ok,0.2938385009765625,1.0,0.0,122.1864257153243,100.68041660364312,21.50600911168118,35.79236412604377
3270,mass,train,True,ok,0.3744049072265625,1.0,0.0,127.2440396136447,107.7887021634674,19.455337450177296,17.108237872638014
3271,mass,train,True,ok,0.403656005859375,1.0,0.0,156.12519845770015,111.06299575252034,45.062202705179814,72.91946363691144
3272,mass,train,True,ok,0.397674560546875,0.9910430908203125,0.0,83.76586601181798,50.12380300957592,33.642063002242054,37.376208818893865
3273,mass,train,True,ok,0.385833740234375,1.0,0.0,126.29542039073004,112.88196273291925,13.413457657810795,35.77642156493607
3274,mass,train,True,ok,0.3768157958984375,1.0,0.0,84.58805426199636,73.84554736661688,10.742506895379478,10.510951122664357
3275,mass,train,True,ok,0.3246002197265625,1.0,0.0,137.94551779250693,106.19648464857782,31.74903314392911,28.812781306003828
3276,mass,train,True,ok,0.36041259765625,1.0,0.0,135.68069432684166,117.83039889302414,17.85029543381752,15.71088702175019
3277,mass,train,True,ok,0.4058990478515625,1.0,0.0,177.51667230555242,162.61014511365096,14.90652719190146,85.36856751913967
3278,mass,train,True,ok,0.3823699951171875,1.0,0.0,181.7621213935113,169.93381426489117,11.828307128620139,15.893747741690976
3279,mass,train,True,ok,0.3868408203125,1.0,0.0,196.33385926159673,163.70936193509854,32.62449732649819,65.9618174214107
3280,mass,train,True,ok,0.33502197265625,1.0,0.0,142.8829021679723,117.59635153740248,25.28655063056982,11.987108564838188
3281,mass,train,True,ok,0.4013671875,1.0,0.0,147.20970194647202,145.46984604404568,1.739855902426342,41.176544122315484
3282,mass,train,True,ok,0.3942108154296875,1.0,0.0,205.1775498354945,179.2098183924838,25.967731443010678,18.74838152374764
3283,mass,train,True,ok,0.4843292236328125,1.0,0.0,172.70492423049052,149.22210386151798,23.48282036897254,3.596402064435527
3284,mass,train,True,ok,0.4145660400390625,0.9482421875,0.0,106.8299532555486,79.80944561732738,27.02050763822122,54.076849651800785
3285,mass,train,True,ok,0.369354248046875,0.9327850341796875,0.0,193.8741634305544,163.2143721267844,30.659791303769993,100.39268849636514
3286,mass,train,True,ok,0.3977203369140625,1.0,0.0,156.95265681948973,128.3037166527324,28.648940166757342,55.20339604104675
3287,mass,train,True,ok,0.3567657470703125,1.0,0.0,117.86181087207562,97.77876882932037,20.083042042755253,39.22128444249876
3288,mass,train,True,ok,0.405303955078125,1.0,0.0,165.41570664859574,126.1884076563863,39.22729899220944,48.661826515440644
3289,mass,train,True,ok,0.3433990478515625,0.9850921630859375,0.0,81.20404354587869,63.09844065905975,18.105602886818943,32.59693435584887
3290,mass,train,True,ok,0.3000030517578125,1.0,0.0,161.60653069528507,148.26240871934604,13.344121975939032,79.1964431209486
3291,mass,train,True,ok,0.3888397216796875,1.0,0.0,186.37071773339088,170.92165380870347,15.449063924687408,78.16357453684984
3292,mass,train,True,ok,0.4297027587890625,1.0,0.0,194.04687333546394,176.53677591973243,17.510097415731508,83.05627352544144
3293,mass,train,True,ok,0.3387603759765625,1.0,0.0,164.84874555200216,143.53317180108456,21.315573750917594,15.095647630425477
3294,mass,train,True,ok,0.3693389892578125,1.0,0.0,139.5441024581698,114.02448525319977,25.519617204970018,6.1786963824259
3295,mass,train,True,ok,0.426910400390625,1.0,0.0,132.14132532704267,108.74317056286277,23.398154764179893,50.160962015683104
3296,mass,train,True,ok,0.463714599609375,1.0,0.0,136.56762092793682,102.13591873897457,34.43170218896225,38.30609367028691
3297,mass,train,True,ok,0.3830718994140625,1.0,0.0,133.23991236805418,109.7690880759813,23.470824292072876,58.859832489644845
3298,mass,train,True,ok,0.37652587890625,1.0,0.0,121.66372183498136,100.99921683798335,20.664504996998005,26.459570451237138
3299,mass,train,True,ok,0.3289642333984375,1.0,0.0,122.67415000695765,110.12142710962549,12.55272289733216,10.328836622691089
3300,mass,train,True,ok,0.3764495849609375,1.0,0.0,128.80000810668395,110.37303315795913,18.42697494872482,11.394813961006694
3301,mass,train,True,ok,0.3899993896484375,1.0,0.0,181.17328533980202,159.7593866473222,21.41389869247982,71.40787175949814
3302,mass,train,True,ok,0.3764801025390625,0.996063232421875,0.0,103.86142747132493,75.3115777108876,28.549849760437326,25.370553919955505
3303,mass,train,True,ok,0.355438232421875,1.0,0.0,118.2386022151627,91.4706926755362,26.7679095396265,69.64901143227318
3304,mass,train,True,ok,0.295867919921875,1.0,0.0,120.98973697782363,103.20615004550774,17.783586932315885,113.71990796800665
3305,mass,train,True,ok,0.3673095703125,0.999847412109375,0.0,116.80030741110004,95.20969998070615,21.590607430393888,77.3680462579611
3306,mass,train,True,ok,0.3254852294921875,1.0,0.0,146.68144953354272,114.98862119669721,31.69282833684551,7.193161048438489
3307,mass,train,True,ok,0.4114532470703125,1.0,0.0,173.16298905989245,136.87848383500557,36.284505224886885,8.855215329861124
3308,mass,train,True,ok,0.3794097900390625,0.989776611328125,0.0,221.0917353710034,208.34855302303853,12.743182347964876,54.33190916590114
3309,mass,train,True,ok,0.36773681640625,0.951995849609375,0.0,192.3991286307054,141.6148518196737,50.7842768110317,27.518413114010773
3310,mass,train,True,ok,0.3268890380859375,0.955474853515625,0.0,196.34976427204407,145.6849228118695,50.66484146017456,6.242286458895773
3311,mass,train,True,ok,0.3675079345703125,1.0,0.0,182.66223790741125,159.28175436057032,23.380483546840935,51.451320136479815
3312,mass,train,True,ok,0.319732666015625,1.0,0.0,110.31812541758137,92.38430308196133,17.933822335620036,36.82719023077511
3313,mass,train,True,ok,0.3952789306640625,0.792144775390625,0.004246284501061571,53.36104999034935,38.653150311624735,14.707899678724615,76.23054376568388
3314,mass,train,True,ok,0.3390350341796875,1.0,0.0,157.48629551284935,136.61881016690907,20.86748534594028,41.664968603882095
3315,mass,train,True,ok,0.4066009521484375,1.0,0.0,138.82245656171426,118.85134613901103,19.971110422703234,14.241870248800259
3316,mass,train,True,ok,0.41845703125,1.0,0.0,145.92852975495916,126.92034005037783,19.008189704581326,40.95452381259005
3317,mass,train,True,ok,0.3695068359375,1.0,0.0,178.88383713247438,165.7067279767667,13.177109155707683,20.972649574213882
3318,mass,train,True,ok,0.3753204345703125,1.0,0.0,150.52294995324633,137.33054056034587,13.192409392900458,108.24020059470402
3319,mass,train,True,ok,0.3914794921875,1.0,0.0,164.70416276894295,150.06735205616852,14.636810712774434,76.00015767787316
3320,mass,train,True,ok,0.362457275390625,1.0,0.0,108.8635177233308,99.77150447561151,9.092013247719294,27.14826039032441
3321,mass,train,True,ok,0.393157958984375,0.999114990234375,0.0,187.77485834044865,149.94918280110636,37.825675539342285,31.892268123382163
3322,mass,train,True,ok,0.34893798828125,1.0,0.0,161.6734738499213,147.43404893597076,14.23942491395053,39.604582104197554
3323,mass,train,True,ok,0.380157470703125,0.917877197265625,0.0,189.69864333306575,163.29764659544088,26.400996737624865,91.5998786620092
3324,mass,train,True,ok,0.3951263427734375,1.0,0.0,148.499440046341,109.33288766680961,39.16655237953138,5.959876196387045
3325,mass,train,True,ok,0.4057159423828125,1.0,0.0,88.05009590432134,70.06018435309524,17.9899115512261,48.47458124636388
3326,mass,train,True,ok,0.4080963134765625,1.0,0.0,86.3614133482894,69.81848882472738,16.54292452356202,20.996157276814476
3327,mass,train,True,ok,0.36749267578125,1.0,0.0,190.96981398438797,167.87530155360417,23.094512430783794,17.261952288198913
3328,mass,train,True,ok,0.3430633544921875,1.0,0.0,191.22212338211094,171.17032494831952,20.05179843379142,33.65443422604292
3329,mass,train,True,ok,0.3485107421875,0.997711181640625,0.0,180.86720665499124,119.92336518643432,60.94384146855691,24.878267043392317
3330,mass,train,True,ok,0.31884765625,0.7469329833984375,0.011389739663093415,87.80053598774884,57.49426523297491,30.306270754773934,140.59286682685925
3331,mass,train,True,ok,0.3686065673828125,0.9984130859375,0.0,165.19017262077244,138.2513835520433,26.938789068729136,34.813741458677086
3332,mass,train,True,ok,0.360870361328125,1.0,0.0,138.11200845665962,129.5613570166643,8.550651439995335,15.397547935728996
3333,mass,train,True,ok,0.3757171630859375,1.0,0.0,131.47731795475775,114.44892821352626,17.028389741231493,23.565042965747683
3334,mass,train,True,ok,0.3197784423828125,0.98150634765625,0.0,167.43202748484993,111.99255254716346,55.43947493768647,65.37453462870835
3335,mass,train,True,ok,0.426971435546875,0.9996337890625,0.0,195.91244371381603,164.55807637002715,31.35436734378888,19.761292413146187
3336,mass,train,True,ok,0.335296630859375,1.0,0.0,105.6920451442614,95.97929387998714,9.71275126427426,10.357608828560668
3337,mass,train,True,ok,0.3223876953125,1.0,0.0,114.67791556228701,99.49441542064493,15.183500141642085,8.945751211608156
3338,mass,train,True,ok,0.3803558349609375,1.0,0.0,95.19452802182373,81.30963579502081,13.884892226802918,94.03949372210026
3339,mass,train,True,ok,0.411041259765625,1.0,0.0,172.193258593808,156.48880771024406,15.704450883563936,11.628205198536518
3340,mass,train,True,ok,0.4283599853515625,1.0,0.0,168.68770704947815,154.11694204948884,14.570764999989308,8.885495867121087
3341,mass,train,True,ok,0.412322998046875,1.0,0.0,195.9551476574643,158.54097211403646,37.41417554342783,11.694667581474752
3342,mass,train,True,ok,0.4368896484375,1.0,0.0,193.28953618329143,155.8845653587687,37.404970824522735,6.3272270036058655
3343,mass,train,True,ok,0.385772705078125,1.0,0.0,143.1506605490072,116.35879664132757,26.791863907679627,10.151816206929372
3344,mass,train,True,ok,0.3963165283203125,1.0,0.0,169.09875640087785,139.87341708161665,29.225339319261195,12.043755235211815
3345,mass,train,True,ok,0.365203857421875,1.0,0.0,166.40085234394584,146.0618960626893,20.338956281256543,14.590279315805393
3346,mass,train,True,ok,0.431304931640625,1.0,0.0,193.86259109884668,159.16890260262946,34.69368849621722,15.58971238712671
3347,mass,train,True,ok,0.404144287109375,1.0,0.0,179.72340104205995,140.44967989756722,39.273721144492725,11.867576959182932
3348,mass,train,True,ok,0.4752960205078125,0.9723052978515625,0.0,207.3886802144531,191.07529008055369,16.313390133899418,65.30003021800034
3349,mass,train,True,ok,0.4059906005859375,1.0,0.0,180.57529973315292,127.16704770222714,53.40825203092578,24.8284287405643
3350,mass,train,True,ok,0.4202728271484375,1.0,0.0,109.5574919217224,97.34919590450872,12.208296017213684,52.488502934641325
3351,mass,train,True,ok,0.38287353515625,1.0,0.0,116.88912800892714,100.77811294629612,16.111015062631026,36.37391667770555
3352,mass,train,True,ok,0.480499267578125,1.0,0.0,98.7225150841537,66.97614991482112,31.746365169332577,56.317035842260665
3353,mass,train,True,ok,0.3977203369140625,1.0,0.0,105.25409553040475,94.00613108358036,11.247964446824398,117.96110781135587
3354,mass,train,True,ok,0.3948974609375,1.0,0.0,132.92542503863987,110.41496873108736,22.510456307552516,16.48907200023627
3355,mass,train,True,ok,0.324188232421875,1.0,0.0,118.99270450908406,109.29846466470987,9.694239844374195,20.644580925801325
3356,mass,train,True,ok,0.3346405029296875,1.0,0.0,104.03237426473942,92.01584680655888,12.016527458180533,5.156265342162594
3357,mass,train,True,ok,0.399078369140625,0.99615478515625,0.0,181.27674543090922,151.81478848204765,29.46195694886157,16.968709778552512
3358,mass,train,True,ok,0.34747314453125,0.8811492919921875,0.0,143.93711575619182,104.5181227200449,39.418993036146915,55.923915551549946
3359,mass,train,True,ok,0.309112548828125,1.0,0.0,202.23496890117485,185.8209064004594,16.41406250071546,44.82407646786143
3360,mass,train,True,ok,0.396820068359375,1.0,0.0,189.9129047142967,159.06263597267898,30.850268741617725,8.633032749009226
3361,mass,train,True,ok,0.3939208984375,1.0,0.0,99.9853191819027,84.98202416918429,15.00329501271841,53.638573472106
3362,mass,train,True,ok,0.4173431396484375,1.0,0.0,109.09857043618149,81.98028021474401,27.118290221437476,47.397852531610724
3363,mass,train,True,ok,0.415252685546875,0.9906005859375,0.0,199.29455427353568,164.0224153227911,35.27213895074459,91.21702185038468
3364,mass,train,True,ok,0.37982177734375,0.99700927734375,0.0,184.72051261449462,168.91558409605355,15.804928518441073,56.04373940192929
3365,mass,train,True,ok,0.368927001953125,1.0,0.0,124.61998511043097,109.12234634169931,15.497638768731662,21.17257244247274
3366,mass,train,True,ok,0.3206024169921875,0.9246826171875,0.0,71.2833277806863,60.91476698483998,10.368560795846328,123.81916989447134
3367,mass,train,True,ok,0.393157958984375,0.9704742431640625,0.0,185.93522471474034,138.53148101584108,47.40374369889926,25.36449842346531
3368,mass,train,True,ok,0.3713531494140625,1.0,0.0,137.68545835559024,130.4603995242603,7.225058831329932,10.740571002144543
3369,mass,train,True,ok,0.3191375732421875,1.0,0.0,120.48577575902462,106.19035879966832,14.295416959356302,21.658725353251157
3370,mass,train,True,ok,0.357635498046875,1.0,0.0,121.28355661745883,109.86203620124472,11.421520416214108,21.9196656290669
3371,mass,train,True,ok,0.3498992919921875,1.0,0.0,141.1789716977018,134.22802487970895,6.950946817992843,55.88440509365771
3372,mass,train,True,ok,0.3957061767578125,1.0,0.0,180.15663440404117,164.90182561927128,15.254808784769892,73.9879151017606
3373,mass,train,True,ok,0.34881591796875,1.0,0.0,170.24877515310587,150.5751241915831,19.67365096152278,35.05740116546304
3374,mass,train,True,ok,0.3665008544921875,1.0,0.0,162.12723260751903,144.32225353469664,17.80497907282239,9.867706580030895
3375,mass,train,True,ok,0.431671142578125,1.0,0.0,149.86005655708732,126.79028620523009,23.06977035185723,13.102772435837808
3376,mass,train,True,ok,0.4294891357421875,1.0,0.0,173.48566454684337,148.33432292920378,25.151341617639588,36.5373108648677
3377,mass,train,True,ok,0.4138946533203125,1.0,0.0,171.79281105990785,159.032126213845,12.760684846062844,17.411086761377966
3378,mass,train,True,ok,0.3209991455078125,0.96978759765625,0.0,182.36160098873412,154.96829142227915,27.393309566454974,88.75684872576355
3379,mass,train,True,ok,0.3704376220703125,0.9886932373046875,0.0,164.2935288544713,146.94003732518965,17.353491529281655,86.99848046149467
3380,mass,train,True,ok,0.3494110107421875,0.928192138671875,0.0,180.77370190838027,140.14119192250863,40.63250998587165,60.46975655704477
3381,mass,train,True,ok,0.357452392578125,0.988189697265625,0.0,143.29633740288568,123.18304440750416,20.113292995381528,82.29302198493832
3382,mass,train,True,ok,0.40057373046875,0.9999847412109375,0.0,179.00426634161207,152.1864372263517,26.817829115260366,33.44817584146755
3383,mass,train,True,ok,0.29376220703125,1.0,0.0,160.42369623935176,128.92271627344223,31.500979965909522,18.639821362426577
3384,mass,train,True,ok,0.4054107666015625,0.6478271484375,0.0856637434604238,59.46497798185856,36.25477968537481,23.210198296483753,107.58748107088785
3385,mass,train,True,ok,0.3798980712890625,0.94647216796875,0.0,146.13089930513718,113.03270257634293,33.09819672879425,17.923558757657947
3386,mass,train,True,ok,0.3385162353515625,1.0,0.0,120.34293441514536,96.68492076307352,23.658013652071844,28.42322085828768
3387,mass,train,True,ok,0.34954833984375,1.0,0.0,137.99620220010476,115.51027493666135,22.485927263443415,41.07954487676086
3388,mass,train,True,ok,0.41143798828125,1.0,0.0,138.54394748553628,120.07653219952297,18.467415286013306,7.1575215257772635
3389,mass,train,True,ok,0.40020751953125,1.0,0.0,95.25427024553912,73.98292968352499,21.27134056201413,12.115708781245583
3390,mass,train,True,ok,0.3928375244140625,1.0,0.0,111.42136337152846,93.84242667939986,17.578936692128593,27.086254396651814
3391,mass,train,True,ok,0.399627685546875,1.0,0.0,127.70756013745705,109.81619478473034,17.89136535272671,103.3633780270269
3392,mass,train,True,ok,0.421875,1.0,0.0,158.10101996527777,133.74838999155406,24.352629973723708,28.874446927077106
3393,mass,train,True,ok,0.384735107421875,1.0,0.0,175.1548346156897,141.45952581717177,33.69530879851794,36.850208780312975
3394,mass,train,True,ok,0.356536865234375,1.0,0.0,159.12522468544037,146.0740336732274,13.051191012212968,13.295095834750603
3395,mass,train,True,ok,0.3577880859375,1.0,0.0,144.62623677925623,124.73662326553887,19.889613513717364,1.9173046847095714
3396,mass,train,True,ok,0.371612548828125,1.0,0.0,162.25088281185842,145.5110242338886,16.739858577969812,122.99541060032632
3397,mass,train,True,ok,0.381439208984375,0.9999847412109375,0.0,180.5874069925594,176.399699047807,4.187707944752418,122.86997840429947
3398,mass,train,True,ok,0.384796142578125,1.0,0.0,182.27202791656754,171.0636688327794,11.208359083788139,115.94091867785302
3399,mass,train,True,ok,0.382598876953125,1.0,0.0,172.91708542713567,154.67673372547083,18.24035170166485,3.218082817833644
3400,mass,train,True,ok,0.36138916015625,1.0,0.0,124.09006080054044,93.4537895441078,30.636271256432636,63.94193515341198
3401,mass,train,True,ok,0.35888671875,0.84759521484375,0.0027210884353741495,82.39608843537415,68.65941546077684,13.736672974597312,124.10205459440886
3402,mass,train,True,ok,0.3290252685546875,1.0,0.0,181.52038213606642,167.21249403042776,14.307888105638654,55.63638766147851
3403,mass,train,True,ok,0.3550262451171875,1.0,0.0,182.1788369794129,173.77491778845015,8.403919190962739,26.282011388235375
3404,mass,train,True,ok,0.4722747802734375,1.0,0.0,127.96833704888373,110.76093682232181,17.207400226561916,104.08878635664252
3405,mass,train,True,ok,0.3306427001953125,0.9959564208984375,0.0,125.28533850200748,86.88852668292795,38.39681181907953,72.63187711139113
3406,mass,train,True,ok,0.442291259765625,0.9931488037109375,0.0,184.57068929828193,162.338878248974,22.231811049307936,85.48102540375463
3407,mass,train,True,ok,0.3759765625,1.0,0.0,150.80036525974026,135.0295872456964,15.770778014043856,50.5594313950976
3408,mass,train,True,ok,0.345733642578125,0.9113922119140625,0.0,108.18973431017741,93.78958906665423,14.400145243523184,47.834933584905805
3409,mass,train,True,ok,0.450531005859375,0.990447998046875,0.0,209.14157014157013,158.93138017217439,50.21018996939574,90.59351965678253
3410,mass,train,True,ok,0.4097442626953125,0.834716796875,0.0004468774438610211,111.90410754850483,81.57490370446966,30.329203844035163,121.9210949049742
3411,mass,train,True,ok,0.4325408935546875,1.0,0.0,185.2711750802554,149.58079001855387,35.690385061701534,38.65555566129588
3412,mass,train,True,ok,0.390899658203125,1.0,0.0,193.585252556796,161.82594318352622,31.759309373269787,10.867695553208554
3413,mass,train,True,ok,0.3985137939453125,0.8965301513671875,0.0,136.4655588314125,81.72287475582841,54.74268407558408,57.785387821693774
3414,mass,train,True,ok,0.361175537109375,0.8965911865234375,0.0,137.1857625686523,87.16581474227297,50.01994782637934,24.513807214050917
3415,mass,train,True,ok,0.3594207763671875,1.0,0.0,197.24843982169392,167.72985398156308,29.51858584013084,16.898750154213065
3416,mass,train,True,ok,0.408294677734375,1.0,0.0,196.00777337618655,160.4135850224354,35.59418835375115,2.895125604448029
3417,mass,train,True,ok,0.4470367431640625,1.0,0.0,190.61050619517357,164.32125610530093,26.28925008987264,22.027150150923003
3418,mass,train,True,ok,0.342864990234375,1.0,0.0,141.39310191366266,115.8911670459295,25.501934867733155,22.428008649218082
3419,mass,train,True,ok,0.37054443359375,1.0,0.0,125.54892110031297,112.4901822941918,13.05873880612117,43.12315396853373
3420,mass,train,True,ok,0.3844757080078125,0.832794189453125,0.00031749811485494304,56.46513473826249,51.48734475321649,4.977789985046002,137.13216199901345
3421,mass,train,True,ok,0.429931640625,1.0,0.0,191.19704713231118,171.72336723768737,19.473679894623814,98.97361648407583
3422,mass,train,True,ok,0.32769775390625,0.9925079345703125,0.0,184.6327062767741,145.58150249659556,39.051203780178525,70.66261723573456
3423,mass,train,True,ok,0.4315338134765625,0.995758056640625,0.0,126.34730030762702,89.64965776405852,36.697642543568506,15.58760219184201
3424,mass,train,True,ok,0.4190216064453125,0.9687042236328125,0.0,113.1494118932304,71.30558108995403,41.84383080327636,31.543698884505815
3425,mass,train,True,ok,0.3291778564453125,1.0,0.0,153.8484679923979,130.3999272115188,23.448540780879114,19.381251044967044
3426,mass,train,True,ok,0.3615264892578125,1.0,0.0,156.68708057232095,132.3747819229023,24.312298649418665,19.84315270600279
3427,mass,train,True,ok,0.3987579345703125,1.0,0.0,156.94057322159722,143.1027332944192,13.83783992717801,63.26395827086723
3428,mass,train,True,ok,0.4126434326171875,1.0,0.0,163.9776651998669,142.74249863611567,21.23516656375122,20.907390031488315
3429,mass,train,True,ok,0.32269287109375,1.0,0.0,147.52605447323623,131.76676128683428,15.759293186401948,20.237578342841783
3430,mass,train,True,ok,0.3458709716796875,1.0,0.0,123.44081704680814,104.09512701485922,19.34569003194892,32.80653590674995
3431,mass,train,True,ok,0.3966827392578125,1.0,0.0,170.1953302304112,151.8670426667341,18.328287563677094,11.274596913845109
3432,mass,train,True,ok,0.370758056640625,0.9473876953125,0.0,76.83278459132438,62.06816528444639,14.764619306877997,75.4879738483529
3433,mass,train,True,ok,0.4183807373046875,1.0,0.0,101.77424413727707,80.51058582784584,21.26365830943122,47.31971195590708
3434,mass,train,True,ok,0.380218505859375,0.9982757568359375,0.0,192.7936832811622,165.02703235018956,27.766650930972645,50.747721447128605
3435,mass,train,True,ok,0.34796142578125,0.9690093994140625,0.0,171.26670759515875,128.23214452869044,43.03456306646831,16.900872161273384
3436,mass,train,True,ok,0.33770751953125,1.0,0.0,159.98445689499368,140.0271403557276,19.95731653926609,18.405472405297786
3437,mass,train,True,ok,0.3685302734375,1.0,0.0,133.13932593574032,111.27718441909917,21.862141516641145,36.85154454316496
3438,mass,train,True,ok,0.4302215576171875,1.0,0.0,135.177797481823,119.93730751720629,15.240489964616714,12.134603571234063
3439,mass,train,True,ok,0.3146514892578125,1.0,0.0,161.06430338004947,136.0595792051653,25.00472417488416,19.62989063504137
3440,mass,train,True,ok,0.4415435791015625,1.0,0.0,140.59470574005599,102.2337495559988,38.36095618405719,14.706021509001578
3441,mass,train,True,ok,0.43194580078125,1.0,0.0,167.41514766143845,145.4961588052004,21.91898885623806,17.8494461371544
3442,mass,train,True,ok,0.4033050537109375,1.0,0.0,144.44205667587303,124.97632016366194,19.465736512211095,17.63990288303619
3443,mass,train,True,ok,0.40277099609375,1.0,0.0,136.26575996363084,118.88732754215636,17.378432421474486,38.397129920398946
3444,mass,train,True,ok,0.39984130859375,1.0,0.0,177.64791634864906,160.76772093969288,16.880195408956183,21.604811686964833
3445,mass,train,True,ok,0.4094696044921875,1.0,0.0,178.14171790572013,157.89989922741015,20.241818678309983,49.5379568131809
3446,mass,train,True,ok,0.3535003662109375,1.0,0.0,155.51672637803773,134.16396421912248,21.352762158915255,18.605926678961836
3447,mass,train,True,ok,0.391876220703125,1.0,0.0,151.3335020637022,129.77746273899734,21.55603932470487,50.98538843641651
3448,mass,train,True,ok,0.352325439453125,1.0,0.0,167.16881766998702,148.68666069829902,18.482156971688,18.795249721230824
3449,mass,train,True,ok,0.4016265869140625,1.0,0.0,124.34611146992896,113.70444982787198,10.641661642056974,52.32336313268351
3450,mass,train,True,ok,0.3914642333984375,0.9497833251953125,0.0,194.14632625219255,183.59532108021364,10.551005171978915,146.46625731657537
3451,mass,train,True,ok,0.3951873779296875,1.0,0.0,156.06069732422102,138.6610490198552,17.399648304365826,42.80307087193378
3452,mass,train,True,ok,0.3860321044921875,0.8735504150390625,0.0,151.91153800545476,100.06128687526406,51.8502511301907,43.41345086225355
3453,mass,train,True,ok,0.3638916015625,1.0,0.0,170.23880409258638,132.40956630205335,37.82923779053303,32.55842180120349
3454,mass,train,True,ok,0.3358612060546875,1.0,0.0,125.65344600427059,123.29867892016082,2.354767084109767,113.76259007728211
3455,mass,train,True,ok,0.359100341796875,1.0,0.0,168.58290133423984,157.42526546354935,11.157635870690484,67.39914280218629
3456,mass,train,True,ok,0.353973388671875,1.0,0.0,151.66113458056728,140.17225660163447,11.488877978932805,16.721137141035108
3457,mass,train,True,ok,0.3988800048828125,1.0,0.0,152.43846830649173,121.05173245335702,31.38673585313471,116.87138963667358
3458,mass,train,True,ok,0.3741302490234375,0.8109130859375,0.008401647701782292,85.03841918512174,67.1720506131604,17.866368571961345,143.4167195519819
3459,mass,train,True,ok,0.4473876953125,0.9968414306640625,0.0,110.55416098226466,80.9039650982991,29.650195883965566,14.136432375358044
3460,mass,train,True,ok,0.345306396484375,0.8891143798828125,0.0,108.5783031374282,79.91204027408754,28.66626286334065,89.81138780678539
3461,mass,train,True,ok,0.37786865234375,1.0,0.0,96.2187853335487,81.9537427646424,14.265042568906296,4.277732589215455
3462,mass,train,True,ok,0.3319854736328125,1.0,0.0,95.69674127866894,91.35969300349483,4.337048275174112,30.89564857972572
3463,mass,train,True,ok,0.3713531494140625,1.0,0.0,108.52257878949747,90.70744435544552,17.815134434051956,26.219743529758425
3464,mass,train,True,ok,0.36297607421875,1.0,0.0,181.67534050781907,180.12556290121682,1.5497776066022482,10.16848925456925
3465,mass,train,True,ok,0.365753173828125,1.0,0.0,113.93074676679183,103.32952413029881,10.60122263649302,122.88963903279281
3466,mass,train,True,ok,0.2837982177734375,0.8945770263671875,0.0,155.6681542018388,158.45458806485289,-2.786433863014082,103.470592123417
3467,mass,train,True,ok,0.376708984375,1.0,0.0,128.95904893065457,104.10957696827262,24.849471962381955,45.993545362700175
3468,mass,train,True,ok,0.4100799560546875,1.0,0.0,145.76762790697674,123.04715346214532,22.720474444831424,47.35019604191728
3469,mass,train,True,ok,0.334014892578125,1.0,0.0,158.8107354956601,138.60220867891675,20.20852681674336,64.1896018519402
3470,mass,train,True,ok,0.415435791015625,1.0,0.0,182.4305076030265,158.76504829026365,23.665459312762863,76.04618931717229
3471,mass,train,True,ok,0.3981170654296875,1.0,0.0,152.46345483116784,129.30373938395235,23.15971544721549,17.60530210891712
3472,mass,train,True,ok,0.408294677734375,1.0,0.0,157.14205097540923,135.35672288410956,21.785328091299675,48.418935780289054
3473,mass,train,True,ok,0.38116455078125,1.0,0.0,144.1236188951161,128.6042015977907,15.51941729732539,121.48247553309817
3474,mass,train,True,ok,0.3533782958984375,1.0,0.0,147.02020812643033,150.46525237746891,-3.4450442510385813,159.0492269505367
3475,mass,train,True,ok,0.484405517578125,0.99639892578125,0.0,146.52746802746802,99.44637466706126,47.081093360406754,50.21391519866203
3476,mass,train,True,ok,0.357757568359375,1.0,0.0,157.10142455002986,135.28287004038964,21.818554509640222,77.40407280713987
3477,mass,train,True,ok,0.3141326904296875,1.0,0.0,124.76417156457958,114.5242163340675,10.23995523051208,6.057595432029458
3478,mass,train,True,ok,0.3347625732421875,1.0,0.0,149.31391585760517,135.35114801477167,13.9627678428335,13.15250972410102
3479,mass,train,True,ok,0.41998291015625,0.98553466796875,0.0,116.38431913965994,80.76894138693044,35.6153777527295,6.389702861448006
3480,mass,train,True,ok,0.3878631591796875,0.6004791259765625,0.12046107242613793,38.9721074786577,31.546476556073486,7.425630922584212,129.09026788630658
3481,mass,train,True,ok,0.40179443359375,0.9294891357421875,0.0,204.36928452073522,167.6982195694317,36.67106495130352,80.66572449314887
3482,mass,train,True,ok,0.3402252197265625,0.997283935546875,0.0,166.2290891151276,147.7347764749416,18.494312640185996,74.1506919930718
3483,mass,train,True,ok,0.49090576171875,1.0,0.0,186.72662563720004,167.5688466610718,19.15777897612824,68.48662616415949
3484,mass,train,True,ok,0.3570404052734375,0.997406005859375,0.0,166.89572203940338,102.82777606379192,64.06794597561147,62.897197603458906
3485,mass,train,True,ok,0.389434814453125,1.0,0.0,164.57934331165268,127.53663717698805,37.04270613466463,55.85678626621939
3486,mass,train,True,ok,0.3985595703125,1.0,0.0,133.53575803981624,118.01983965902171,15.515918380794531,39.10261710146359
3487,mass,train,True,ok,0.3208465576171875,1.0,0.0,92.00951158034907,77.12622166303444,14.883289917314627,31.736903482178914
3488,mass,train,True,ok,0.3758392333984375,1.0,0.0,135.01075879988633,103.56577435521329,31.44498444467304,18.695775471674104
3489,mass,train,True,ok,0.359588623046875,1.0,0.0,142.223499957566,125.90445556349773,16.319044394068257,119.22639074828587
3490,mass,train,True,ok,0.3848876953125,1.0,0.0,115.91979860450365,97.70554673546339,18.214251869040268,52.809116904688125
3491,mass,train,True,ok,0.3914337158203125,0.994873046875,0.0,152.41628659416054,130.66730185793446,21.748984736226078,100.28977830515579
3492,mass,train,True,ok,0.3871307373046875,0.9967803955078125,0.0,153.00819833668362,149.6205651686792,3.387633168004413,98.27072803010105
3493,mass,train,True,ok,0.440185546875,1.0,0.0,138.2166528008874,111.18619167030091,27.030461130586488,20.109706919132417
3494,mass,train,True,ok,0.4372100830078125,1.0,0.0,117.98188671343314,87.48705365615595,30.49483305727719,42.6812812560252
3495,mass,train,True,ok,0.359130859375,1.0,0.0,192.8105880353501,162.45483333333334,30.355754702016753,18.724435411488486
3496,mass,train,True,ok,0.3953857421875,1.0,0.0,199.53967273849955,168.94215626892793,30.597516469571616,19.3344959276641
3497,mass,train,True,ok,0.36871337890625,1.0,0.0,95.44723555702699,79.26510683554095,16.182128721486038,33.36364028155055
3498,mass,train,True,ok,0.37152099609375,1.0,0.0,152.92828979793,135.70163639895114,17.22665339897887,21.287570173945507
3499,mass,train,True,ok,0.342742919921875,1.0,0.0,105.36982459264536,97.0468031759298,8.323021416715562,40.08708082227275
3500,mass,train,True,ok,0.332611083984375,1.0,0.0,173.72020368841177,170.58262837806942,3.1375753103423563,86.37380072535264
3501,mass,train,True,ok,0.326873779296875,1.0,0.0,119.28251330407991,98.12177540009974,21.160737903980177,128.16603767270203
3502,mass,train,True,ok,0.3289642333984375,1.0,0.0,112.16471079363608,111.94656297610115,0.21814781753492696,149.519709569807
3503,mass,train,True,ok,0.392486572265625,1.0,0.0,120.66464505092917,115.11922941678806,5.545415634141108,18.531093749274373
3504,mass,train,True,ok,0.37457275390625,1.0,0.0,103.20123839009288,92.21799063140432,10.983247758688563,44.17845347630894
3505,mass,train,True,ok,0.370697021484375,1.0,0.0,104.81069399851815,90.02533824741768,14.785355751100468,5.596946587715407
3506,mass,train,True,ok,0.35015869140625,1.0,0.0,187.34630468886178,180.52474875551798,6.821555933343802,53.11363689217468
3507,mass,train,True,ok,0.3337860107421875,1.0,0.0,124.21156571428571,106.05732805020499,18.154237664080725,40.86230272938383
3508,mass,train,True,ok,0.350311279296875,1.0,0.0,111.75524871504487,89.89393583540796,21.861312879636912,83.20615234259401
3509,mass,train,True,ok,0.430267333984375,0.8164215087890625,0.00035463508050216327,90.42822185970637,54.69500241041298,35.73321944929339,40.74774285012455
3510,mass,train,True,ok,0.41461181640625,0.852508544921875,7.360518180479906e-05,75.08508759016635,55.4217234907726,19.663364099393753,83.0777656667472
3511,mass,train,True,ok,0.3632659912109375,1.0,0.0,141.67051707480994,128.23190107599032,13.438615998819614,27.46071992104507
3512,mass,train,True,ok,0.407257080078125,0.951141357421875,0.0,100.89756463094793,82.44303145755033,18.454533173397593,113.70617688429715
3513,mass,train,True,ok,0.433929443359375,0.9930419921875,0.0,141.59634995428652,110.15887648929862,31.437473464987903,33.12602740663723
3514,mass,train,True,ok,0.35546875,1.0,0.0,149.1615728021978,132.8549952651515,16.30657753704631,12.451814706377167
3515,mass,train,True,ok,0.3332061767578125,1.0,0.0,162.80830700187755,143.13078102473742,19.677525977140135,7.327604798436783
3516,mass,train,True,ok,0.3674774169921875,1.0,0.0,145.02657476228043,115.52280896436929,29.503765797911143,17.94262042320309
3517,mass,train,True,ok,0.3371429443359375,1.0,0.0,139.11577279927585,117.586957022168,21.52881577710785,8.356616282155912
3518,mass,train,True,ok,0.4215087890625,1.0,0.0,137.5613596872285,110.1536189069424,27.407740780286105,6.291212028843409
3519,mass,train,True,ok,0.38671875,1.0,0.0,134.2661379419192,108.20103503184713,26.06510291007207,26.402921963927724
3520,mass,train,True,ok,0.4331512451171875,1.0,0.0,135.10163102828758,120.90018573851248,14.201445289775108,129.59053218063883
3521,mass,train,True,ok,0.3044891357421875,0.75836181640625,0.062490603858682034,96.75319468804811,76.31947521993813,20.433719468109985,88.94372762944194
3522,mass,train,True,ok,0.369140625,0.9733428955078125,0.0,135.3974041005291,98.66002321981424,36.73738088071485,58.80219448902258
3523,mass,train,True,ok,0.4097442626953125,1.0,0.0,148.96048858600528,121.840705219347,27.119783366658282,19.887214233951138
3524,mass,train,True,ok,0.4051971435546875,1.0,0.0,178.46544906797214,150.527410789872,27.93803827810015,38.95223071960277
3525,mass,train,True,ok,0.376129150390625,0.9785003662109375,0.0,143.2837728194726,110.42904661742406,32.85472620204854,11.605221383417911
3526,mass,train,True,ok,0.3867034912109375,0.990234375,0.0,137.34680187823068,104.72711666210535,32.61968521612533,36.32761553507519
3527,mass,train,True,ok,0.4061126708984375,0.97003173828125,0.0,160.0509111403344,110.6923254798181,49.3585856605163,39.56605592690465
3528,mass,train,True,ok,0.362274169921875,1.0,0.0,128.14261646028135,111.38220797243623,16.760408487845112,9.941925815667549
3529,mass,train,True,ok,0.387451171875,1.0,0.0,128.18726370510396,105.24574033479473,22.941523370309227,48.12603179086012
3530,mass,train,True,ok,0.308624267578125,1.0,0.0,136.69104123405518,122.32154049878613,14.369500735269042,13.03765697305362
3531,mass,train,True,ok,0.3614501953125,1.0,0.0,97.00536136440392,87.38169088128465,9.62367048311927,33.17055481042502
3532,mass,train,True,ok,0.3762359619140625,1.0,0.0,149.99111814089306,131.79999510751242,18.19112303338065,111.52650995358621
3533,mass,train,True,ok,0.3553009033203125,1.0,0.0,193.2499463173717,175.09547703012947,18.15446928724222,72.17717046736654
3534,mass,train,True,ok,0.3709564208984375,1.0,0.0,135.10048949035416,126.20788356579746,8.892605924556705,27.6804332149279
3535,mass,train,True,ok,0.3375244140625,1.0,0.0,121.04466546112116,112.69969596462134,8.344969496499814,20.72123274196024
3536,mass,train,True,ok,0.4015350341796875,1.0,0.0,207.39923997719933,193.0084648530124,14.390775124186916,34.390724666177775
3537,mass,train,True,ok,0.3454742431640625,1.0,0.0,109.97292522415087,95.20030306562536,14.772622158525508,19.68042294559476
3538,mass,train,True,ok,0.332427978515625,1.0,0.0,167.68461397227577,150.62464,17.05997397227577,21.05427816654792
3539,mass,train,True,ok,0.3601837158203125,1.0,0.0,155.0974369836899,140.5628771076292,14.534559876060712,26.30840986375765
3540,mass,train,True,ok,0.3945465087890625,0.821197509765625,0.011176857330703484,97.48126232741618,81.45691675697472,16.024345570441454,132.85314920835435
3541,mass,train,True,ok,0.381744384765625,1.0,0.0,127.28787273163323,99.7633150698455,27.524557661787725,55.66447316027504
3542,mass,train,True,ok,0.398834228515625,1.0,0.0,122.60876884229857,109.4239555307376,13.184813311560973,32.63048093041457
3543,mass,train,True,ok,0.35198974609375,0.9946441650390625,0.0,100.19910698803537,74.94671281906376,25.252394168971605,52.41847322034617
3544,mass,train,True,ok,0.3647308349609375,1.0,0.0,136.5864117474794,123.93053587298537,12.655875874494015,25.24112692117876
3545,mass,train,True,ok,0.332000732421875,1.0,0.0,149.2366026289181,132.88722646077937,16.34937616813872,33.34434259810332
3546,mass,train,True,ok,0.4167327880859375,0.7893218994140625,0.013437808941452162,87.09549265863572,58.908750817527796,28.186741841107924,98.30145280458977
3547,mass,train,True,ok,0.3598785400390625,1.0,0.0,171.01704473182107,154.72200901051227,16.295035721308807,52.006737464980446
3548,mass,train,True,ok,0.370574951171875,1.0,0.0,155.20929753767604,138.1758787878788,17.03341874979725,6.866192843548003
3549,mass,train,True,ok,0.4087066650390625,0.990447998046875,0.0,129.2955012133657,111.64901550927718,17.64648570408852,54.471498822297974
3550,mass,train,True,ok,0.38006591796875,1.0,0.0,180.4448370001606,165.84498375504577,14.599853245114815,123.9916449670684
3551,mass,train,True,ok,0.4189453125,1.0,0.0,124.29265005827506,97.24939600840337,27.043254049871692,34.18596011138737
3552,mass,train,True,ok,0.4215545654296875,1.0,0.0,108.43725341151772,83.80149832493603,24.635755086581682,34.513670033413334
3553,mass,train,True,ok,0.4150848388671875,1.0,0.0,137.49939344925193,112.10442699501735,25.394966454234577,11.720974236736382
3554,mass,train,True,ok,0.3350067138671875,1.0,0.0,191.14689136870874,158.4231431128244,32.723748255884345,22.23489712508692
3555,mass,train,True,ok,0.3653564453125,0.983551025390625,0.0,195.4594052789843,153.59573956530102,41.863665713683275,25.40630791054076
3556,mass,train,True,ok,0.40863037109375,1.0,0.0,185.05093353248694,167.85060377747962,17.200329755007317,14.345765721722895
3557,mass,train,True,ok,0.380950927734375,0.99993896484375,0.0,195.77257069614677,144.8792950456002,50.89327565054657,43.84378223337237
3558,mass,train,True,ok,0.3934173583984375,1.0,0.0,145.32222782453556,112.14245465751013,33.17977316702543,11.007410836307749
3559,mass,train,True,ok,0.4421844482421875,1.0,0.0,196.75340764001518,153.29151735645704,43.46189028355815,8.099446382369203
3560,mass,train,True,ok,0.4176177978515625,1.0,0.0,208.46369980635026,181.5772001991249,26.886499607225375,32.657579807445664
3561,mass,train,True,ok,0.37628173828125,1.0,0.0,182.3520681265207,154.15556805949703,28.196500067023663,41.81508948292309
3562,mass,train,True,ok,0.4123687744140625,1.0,0.0,194.71570767807586,159.13341642647555,35.58229125160031,31.042943938152472
3563,mass,train,True,ok,0.4146728515625,1.0,0.0,170.4456505740359,130.22831074035454,40.217339833681365,50.97275757559907
3564,mass,train,True,ok,0.3709564208984375,1.0,0.0,129.72057916169635,112.70040024257125,17.0201789191251,4.867017919539785
3565,mass,train,True,ok,0.3738555908203125,1.0,0.0,145.818905350802,128.69357865236992,17.125326698432076,47.83363376602451
