img,true,prob
/root/autodl-tmp/CBIS/crops_fixed_mass/3f87f40c5b125dcdee76d4d579f26b59_img.png,1,0.9919556080180295
/root/autodl-tmp/CBIS/crops_fixed_mass/93ece87e3fe98bd44f544b48f211a02f_img.png,1,0.982218925018829
/root/autodl-tmp/CBIS/crops_fixed_mass/e6f2f4c7eda2376602e48cd1fbb109be_img.png,1,0.8374539030990059
/root/autodl-tmp/CBIS/crops_fixed_mass/4764a2b76b326c83c8fa12fdf7b2bf7b_img.png,1,0.9195159176793082
/root/autodl-tmp/CBIS/crops_fixed_mass/431825da8e5a6298c05fb42a44812cf9_img.png,0,0.7234052730744909
/root/autodl-tmp/CBIS/crops_fixed_mass/a697b890a096e63d3b0a04063b7f8ac3_img.png,0,0.3564752033291893
/root/autodl-tmp/CBIS/crops_fixed_mass/38c13ff22bd3c98fe6c7c2bab95517b2_img.png,1,0.7904802125744842
/root/autodl-tmp/CBIS/crops_fixed_mass/089c34136719b4e77c4cbf76fa22ba85_img.png,1,0.9282340366881465
/root/autodl-tmp/CBIS/crops_fixed_mass/4275f4688eba78774ad1a43a52705c6b_img.png,0,0.19578923663512698
/root/autodl-tmp/CBIS/crops_fixed_mass/9bc27f51d77e23c94c5c4f347064dcd6_img.png,1,0.4464380217682828
/root/autodl-tmp/CBIS/crops_fixed_mass/853563fc8d57bf5af3fe6ae6787ee433_img.png,1,0.19597665669896575
/root/autodl-tmp/CBIS/crops_fixed_mass/3cb5c3c5891cfe6fa31c627606987555_img.png,0,0.9068068011379115
/root/autodl-tmp/CBIS/crops_fixed_mass/e97c6711dd5a56449e30ae05c5e25dcd_img.png,0,0.2439481959164646
/root/autodl-tmp/CBIS/crops_fixed_mass/2e0199f4794de45675463f00ea3badbf_img.png,1,0.5324395933571026
/root/autodl-tmp/CBIS/crops_fixed_mass/cc454e2acb6bdcb89dcffaf1b3d09906_img.png,1,0.993176540079882
/root/autodl-tmp/CBIS/crops_fixed_mass/29d287232e9d23fa6fb37eb00f2e0456_img.png,1,0.2031520695152131
/root/autodl-tmp/CBIS/crops_fixed_mass/489288bc4ac6b828544880428f74e531_img.png,1,0.982916820912642
/root/autodl-tmp/CBIS/crops_fixed_mass/062464cf22c5be072f8ba8003883ce63_img.png,1,0.9226895316077931
/root/autodl-tmp/CBIS/crops_fixed_mass/44abc1aca3014d07544e5f33a886d5e8_img.png,1,0.6396139327890757
/root/autodl-tmp/CBIS/crops_fixed_mass/798fd4bd69ede0639e8fa13076b6e09d_img.png,0,0.08053027481992654
/root/autodl-tmp/CBIS/crops_fixed_mass/6632b72d28b6bf350bc7c7c44f66233e_img.png,0,0.18981408493370108
/root/autodl-tmp/CBIS/crops_fixed_mass/699d110e6033319318b936464bdcfa10_img.png,0,0.32677970351559427
/root/autodl-tmp/CBIS/crops_fixed_mass/3fe24ead31652bfce63d69be4dfb6fde_img.png,0,0.037182101272854956
/root/autodl-tmp/CBIS/crops_fixed_mass/05a8ed0a836557df420f88ea6fb93081_img.png,0,0.006400396298721457
/root/autodl-tmp/CBIS/crops_fixed_mass/5a80749cc067284222743539f6ac9db6_img.png,0,0.026913838440667928
/root/autodl-tmp/CBIS/crops_fixed_mass/a24f2a351580fd16df16b5d041a6c09c_img.png,0,0.004346128096057847
/root/autodl-tmp/CBIS/crops_fixed_mass/04f5965016c36ef66e75654ddf7c54fe_img.png,1,0.8816918759939327
/root/autodl-tmp/CBIS/crops_fixed_mass/7dff00d15914956b87abb61dbcafcd25_img.png,1,0.8333700539766585
/root/autodl-tmp/CBIS/crops_fixed_mass/3a116ea8065470a2b19c8bb66b831f57_img.png,0,0.24290690557436934
/root/autodl-tmp/CBIS/crops_fixed_mass/17c0eef31bb26404d14f855b4c0acef3_img.png,0,0.07989222270135986
/root/autodl-tmp/CBIS/crops_fixed_mass/8e449c9770521a121fd7f9fbe1ba5c69_img.png,0,0.4895389331221254
/root/autodl-tmp/CBIS/crops_fixed_mass/cf1c181fa2f137d93bde98d03c61b741_img.png,0,0.18857971563688367
/root/autodl-tmp/CBIS/crops_fixed_mass/0de7255c3a353a728fe8df3a0c175992_img.png,0,0.20923911202832762
/root/autodl-tmp/CBIS/crops_fixed_mass/83608ed893a01da3062724c249a85393_img.png,0,0.5357557650298805
/root/autodl-tmp/CBIS/crops_fixed_mass/bacde8528360e59dbe3ef8be7c0489b3_img.png,0,0.11468712818506743
/root/autodl-tmp/CBIS/crops_fixed_mass/09a9f57a0ffc2c89e4aa169b1c9fc4a4_img.png,0,0.0649672066788283
/root/autodl-tmp/CBIS/crops_fixed_mass/dfbd2535b3f1c96b33f0781594ee0650_img.png,0,0.29335543396123603
/root/autodl-tmp/CBIS/crops_fixed_mass/4643447771d9de87cd52a59b703059be_img.png,0,0.05105103569452669
/root/autodl-tmp/CBIS/crops_fixed_mass/99a1f3d5ddad7a10ca73b0e1e9f502ba_img.png,0,0.219027285050854
/root/autodl-tmp/CBIS/crops_fixed_mass/6a3facaee93b7dd3a77835eec86aa12c_img.png,0,0.8608652349130579
/root/autodl-tmp/CBIS/crops_fixed_mass/5a118dee6d7c8ecb7d9530fac8670bd7_img.png,0,0.8638988020438257
/root/autodl-tmp/CBIS/crops_fixed_mass/691e98398b6781fabb41973fd51580d9_img.png,0,0.27566502520510766
/root/autodl-tmp/CBIS/crops_fixed_mass/bdc9eaff467b1d6f7fa4efa55ef98599_img.png,1,0.6692540402232966
/root/autodl-tmp/CBIS/crops_fixed_mass/db5f117fa17a771ef5b5167117286c56_img.png,1,0.6933681116344136
/root/autodl-tmp/CBIS/crops_fixed_mass/46c6a1318ff6d88070fb73be1154a592_img.png,1,0.19401181450099214
/root/autodl-tmp/CBIS/crops_fixed_mass/9569a5f7f4d8cc53f108a9daf8a69225_img.png,1,0.2575006186884536
/root/autodl-tmp/CBIS/crops_fixed_mass/ea76a5f4dccff99ae978ec2434871c72_img.png,0,0.15760623406586055
/root/autodl-tmp/CBIS/crops_fixed_mass/39fb4fa7f92ee3fee38974267e30d46f_img.png,0,0.20488992532632935
/root/autodl-tmp/CBIS/crops_fixed_mass/be12cba3b7dcb5c67a3c2019b51877bb_img.png,0,0.2689865707823055
/root/autodl-tmp/CBIS/crops_fixed_mass/ca7a9ed6465fc46d36cb7a1d56d43548_img.png,0,0.4414809496116585
/root/autodl-tmp/CBIS/crops_fixed_mass/322b27a9ceb327822ee50a25fc854475_img.png,1,0.8159037532675341
/root/autodl-tmp/CBIS/crops_fixed_mass/364c954d6a6464e72ada548390330c25_img.png,1,0.7427460444050545
/root/autodl-tmp/CBIS/crops_fixed_mass/fa36096906816443a4443b5611d53db3_img.png,0,0.2859762508938219
/root/autodl-tmp/CBIS/crops_fixed_mass/27b7bd2c2c71012a7edf414f1f370143_img.png,0,0.16759465845355898
/root/autodl-tmp/CBIS/crops_fixed_mass/f06755b0515879308ffbdce4b9f5f799_img.png,1,0.8576956978798425
/root/autodl-tmp/CBIS/crops_fixed_mass/50777fe7187d688050c7becd2ea5f128_img.png,1,0.2352056460914636
/root/autodl-tmp/CBIS/crops_fixed_mass/287e2fbcda45c6bd1a10633b793c44b9_img.png,1,0.11928139811165002
/root/autodl-tmp/CBIS/crops_fixed_mass/7c34fe1ac02c0ec7a20226822141f7b5_img.png,0,0.24380254725081732
/root/autodl-tmp/CBIS/crops_fixed_mass/02d2166cb689c5e16a6aeb93d567d3e9_img.png,0,0.10960119425974231
/root/autodl-tmp/CBIS/crops_fixed_mass/d2a0e3fcff03d70d2ec24913fe5189c9_img.png,0,0.03936845421128528
/root/autodl-tmp/CBIS/crops_fixed_mass/2f85371d1965c548ba04360ed70c6b35_img.png,0,0.03792641083976315
/root/autodl-tmp/CBIS/crops_fixed_mass/1fd877138eeb89ad89327d0f45be17c6_img.png,0,0.26516493699734006
/root/autodl-tmp/CBIS/crops_fixed_mass/8d8a2942ce830fd7974f65ed3250408f_img.png,0,0.5156448997393817
/root/autodl-tmp/CBIS/crops_fixed_mass/7c317b7d125daee0c95fb5b40f47dad6_img.png,1,0.9920744104266176
/root/autodl-tmp/CBIS/crops_fixed_mass/2ddf75bd9a542b2fa48211a785e6ad64_img.png,1,0.9646882716591247
/root/autodl-tmp/CBIS/crops_fixed_mass/17056330f4bdd256ef4012536b5dd2dd_img.png,1,0.470792262307353
/root/autodl-tmp/CBIS/crops_fixed_mass/170062b1c7d14b9a953c0fef6e16e6fc_img.png,1,0.9620961326691911
/root/autodl-tmp/CBIS/crops_fixed_mass/d2af8a763c3a386747c795df5b582d3a_img.png,0,0.5922339599982114
/root/autodl-tmp/CBIS/crops_fixed_mass/1e4985cd7ce08885049cc5c84ee00bc3_img.png,0,0.01768054982977627
/root/autodl-tmp/CBIS/crops_fixed_mass/41ae0b25bd1c2a3fbeb6a159419a0db2_img.png,0,0.14076829369479357
/root/autodl-tmp/CBIS/crops_fixed_mass/be52f4dae629a447170cfdade0c6e251_img.png,0,0.05004039486818152
/root/autodl-tmp/CBIS/crops_fixed_mass/a35c1e6193361db70a2cdbc3aa3fc170_img.png,0,0.06831706920124062
/root/autodl-tmp/CBIS/crops_fixed_mass/7f425564f6d8bf06d9807f7389ca9048_img.png,0,0.029834266689903903
/root/autodl-tmp/CBIS/crops_fixed_mass/877d360125c63c2a780c0bd2964fa791_img.png,0,0.12551029591297858
/root/autodl-tmp/CBIS/crops_fixed_mass/e58ad1ef626ed0e742cb2bbd1f5e5f21_img.png,1,0.8510342767176249
/root/autodl-tmp/CBIS/crops_fixed_mass/e04653f2363d4c19573c21dee3dee3ca_img.png,1,0.8887404939116063
/root/autodl-tmp/CBIS/crops_fixed_mass/50769ae7fde6fb7613bcc9de2c00e384_img.png,0,0.44066067389211017
/root/autodl-tmp/CBIS/crops_fixed_mass/c48200132adb782ef01e06ef46f2bea8_img.png,0,0.5333410241034887
/root/autodl-tmp/CBIS/crops_fixed_mass/e227c10adaa2630a5b7aff60008fe2d0_img.png,0,0.029629391704709164
/root/autodl-tmp/CBIS/crops_fixed_mass/f78d82d4933421edbc67ad6d1fb46e37_img.png,0,0.9641490748784293
/root/autodl-tmp/CBIS/crops_fixed_mass/aca60bda4fd39700fc4c2b90a80acb5b_img.png,0,0.963716835414981
/root/autodl-tmp/CBIS/crops_fixed_mass/f4e9391577a5ff76961ca7a83ccc2f30_img.png,1,0.31207718632779863
/root/autodl-tmp/CBIS/crops_fixed_mass/236b0ac1193d68523352a4b59d8198d3_img.png,1,0.6209323172434847
/root/autodl-tmp/CBIS/crops_fixed_mass/42d6dceb20f840e4a0522cedf88eda6b_img.png,0,0.3272551924070397
/root/autodl-tmp/CBIS/crops_fixed_mass/28c2640b9076fc9f22207be3903d4c19_img.png,0,0.8099855554156806
/root/autodl-tmp/CBIS/crops_fixed_mass/3b595cbd292b413f498cf14828a4c690_img.png,0,0.1691105773684233
/root/autodl-tmp/CBIS/crops_fixed_mass/d10bb4e14c73efa9f12f4c20455f9739_img.png,0,0.0406478742403725
/root/autodl-tmp/CBIS/crops_fixed_mass/bda3eaa73df3faa6f0ec8a7cb076fee6_img.png,0,0.1492728733185483
/root/autodl-tmp/CBIS/crops_fixed_mass/8e42668b41959c7b547ee64d59aa7d39_img.png,0,0.07216169482351183
/root/autodl-tmp/CBIS/crops_fixed_mass/ab1b890d5a8bcfcc2119f2e2f422738f_img.png,0,0.47961980003501353
/root/autodl-tmp/CBIS/crops_fixed_mass/1ecdcaae4760bda9ffb6c70561afd877_img.png,0,0.28021233027070275
/root/autodl-tmp/CBIS/crops_fixed_mass/ce66d714e6b22d4e84ebf19e64f599fd_img.png,0,0.33165658401822123
/root/autodl-tmp/CBIS/crops_fixed_mass/aca78885ee34869c3b4114f12d6bda2d_img.png,0,0.27236925084102787
/root/autodl-tmp/CBIS/crops_fixed_mass/d1de1ad2309dae68d421030d7486c517_img.png,0,0.5553407127040684
/root/autodl-tmp/CBIS/crops_fixed_mass/fd13f0b2e5eacbfa86d38cebb85ba7bb_img.png,0,0.18492944340507245
/root/autodl-tmp/CBIS/crops_fixed_mass/877db79a6cef61cd5ae9f353c633fcf9_img.png,0,0.2549336080855862
/root/autodl-tmp/CBIS/crops_fixed_mass/27554d52e87fce5abb84c40bbf92a3d5_img.png,0,0.23541453356725262
/root/autodl-tmp/CBIS/crops_fixed_mass/f9e84801380729d871c5a7e1da388dfa_img.png,0,0.0579310440427629
/root/autodl-tmp/CBIS/crops_fixed_mass/3689c24c78a735e4d241d17748b2cf1b_img.png,0,0.5266387221409671
/root/autodl-tmp/CBIS/crops_fixed_mass/dae72bf4cb03cfd9adee1bb2357d74e6_img.png,0,0.24796409292110966
/root/autodl-tmp/CBIS/crops_fixed_mass/030019f13cc10d4710a43d4e19a66c96_img.png,0,0.2973263841921943
/root/autodl-tmp/CBIS/crops_fixed_mass/c7ea9e2390d5bfe03a190d282ed91f0b_img.png,0,0.1944960076474225
/root/autodl-tmp/CBIS/crops_fixed_mass/0c5d51157b3284e1867959e68b583268_img.png,0,0.20491169575171808
/root/autodl-tmp/CBIS/crops_fixed_mass/d9be7e2bee97bdd8a6adda713ae7cc0f_img.png,0,0.06330242478657713
/root/autodl-tmp/CBIS/crops_fixed_mass/7c4200bbbb1024576a2110068527d017_img.png,0,0.22375620141024932
/root/autodl-tmp/CBIS/crops_fixed_mass/a4efcd1d3b13990d8053aa007c8dbcf2_img.png,0,0.14719809374285486
/root/autodl-tmp/CBIS/crops_fixed_mass/9c6775e8d41f3fe1d206f51b393fdd34_img.png,0,0.07378357170568486
/root/autodl-tmp/CBIS/crops_fixed_mass/55b8ea79f45f7470fecc81a31babe7f6_img.png,0,0.05841923032584381
/root/autodl-tmp/CBIS/crops_fixed_mass/e4c640bdf8e21f1b3d69dbb92f04ada4_img.png,1,0.4170910673374577
/root/autodl-tmp/CBIS/crops_fixed_mass/163c84482b3dc6c8b936621c603189b5_img.png,1,0.3964194483959642
/root/autodl-tmp/CBIS/crops_fixed_mass/4b428033f86ff560002d9648dae012a3_img.png,0,0.06519410670862998
/root/autodl-tmp/CBIS/crops_fixed_mass/72e4d7b3ae55fdb6f897aeb243b3d7d4_img.png,0,0.09714515729738327
/root/autodl-tmp/CBIS/crops_fixed_mass/68e430c732775afbf32021631674ed5d_img.png,0,0.10798452481942196
/root/autodl-tmp/CBIS/crops_fixed_mass/29c0ce5c6faf9767f9c7948372c9f020_img.png,0,0.7128777366258956
/root/autodl-tmp/CBIS/crops_fixed_mass/eea364d8e3a4b967bd8af34a8d584872_img.png,0,0.14578773873432974
/root/autodl-tmp/CBIS/crops_fixed_mass/da3ccb7c31e1dd97d11908e32ad22092_img.png,0,0.863293206340138
/root/autodl-tmp/CBIS/crops_fixed_mass/9ad71f95097c6c7bc99415193e0dbfce_img.png,0,0.9130828939238499
/root/autodl-tmp/CBIS/crops_fixed_mass/4b69051502b174fec797f770154fa4c8_img.png,1,0.1358474647013671
/root/autodl-tmp/CBIS/crops_fixed_mass/9f11689a7168060c3a5eaa236c05d865_img.png,1,0.18635065166234044
/root/autodl-tmp/CBIS/crops_fixed_mass/22a45525f85f935704d2eb51fc8b9145_img.png,1,0.21602328186788028
/root/autodl-tmp/CBIS/crops_fixed_mass/12a5c7b1095bc51e3962eb1b7b80c937_img.png,0,0.5269048842803863
/root/autodl-tmp/CBIS/crops_fixed_mass/130aa8d6c131b2818c9eb18fd2a89184_img.png,0,0.07650947627297107
/root/autodl-tmp/CBIS/crops_fixed_mass/955574a7725f13edf637ef97de07aca3_img.png,1,0.2475021001213448
/root/autodl-tmp/CBIS/crops_fixed_mass/a0e309dfe25fc8e77b1f1bcffd206298_img.png,1,0.9458666233005314
/root/autodl-tmp/CBIS/crops_fixed_mass/4c3b5f6c7ddd93d6b583dc89c4e6a799_img.png,1,0.9147873195151358
/root/autodl-tmp/CBIS/crops_fixed_mass/86d7bb56179de24d3c9b588c65d69c44_img.png,1,0.6392568777767343
/root/autodl-tmp/CBIS/crops_fixed_mass/37037864e54972870de7502743b8e0ec_img.png,1,0.05008295461579602
/root/autodl-tmp/CBIS/crops_fixed_mass/df5682ee2026363a634de9006f409b37_img.png,0,0.9850632234604658
/root/autodl-tmp/CBIS/crops_fixed_mass/245bd17b5c5dce60e62287c1631c6437_img.png,0,0.059028763225151666
/root/autodl-tmp/CBIS/crops_fixed_mass/69de6a644cf5b0625993e585db43b12d_img.png,1,0.37103661132971144
/root/autodl-tmp/CBIS/crops_fixed_mass/b11d876b1dea4996d0ecba1f402db9d4_img.png,1,0.25728045747032424
/root/autodl-tmp/CBIS/crops_fixed_mass/533720200501536a17b196e1d93ae7a5_img.png,1,0.7641028620544212
/root/autodl-tmp/CBIS/crops_fixed_mass/e3fac971681076f87716737ccfc49e72_img.png,1,0.9253008065119515
/root/autodl-tmp/CBIS/crops_fixed_mass/292397e62f7c01f04ee6c54c607fc416_img.png,0,0.8860825304195777
/root/autodl-tmp/CBIS/crops_fixed_mass/170232d1d3779272c91b7ee87fc5ef4d_img.png,0,0.8767335694709754
/root/autodl-tmp/CBIS/crops_fixed_mass/c255b3e84f0890aa0ae7d9d67caa395f_img.png,1,0.8148949009336597
/root/autodl-tmp/CBIS/crops_fixed_mass/2714f65daf580fa959c12e28a24a94cd_img.png,1,0.8948303688433721
/root/autodl-tmp/CBIS/crops_fixed_mass/3dc51879efccb91b660ed239c1a28db8_img.png,1,0.819846673999597
/root/autodl-tmp/CBIS/crops_fixed_mass/fac69075f9fe5e020b735cd52e8e2a67_img.png,0,0.14454913303059597
/root/autodl-tmp/CBIS/crops_fixed_mass/79009d01ccea1876d25d8ace7b3fedbc_img.png,0,0.41309257189558807
/root/autodl-tmp/CBIS/crops_fixed_mass/d91542f0cc047280f25affea14cb464c_img.png,0,0.07089380828364358
/root/autodl-tmp/CBIS/crops_fixed_mass/ff161bd1f2027570344ebf6ff1a7f07f_img.png,0,0.13670039051933325
/root/autodl-tmp/CBIS/crops_fixed_mass/449c1248e1ed8b2a3f86b391daba5469_img.png,0,0.11906730344783166
/root/autodl-tmp/CBIS/crops_fixed_mass/fd24b23128942e1b533990e9341bdbdc_img.png,0,0.4715281106875059
/root/autodl-tmp/CBIS/crops_fixed_mass/c32951bdaa64b962191d9743405a149d_img.png,0,0.392509721183566
/root/autodl-tmp/CBIS/crops_fixed_mass/ce9a8216017d9188a174552e13e74a73_img.png,0,0.8518198823121155
/root/autodl-tmp/CBIS/crops_fixed_mass/45cf089e703d958fb0594648e799d341_img.png,0,0.08168356996526495
/root/autodl-tmp/CBIS/crops_fixed_mass/7989e79f0c3d9e318c4b767a789b767b_img.png,1,0.45860466402967703
/root/autodl-tmp/CBIS/crops_fixed_mass/87b2f4ab48d61988bdb59ec5e2899874_img.png,1,0.7299197521910215
/root/autodl-tmp/CBIS/crops_fixed_mass/e8744df7874572d5b1ee1313a3f212b9_img.png,0,0.4137704406698168
/root/autodl-tmp/CBIS/crops_fixed_mass/0ade21956763d3f411ebfd27800d7dbc_img.png,1,0.28226119361140534
/root/autodl-tmp/CBIS/crops_fixed_mass/1e12f592eca3c93fc798ce1c1f0f7242_img.png,1,0.672472184737478
/root/autodl-tmp/CBIS/crops_fixed_mass/94e6e048f9c5b991dbc6b5680f52999c_img.png,0,0.2541710772117026
/root/autodl-tmp/CBIS/crops_fixed_mass/372abd432d6d093075a6ececa14a7fbe_img.png,1,0.8299057269375049
/root/autodl-tmp/CBIS/crops_fixed_mass/eb3f762a827ea78ca8513180307111ee_img.png,0,0.5304996497354125
/root/autodl-tmp/CBIS/crops_fixed_mass/ba21d11f19a4ac268771f0e8527396d3_img.png,0,0.8471410799091093
/root/autodl-tmp/CBIS/crops_fixed_mass/83e9ab72dabf45c550a6970c36ab6c47_img.png,0,0.5201295424511556
/root/autodl-tmp/CBIS/crops_fixed_mass/a7eccec9e87e4ea2712c0787aa08cdd2_img.png,0,0.5606588099455723
/root/autodl-tmp/CBIS/crops_fixed_mass/9d1e49905e46be4c66d6cd14cc0655ee_img.png,1,0.7708356919306245
/root/autodl-tmp/CBIS/crops_fixed_mass/dc4dcccce1913dea30262f63e183ab68_img.png,1,0.5528820338410225
/root/autodl-tmp/CBIS/crops_fixed_mass/24a2b5f35e1abf71d7659f40fd4c1a9c_img.png,0,0.10330796875583247
/root/autodl-tmp/CBIS/crops_fixed_mass/a13c99f2ce9adb17c4e54c7fa511cf0c_img.png,0,0.5005782081716955
/root/autodl-tmp/CBIS/crops_fixed_mass/a436bf1cc0226988325e8e3aa4356b78_img.png,0,0.03132230206048129
/root/autodl-tmp/CBIS/crops_fixed_mass/85b289494119f42cbe131bb937828543_img.png,0,0.06944160144426642
/root/autodl-tmp/CBIS/crops_fixed_mass/76edaac8c4dc1f7ea9731f3e774a1446_img.png,0,0.17857990599573056
/root/autodl-tmp/CBIS/crops_fixed_mass/8c83d2f04b3d4f393468cd01f1f55e0d_img.png,0,0.05330808602734856
/root/autodl-tmp/CBIS/crops_fixed_mass/a6e21f718b55abae640aab425b439d37_img.png,0,0.1333670787554732
/root/autodl-tmp/CBIS/crops_fixed_mass/660710a2eec989728bf508bb8345b085_img.png,1,0.27276260262848356
/root/autodl-tmp/CBIS/crops_fixed_mass/8a62087c57ac7ad25f5eb745edfde240_img.png,1,0.4681805767894841
/root/autodl-tmp/CBIS/crops_fixed_mass/b51d026246042406d8b09038234c93f5_img.png,1,0.8961988566374679
/root/autodl-tmp/CBIS/crops_fixed_mass/ff4948d66d6af93be2e7e645c0276e4b_img.png,1,0.9774373090930769
/root/autodl-tmp/CBIS/crops_fixed_mass/654199b372e366fd9af5768e86df5f43_img.png,0,0.5051876550056029
/root/autodl-tmp/CBIS/crops_fixed_mass/c60a11576432fdf3ec13080e03023521_img.png,0,0.550003911534752
/root/autodl-tmp/CBIS/crops_fixed_mass/a7c24c4166dc7050dbd3e8c598a5e25b_img.png,1,0.6057107854819089
/root/autodl-tmp/CBIS/crops_fixed_mass/8f297d44cb74c2886db6fb33b66acb8d_img.png,1,0.1425961471426474
/root/autodl-tmp/CBIS/crops_fixed_mass/733d1086b6317466d9847b500b109792_img.png,0,0.0598789425346145
/root/autodl-tmp/CBIS/crops_fixed_mass/a95e8586865f8b319fe4e986fd15cb0b_img.png,1,0.37556565270664394
/root/autodl-tmp/CBIS/crops_fixed_mass/585a0b498cbdbaca038ef29d5be72306_img.png,1,0.49920502059590993
/root/autodl-tmp/CBIS/crops_fixed_mass/32d30a1d45eb7c9a7b92fd8b2cda5abf_img.png,1,0.3242618406627844
/root/autodl-tmp/CBIS/crops_fixed_mass/3be1faf59fa464a7fbc3e28e29d8ca02_img.png,0,0.7613338546854574
/root/autodl-tmp/CBIS/crops_fixed_mass/588ccd6c4d629b9f26bcdd8b5ac7a220_img.png,0,0.3564274649291154
/root/autodl-tmp/CBIS/crops_fixed_mass/cd6d43c1c3c2cd311dc69a95e8653ba6_img.png,0,0.06016536135329133
/root/autodl-tmp/CBIS/crops_fixed_mass/99acb7ca5b3f232c49516f6a069a739f_img.png,0,0.05667073137807201
/root/autodl-tmp/CBIS/crops_fixed_mass/f2e31b14cc0173028e8258ff209da302_img.png,1,0.9547234708487348
/root/autodl-tmp/CBIS/crops_fixed_mass/b8dd30f8de452cba4c9a2315edb2a9c4_img.png,1,0.817521813428816
/root/autodl-tmp/CBIS/crops_fixed_mass/7342cca458e6406e4910bb4738c494c3_img.png,0,0.33925991647888315
/root/autodl-tmp/CBIS/crops_fixed_mass/8aa3ec8fb0233b0cf5ba237ccc31e671_img.png,0,0.19332898386207317
/root/autodl-tmp/CBIS/crops_fixed_mass/1d931fadc7ba33015bac2e42d182cd61_img.png,0,0.04295507457841638
/root/autodl-tmp/CBIS/crops_fixed_mass/eb4fb6cfb81bf519646e10e981029313_img.png,0,0.155228627695353
/root/autodl-tmp/CBIS/crops_fixed_mass/b2ac8e75cea56693198f03d1904d1c21_img.png,0,0.15206848087134062
/root/autodl-tmp/CBIS/crops_fixed_mass/78f4c1d1517999e4a361b3da2bc880c8_img.png,0,0.1515749908272715
/root/autodl-tmp/CBIS/crops_fixed_mass/83cd2255c8b21b0332576505b61fb92b_img.png,0,0.15799911265224745
/root/autodl-tmp/CBIS/crops_fixed_mass/b04ead288023c86584932fef1f652fb8_img.png,0,0.945357715693668
/root/autodl-tmp/CBIS/crops_fixed_mass/4ba6f5442b7958da70496b2958451934_img.png,0,0.28420934481179744
/root/autodl-tmp/CBIS/crops_fixed_mass/5831b9eafad1e8f67d77cdb059afe8f9_img.png,0,0.429385475148583
/root/autodl-tmp/CBIS/crops_fixed_mass/780242533737d181be5667954ee86018_img.png,1,0.06018776852741391
/root/autodl-tmp/CBIS/crops_fixed_mass/7f7eb73f5cf79996a467de3ee81c98a1_img.png,1,0.6512706232027141
/root/autodl-tmp/CBIS/crops_fixed_mass/7a120034063e9f1d7953f917f1751d99_img.png,1,0.7845857813617102
/root/autodl-tmp/CBIS/crops_fixed_mass/1db75bf7a6d177f4508d79d8e72f1fa7_img.png,1,0.7740748079099712
/root/autodl-tmp/CBIS/crops_fixed_mass/3a47487d9d863252b3657a1f0bb42f74_img.png,0,0.11077612390589628
/root/autodl-tmp/CBIS/crops_fixed_mass/70b152c77e1ed1692b91784daccf6118_img.png,1,0.7917789070181357
/root/autodl-tmp/CBIS/crops_fixed_mass/4bf2f3df121f2ca71deabcc5ee35de14_img.png,1,0.6896608446782266
/root/autodl-tmp/CBIS/crops_fixed_mass/9941d8cc7ecbeabf0cecdc72fa92a026_img.png,1,0.9943339419051371
/root/autodl-tmp/CBIS/crops_fixed_mass/cd56dd2ac5edef91fe2e42508c14d7c6_img.png,1,0.961949671147812
/root/autodl-tmp/CBIS/crops_fixed_mass/bbea7a25581a26770c7060f5d9bc6eba_img.png,0,0.270222174841529
/root/autodl-tmp/CBIS/crops_fixed_mass/f66c2de4ddaaa768ccba24c57cb51def_img.png,0,0.8230325675183894
/root/autodl-tmp/CBIS/crops_fixed_mass/3bc2d6034af195491c276d7e430b0a3c_img.png,1,0.9753279452964522
/root/autodl-tmp/CBIS/crops_fixed_mass/21b39a97f5a7990feef7d0ab58281639_img.png,0,0.6800874850994627
/root/autodl-tmp/CBIS/crops_fixed_mass/8892f3d4c95db908cbbce7d5de26641a_img.png,1,0.23964982695724163
/root/autodl-tmp/CBIS/crops_fixed_mass/2ab2da0a4890636629db44b2124582a2_img.png,0,0.8990551215525263
/root/autodl-tmp/CBIS/crops_fixed_mass/c42d1e7bd0d149226a767b535db04d7e_img.png,0,0.5296548131566016
/root/autodl-tmp/CBIS/crops_fixed_mass/be3e2b5f89d498746880cf00e74bee4c_img.png,0,0.06873234815045351
/root/autodl-tmp/CBIS/crops_fixed_mass/8ab95ed3fc54de408432ae65e4656166_img.png,0,0.22285120322262467
/root/autodl-tmp/CBIS/crops_fixed_mass/a4be76c62082d3350ab9b10190698926_img.png,1,0.880808244799382
/root/autodl-tmp/CBIS/crops_fixed_mass/33245524845fb05953dd61984e1e03e9_img.png,1,0.44200082913540406
/root/autodl-tmp/CBIS/crops_fixed_mass/886e8f0468b7d3618b5672f60fa2efb8_img.png,1,0.5104506475486228
/root/autodl-tmp/CBIS/crops_fixed_mass/4b1e7637222f8fc1082ff8889b684a15_img.png,1,0.9745650128448589
/root/autodl-tmp/CBIS/crops_fixed_mass/834f0bfdf8c33d2a7bcc616267264bfa_img.png,1,0.987833767657397
/root/autodl-tmp/CBIS/crops_fixed_mass/5f48713c559734096e4076d80441f334_img.png,1,0.9866222849795605
/root/autodl-tmp/CBIS/crops_fixed_mass/ecbfad8cd5d78bcc2efb8431c5f94b4b_img.png,1,0.9868726833214044
/root/autodl-tmp/CBIS/crops_fixed_mass/fde973ebfd11f777432b7d194f6bf18c_img.png,1,0.6877325666497452
/root/autodl-tmp/CBIS/crops_fixed_mass/7e87a821f4419b970e63f8cab2240be2_img.png,1,0.7779114892829431
/root/autodl-tmp/CBIS/crops_fixed_mass/f1987d38db51eaf45e812c2157bc0e76_img.png,0,0.6069807392161349
/root/autodl-tmp/CBIS/crops_fixed_mass/fb08b81408007c823a45d9c831dd6bf7_img.png,0,0.29668519826191386
/root/autodl-tmp/CBIS/crops_fixed_mass/d01a3f9a66a3419fb3d4c7f7180e16a2_img.png,0,0.39357000284573146
/root/autodl-tmp/CBIS/crops_fixed_mass/011ff3b1c04b388e4d3d281ff41d54e1_img.png,0,0.17596575098713851
/root/autodl-tmp/CBIS/crops_fixed_mass/fe0a6c312075074b091a6a97a8d5d944_img.png,0,0.5992722010373057
/root/autodl-tmp/CBIS/crops_fixed_mass/78f11e940cf34fc03b1725f594e6b126_img.png,0,0.6221003105185365
/root/autodl-tmp/CBIS/crops_fixed_mass/6b1ebe7c052d8262459c3a77e137fe21_img.png,0,0.5005374511981436
/root/autodl-tmp/CBIS/crops_fixed_mass/22870dc0094a70e1955006814840fbd2_img.png,0,0.2835500899507205
/root/autodl-tmp/CBIS/crops_fixed_mass/e581fd617892e70dfce17916da6e93a0_img.png,0,0.09845971159850192
/root/autodl-tmp/CBIS/crops_fixed_mass/03a13d66e5307b0d7ba92326fba2ecb6_img.png,0,0.8918824425853714
/root/autodl-tmp/CBIS/crops_fixed_mass/a0c4d84bd70ef4efae16fce3abdd6c8e_img.png,0,0.2725348946822652
/root/autodl-tmp/CBIS/crops_fixed_mass/097694cfe4df6912815ada83fa709b12_img.png,0,0.08038592460090264
/root/autodl-tmp/CBIS/crops_fixed_mass/f953009299a6d173f06095648865b885_img.png,1,0.3922190066498064
/root/autodl-tmp/CBIS/crops_fixed_mass/e17253fb6be5c575c8c3feef204adad5_img.png,1,0.6985280426779633
/root/autodl-tmp/CBIS/crops_fixed_mass/4bc2488e79dce7f5f0405286ccb4d882_img.png,1,0.48255609954923606
/root/autodl-tmp/CBIS/crops_fixed_mass/9949b4f0a66b6e12dac9b72343df102d_img.png,1,0.9219760398149643
/root/autodl-tmp/CBIS/crops_fixed_mass/6a1665b30e765b1d589aa8e13ea07e69_img.png,1,0.8898284706291507
/root/autodl-tmp/CBIS/crops_fixed_mass/91c375cac0d8a949df89780001328790_img.png,1,0.6285894740606187
/root/autodl-tmp/CBIS/crops_fixed_mass/deb46c62534386c826aead19e8012098_img.png,0,0.2753736295256011
/root/autodl-tmp/CBIS/crops_fixed_mass/a32b9078d5b969c78b3d7cae4af0fcf0_img.png,1,0.655819770111779
/root/autodl-tmp/CBIS/crops_fixed_mass/bae003e92a9dc8a25ed6280b7801d2c9_img.png,0,0.5380073013415686
/root/autodl-tmp/CBIS/crops_fixed_mass/f5b083b4a41e5a1f5e27e1b58b8e7da4_img.png,0,0.3507740744578379
/root/autodl-tmp/CBIS/crops_fixed_mass/261d270eb66f852cef14fe46326489b6_img.png,0,0.07286838634073252
/root/autodl-tmp/CBIS/crops_fixed_mass/073b4440b8bcfce46e98855b54e1016b_img.png,0,0.16646875123897864
/root/autodl-tmp/CBIS/crops_fixed_mass/da17f6b5b67c795c3a88bf40454e97d3_img.png,0,0.3856869723455863
/root/autodl-tmp/CBIS/crops_fixed_mass/6567b77d8d222290259c6c50302654ba_img.png,1,0.9821772487743363
/root/autodl-tmp/CBIS/crops_fixed_mass/699b1ccd352258364aefae207cc2c01c_img.png,1,0.9721097904102589
/root/autodl-tmp/CBIS/crops_fixed_mass/e9ef5fe037a59b46474dc650a4c4309d_img.png,1,0.6232566082593423
/root/autodl-tmp/CBIS/crops_fixed_mass/60a940e29b19e194ce407ac482104d92_img.png,1,0.25182159504520707
/root/autodl-tmp/CBIS/crops_fixed_mass/7f3d91958d2f8c2c540e63a6dc7794db_img.png,1,0.35141762147135835
/root/autodl-tmp/CBIS/crops_fixed_mass/45a43b27b838c1fd80eba0b8071867c2_img.png,1,0.9476726933416102
/root/autodl-tmp/CBIS/crops_fixed_mass/d9926ce7188d54c57010ff185a37e310_img.png,0,0.16040937346238085
/root/autodl-tmp/CBIS/crops_fixed_mass/ba0b890f4921b1972d4da11b46b54356_img.png,0,0.10278645182350478
/root/autodl-tmp/CBIS/crops_fixed_mass/82308bdfffbdfd99fea05e4f796b452b_img.png,0,0.1989864759118702
/root/autodl-tmp/CBIS/crops_fixed_mass/3195c3c3713be3040c0e9325a3707cb8_img.png,0,0.03298209699533709
/root/autodl-tmp/CBIS/crops_fixed_mass/3f32e73a86f050a5023e90357d54328d_img.png,0,0.305966516972894
/root/autodl-tmp/CBIS/crops_fixed_mass/21478d34e677431ac1345bcf402076f9_img.png,0,0.31379732394474336
/root/autodl-tmp/CBIS/crops_fixed_mass/5af16d19614de1cc5ee2a32335f2573c_img.png,1,0.7154967917687192
/root/autodl-tmp/CBIS/crops_fixed_mass/f9142b9ff41be7792b4e5d3049dde6c8_img.png,1,0.8004735027687863
/root/autodl-tmp/CBIS/crops_fixed_mass/08ff0a519b9ea5253927a2caa3b19df5_img.png,1,0.9413894127652442
/root/autodl-tmp/CBIS/crops_fixed_mass/db46cdae0cc3b10182ec01eff9b20d4b_img.png,1,0.9911520067443639
/root/autodl-tmp/CBIS/crops_fixed_mass/037f35c11feb127c95c2853652da3b72_img.png,1,0.722212313555038
/root/autodl-tmp/CBIS/crops_fixed_mass/52b33830ea58b77df00cd8a7bf58f49e_img.png,1,0.8047783170540059
/root/autodl-tmp/CBIS/crops_fixed_mass/5f7c43265a198a1bd5ef309433560e79_img.png,0,0.2148741801945099
/root/autodl-tmp/CBIS/crops_fixed_mass/80d9057beb3c33b0bd6d7ff4d78e98d3_img.png,0,0.36267135806347417
/root/autodl-tmp/CBIS/crops_fixed_mass/95721a70afd653c0863435750fc6bf1a_img.png,0,0.6471955775598449
/root/autodl-tmp/CBIS/crops_fixed_mass/cc4a4df02dc0626e31bceb3622003f9e_img.png,0,0.3306226025058245
/root/autodl-tmp/CBIS/crops_fixed_mass/7b7d840c55726fbbeccc7c1077a47398_img.png,0,0.14626743473724568
/root/autodl-tmp/CBIS/crops_fixed_mass/e0f89c188787ff9731f9d86a7d3a2ef7_img.png,0,0.3477048409533474
/root/autodl-tmp/CBIS/crops_fixed_mass/1cdc49b9e92cfd649106456481c2db8d_img.png,1,0.9228483665834477
/root/autodl-tmp/CBIS/crops_fixed_mass/184b76b65aa53e19037455f0887f6181_img.png,1,0.8555239710140099
/root/autodl-tmp/CBIS/crops_fixed_mass/9e0a8fe0d8c43683ef300d6ea7fe2f1d_img.png,0,0.4307318614131691
/root/autodl-tmp/CBIS/crops_fixed_mass/fa155790225a4d46c7cd069dbe8d72bc_img.png,0,0.29840610453983796
/root/autodl-tmp/CBIS/crops_fixed_mass/09e13c81102659a390c35de26a33bedc_img.png,1,0.9279627887366678
/root/autodl-tmp/CBIS/crops_fixed_mass/f455719f45cc32213d6890f15517e256_img.png,1,0.8972056935991704
/root/autodl-tmp/CBIS/crops_fixed_mass/ee174f5d64a8546bdc16205b88b4f865_img.png,1,0.8965443915111816
/root/autodl-tmp/CBIS/crops_fixed_mass/ac9f33eaf10cc167f4c5c4988fc38b57_img.png,1,0.9726180183700693
/root/autodl-tmp/CBIS/crops_fixed_mass/4891affe97668c4b9e5780c769bae452_img.png,1,0.2341249921301025
/root/autodl-tmp/CBIS/crops_fixed_mass/068ddde82da0d85347c8c9e55ba87b11_img.png,1,0.47316736866758574
/root/autodl-tmp/CBIS/crops_fixed_mass/026c93062588fd6d2f73e271f53b6366_img.png,0,0.43839396615840875
/root/autodl-tmp/CBIS/crops_fixed_mass/26fc1e03e71d381257989a96e090af3b_img.png,0,0.021978451142063357
/root/autodl-tmp/CBIS/crops_fixed_mass/0cba539ed83a975f908b495c2c787bd6_img.png,0,0.08201746742408397
/root/autodl-tmp/CBIS/crops_fixed_mass/011be3a89ade76863db8c308d9f3821b_img.png,0,0.041155202552436904
/root/autodl-tmp/CBIS/crops_fixed_mass/a8f996cd65453056dcce5df2e09a6f43_img.png,0,0.1197759399358797
/root/autodl-tmp/CBIS/crops_fixed_mass/7ed990305fa176c54b143376c72424dd_img.png,0,0.7095335623248932
/root/autodl-tmp/CBIS/crops_fixed_mass/546b936b130d0ab50065fbd1d0b2ea19_img.png,0,0.13528844446799185
/root/autodl-tmp/CBIS/crops_fixed_mass/46fbb1c14b0758f4a5201d9da5c8c198_img.png,0,0.06654035144889649
/root/autodl-tmp/CBIS/crops_fixed_mass/322b2c85eec3910e1c49d546af985985_img.png,0,0.316611715896492
/root/autodl-tmp/CBIS/crops_fixed_mass/fbc9366bea153811fb53e108a5e3a566_img.png,0,0.32128912061334164
/root/autodl-tmp/CBIS/crops_fixed_mass/6fe0ee399bd6d8f33ee54afb2c30f795_img.png,1,0.7531440555965945
/root/autodl-tmp/CBIS/crops_fixed_mass/eac58e62b07149c43a33165086e72e6b_img.png,0,0.3460688657949955
/root/autodl-tmp/CBIS/crops_fixed_mass/4e13736f947b92d0701fbace4f11b4b2_img.png,1,0.8155484352233988
/root/autodl-tmp/CBIS/crops_fixed_mass/2609763632c391e6c8bafe88bc921cb9_img.png,0,0.6052960459941819
/root/autodl-tmp/CBIS/crops_fixed_mass/5ceac0ddc0612f3c6648bea05c411074_img.png,0,0.07005319353605509
/root/autodl-tmp/CBIS/crops_fixed_mass/92a8df0a570712467ee4cf4db76cd2ad_img.png,0,0.06801528877756019
/root/autodl-tmp/CBIS/crops_fixed_mass/aae64e24dd8c18a7f5b3f840b76ba7ec_img.png,0,0.06460796932509563
/root/autodl-tmp/CBIS/crops_fixed_mass/bbcb137fb46bffb4eaa3d7161ba3f48e_img.png,0,0.38439743433352225
/root/autodl-tmp/CBIS/crops_fixed_mass/0344baa58577af4c3c05c545840b4da5_img.png,0,0.06204692680362883
/root/autodl-tmp/CBIS/crops_fixed_mass/e1c0fd2fccf6871b43d2f38ad9024325_img.png,0,0.14078493203644551
/root/autodl-tmp/CBIS/crops_fixed_mass/e800ad219e270c2a0d48841861a32436_img.png,0,0.17690807130803224
/root/autodl-tmp/CBIS/crops_fixed_mass/686ddf4509e991421187a00b133ee790_img.png,1,0.12026238233447091
/root/autodl-tmp/CBIS/crops_fixed_mass/23098597ab1671cbb5da299734232948_img.png,1,0.036126409288367564
/root/autodl-tmp/CBIS/crops_fixed_mass/ff25d478ab789df32d93d500e8a067d3_img.png,0,0.26160589039954685
/root/autodl-tmp/CBIS/crops_fixed_mass/0af9179f1b221dee5562f06f6ec1d979_img.png,0,0.296203704973599
/root/autodl-tmp/CBIS/crops_fixed_mass/e4c0b083573cdcd850feac99bd2f7bdf_img.png,1,0.2835594379084331
/root/autodl-tmp/CBIS/crops_fixed_mass/2f8283391b0b9838015466a7874cf846_img.png,1,0.577346247442798
/root/autodl-tmp/CBIS/crops_fixed_mass/e0066b8be93ff49484f9d6e203c768fd_img.png,0,0.7000005869848246
/root/autodl-tmp/CBIS/crops_fixed_mass/31be27cb0b1c376644474f2c26643aa5_img.png,0,0.7864789667336717
/root/autodl-tmp/CBIS/crops_fixed_mass/62b97ad6dfd44a9145a99bbb8c1ec222_img.png,1,0.9494531678826953
/root/autodl-tmp/CBIS/crops_fixed_mass/2bb8982f814697f57651719d7bd30e74_img.png,1,0.9149125681662938
/root/autodl-tmp/CBIS/crops_fixed_mass/ecdb2494561a62b36872dbde07e484b0_img.png,0,0.062359947648694604
/root/autodl-tmp/CBIS/crops_fixed_mass/966bf1f447ebbfaefb5c0ddcae439e1b_img.png,0,0.06977980730675651
/root/autodl-tmp/CBIS/crops_fixed_mass/0fab4059fc064981c2ffcaeebbe14198_img.png,0,0.10423879015023156
/root/autodl-tmp/CBIS/crops_fixed_mass/de25904467a2abbbd855f49f7de7dac1_img.png,0,0.12029758746051433
/root/autodl-tmp/CBIS/crops_fixed_mass/317f476d81efd87bbe580283bd5f5f23_img.png,0,0.12187644296520668
/root/autodl-tmp/CBIS/crops_fixed_mass/492ade83f1871a1afded57f9b8c794a7_img.png,0,0.27343202717177617
/root/autodl-tmp/CBIS/crops_fixed_mass/6808f6e27d01ff691ab92f693692c0e6_img.png,0,0.18777401148566905
/root/autodl-tmp/CBIS/crops_fixed_mass/a28f4fea12dec3f061b1d8f454693378_img.png,0,0.19727412626964191
/root/autodl-tmp/CBIS/crops_fixed_mass/0653530f57efbd3472fa9094e3fc58f5_img.png,0,0.053757247146610516
/root/autodl-tmp/CBIS/crops_fixed_mass/d1d0feea664a6f3354e108ec9f14bc06_img.png,0,0.08482961335984388
/root/autodl-tmp/CBIS/crops_fixed_mass/4876e9ecb4601009305e3db586b478ac_img.png,0,0.08702935537694559
/root/autodl-tmp/CBIS/crops_fixed_mass/fff38267f6900a6e8cd887e255c62120_img.png,0,0.1620908453401939
/root/autodl-tmp/CBIS/crops_fixed_mass/b4285ad0c757a9f68e454f2412f71618_img.png,0,0.0854116724840212
/root/autodl-tmp/CBIS/crops_fixed_mass/3beb4beec4bd79ca20358e7b35ae8006_img.png,0,0.2399228658310737
/root/autodl-tmp/CBIS/crops_fixed_mass/07d737cb3a53aa7ff8326bef26e0e09a_img.png,1,0.9982763996678125
/root/autodl-tmp/CBIS/crops_fixed_mass/cd5c616a5db148ba28c52a0333ca70cd_img.png,1,0.9981568367296477
/root/autodl-tmp/CBIS/crops_fixed_mass/70d0a83016112e3905c22c7eb37ccb30_img.png,1,0.7800899796295998
/root/autodl-tmp/CBIS/crops_fixed_mass/6af8c1be789fa4673eaf77464f153581_img.png,0,0.7743666074034963
/root/autodl-tmp/CBIS/crops_fixed_mass/b04794703583e5bad6655d63ffb65b0d_img.png,1,0.8796753277967705
/root/autodl-tmp/CBIS/crops_fixed_mass/53fdd2d1616039d4f9ab84925770f689_img.png,0,0.3957496549509658
/root/autodl-tmp/CBIS/crops_fixed_mass/8d7d1e2fc41dc38630eacea8a6811a6b_img.png,1,0.7503054015584966
/root/autodl-tmp/CBIS/crops_fixed_mass/96a72611760f2376c7c83bc1e2a6c299_img.png,1,0.798656984463384
/root/autodl-tmp/CBIS/crops_fixed_mass/bcebb3003491a33c836b5c46dae3a255_img.png,1,0.733304084644191
/root/autodl-tmp/CBIS/crops_fixed_mass/3aa7cc2d310b3095ef3033ce52aad4d7_img.png,1,0.5855245863004022
/root/autodl-tmp/CBIS/crops_fixed_mass/3205efdfb09b31066274ff0b0b764339_img.png,1,0.5279979629419472
/root/autodl-tmp/CBIS/crops_fixed_mass/e03f8076612cf21228f669af53bf9bda_img.png,1,0.8043045571587463
/root/autodl-tmp/CBIS/crops_fixed_mass/a216e036ce6350aa6f37d205ead7e5d4_img.png,0,0.31855644738617983
/root/autodl-tmp/CBIS/crops_fixed_mass/b2129b934854ee604529b14cfce1b4d8_img.png,0,0.28715968750338244
/root/autodl-tmp/CBIS/crops_fixed_mass/c2a002602c76e09aed1406138b2049be_img.png,0,0.06409711281841719
/root/autodl-tmp/CBIS/crops_fixed_mass/d6e6a36cb5a14c709a78c96b11f6922b_img.png,0,0.9647991997320244
/root/autodl-tmp/CBIS/crops_fixed_mass/ed1f070f5403fb01a3576dc297fa3136_img.png,0,0.9800150916695971
/root/autodl-tmp/CBIS/crops_fixed_mass/cdf750a6c0e78dc15a9e8dccf1db549e_img.png,0,0.08364804225711886
/root/autodl-tmp/CBIS/crops_fixed_mass/a9fcc0efde8c58fb6d05a5b889a2567f_img.png,0,0.13012224120808485
/root/autodl-tmp/CBIS/crops_fixed_mass/915f4d230f58dfb6a73f01c3dcc32f91_img.png,0,0.464135501975848
/root/autodl-tmp/CBIS/crops_fixed_mass/25b5e209466048b14949b75da24846e1_img.png,0,0.29048877070266577
/root/autodl-tmp/CBIS/crops_fixed_mass/c16ba60224e9f3c352d9b0d29e24c15f_img.png,0,0.038860122270605146
/root/autodl-tmp/CBIS/crops_fixed_mass/1346003b27e223858caa2b361d6604e6_img.png,0,0.4233808240230196
/root/autodl-tmp/CBIS/crops_fixed_mass/d65a5b64ce8eb33c4500f16fba631d11_img.png,1,0.1627659060845988
/root/autodl-tmp/CBIS/crops_fixed_mass/5f9f9d82e5a56926191604e1568d12ff_img.png,1,0.05963550330752609
/root/autodl-tmp/CBIS/crops_fixed_mass/95df606f575d067ef44fc06296180b3a_img.png,0,0.17310021132134407
/root/autodl-tmp/CBIS/crops_fixed_mass/41d25b02024ca6110d177a08158bbb76_img.png,0,0.08663067452301691
/root/autodl-tmp/CBIS/crops_fixed_mass/a51a7375e75f5b66edf1cd94b242e434_img.png,1,0.9836200579431589
/root/autodl-tmp/CBIS/crops_fixed_mass/019932d4308c9e1da7b91befe9d1793f_img.png,1,0.934355360187639
/root/autodl-tmp/CBIS/crops_fixed_mass/fa8304eb83aef3263c27e628c433a729_img.png,0,0.2457766247982316
/root/autodl-tmp/CBIS/crops_fixed_mass/632ff67b5e8df1279b8023e27c6ec152_img.png,0,0.2510991513573369
/root/autodl-tmp/CBIS/crops_fixed_mass/a610e03c94025bbab8bf1099b8ff73eb_img.png,1,0.5128267900873638
/root/autodl-tmp/CBIS/crops_fixed_mass/762a84e2750e0e00ff3926466d50c53b_img.png,1,0.9097011997738013
/root/autodl-tmp/CBIS/crops_fixed_mass/dc6a4a2b248b39eb3eeac2dc6c82f292_img.png,1,0.35454467632459924
/root/autodl-tmp/CBIS/crops_fixed_mass/17f5e7291910553939c1a39b1ef4408f_img.png,0,0.08908228499706604
/root/autodl-tmp/CBIS/crops_fixed_mass/a2b041fd7162d7d39eb79182e3b6247e_img.png,0,0.0004943216282752722
/root/autodl-tmp/CBIS/crops_fixed_mass/382886b84a76cd13db78d1d3242901d4_img.png,0,0.7483213004813899
/root/autodl-tmp/CBIS/crops_fixed_mass/5a59bf03a80479d2d1dda831b4bde1e6_img.png,0,0.5528421587377023
/root/autodl-tmp/CBIS/crops_fixed_mass/bb1a0bc8efce1b2136894b914d88df71_img.png,0,0.3205678487010835
/root/autodl-tmp/CBIS/crops_fixed_mass/f9fd01d37d2bbfc40bf575ca3cf6612d_img.png,0,0.09579374521394525
/root/autodl-tmp/CBIS/crops_fixed_mass/9afd691cd54ac3c8137d07c0382aff22_img.png,1,0.07440009648643958
/root/autodl-tmp/CBIS/crops_fixed_mass/78cb38bb6fdac0a3e9ea2048c39ce10d_img.png,1,0.6914158672916624
/root/autodl-tmp/CBIS/crops_fixed_mass/5bd3a6a205d4e0750859009f3278bc2b_img.png,0,0.6385971601031453
/root/autodl-tmp/CBIS/crops_fixed_mass/263f766acddc4f0cee6d9dda7fbfed3f_img.png,0,0.07891236820326115
/root/autodl-tmp/CBIS/crops_fixed_mass/8592464d01f4922ceaa204b63dbb7086_img.png,1,0.2912657787190479
/root/autodl-tmp/CBIS/crops_fixed_mass/cfb7c56d35fe0866b921c44920e1626e_img.png,1,0.27763327783841885
/root/autodl-tmp/CBIS/crops_fixed_mass/c93ea541be08f3d66442b397db5cee98_img.png,0,0.35591874082964114
/root/autodl-tmp/CBIS/crops_fixed_mass/84dfa32953a113e2726d983d960f7369_img.png,0,0.11806014114550566
/root/autodl-tmp/CBIS/crops_fixed_mass/bd4f0f4bfeb1c0722e0a27a4bb61a290_img.png,1,0.9548572187782101
/root/autodl-tmp/CBIS/crops_fixed_mass/848cac4e9961287c0e13122a166abc70_img.png,1,0.7411800445724598
/root/autodl-tmp/CBIS/crops_fixed_mass/7e58f9feb09ecff1f95ac33939629a5e_img.png,1,0.36263520277674627
/root/autodl-tmp/CBIS/crops_fixed_mass/631f5a3e60564463b698cd882f61cefb_img.png,1,0.24436227228348598
/root/autodl-tmp/CBIS/crops_fixed_mass/af8b94b4350642e7c3a4d8f1a34ccd9b_img.png,1,0.9869669018597155
/root/autodl-tmp/CBIS/crops_fixed_mass/a1afeb6e038baf4159783f210a54f98c_img.png,1,0.9217726867613601
/root/autodl-tmp/CBIS/crops_fixed_mass/c2776f6210f80627bf1fbd99cc652649_img.png,0,0.18738680083879417
/root/autodl-tmp/CBIS/crops_fixed_mass/d716514066fa68cd2741bd74452ce123_img.png,0,0.08925162592930569
/root/autodl-tmp/CBIS/crops_fixed_mass/be628d843f471e0548a190bb81094475_img.png,0,0.09224754156446267
/root/autodl-tmp/CBIS/crops_fixed_mass/e23c5702863d4d81a9a84b92e13eee00_img.png,1,0.5725995568977893
/root/autodl-tmp/CBIS/crops_fixed_mass/00eb0167b26c78b9433deb23114015ec_img.png,1,0.9648433624879962
/root/autodl-tmp/CBIS/crops_fixed_mass/72bcfd7095f608301d07ba5ad0997567_img.png,1,0.05686903692507546
/root/autodl-tmp/CBIS/crops_fixed_mass/0dbc43908622e2921e33fef1a45057fd_img.png,0,0.1828202397905268
/root/autodl-tmp/CBIS/crops_fixed_mass/7f128d6e91ef1ff03d79e08a3ff78dd7_img.png,0,0.035139433374390246
/root/autodl-tmp/CBIS/crops_fixed_mass/d36aa67af0ce6d5d42972c2f5d8071ce_img.png,0,0.288735656910837
/root/autodl-tmp/CBIS/crops_fixed_mass/8a5e2c26c22cdefdee49021fccce4d2f_img.png,0,0.2798924498516372
/root/autodl-tmp/CBIS/crops_fixed_mass/debb8fa4133d99d08a7b8257c89b9885_img.png,0,0.23627762709802785
/root/autodl-tmp/CBIS/crops_fixed_mass/9323664448e9c0a7a60ece99d2ef3395_img.png,0,0.1254098543093225
/root/autodl-tmp/CBIS/crops_fixed_mass/5437e3bce96e08bdc1e3d78e8d562bd7_img.png,1,0.745347993419985
/root/autodl-tmp/CBIS/crops_fixed_mass/35ff1c1c2a812ecacc128921eca4487f_img.png,1,0.8454741024952592
/root/autodl-tmp/CBIS/crops_fixed_mass/9f77734cc79402e36ad154330e80feec_img.png,0,0.07113590219306486
/root/autodl-tmp/CBIS/crops_fixed_mass/90d83dccbd5656989f45902c759eeb3f_img.png,0,0.09593185311793172
/root/autodl-tmp/CBIS/crops_fixed_mass/2324c4e713be26d4f85a9c52643bf32b_img.png,0,0.1292820552489061
/root/autodl-tmp/CBIS/crops_fixed_mass/8d4a945fec338efa09d929b9ef1ca026_img.png,0,0.011725771306216423
/root/autodl-tmp/CBIS/crops_fixed_mass/a71499bb7afccb10016bf0f7556673b7_img.png,1,0.4877271147292846
/root/autodl-tmp/CBIS/crops_fixed_mass/3103e8b37277442b9299e2b6e47518ea_img.png,1,0.4215371720757071
/root/autodl-tmp/CBIS/crops_fixed_mass/1a11317bfe50910c66d89b2c0b01375e_img.png,1,0.983996687142518
/root/autodl-tmp/CBIS/crops_fixed_mass/57e60f248b3c0e52f31a9a26839e5468_img.png,1,0.9347609269611646
/root/autodl-tmp/CBIS/crops_fixed_mass/d23d2ca594d41af24dbd28479aad4750_img.png,0,0.02963388018357639
/root/autodl-tmp/CBIS/crops_fixed_mass/a4080317fd7211257c4b5a3c51fcde62_img.png,0,0.038122950908371527
/root/autodl-tmp/CBIS/crops_fixed_mass/1e02a1c165275f6116a77726e156f2f5_img.png,0,0.095039233043089
/root/autodl-tmp/CBIS/crops_fixed_mass/9b8b0cd73b115bd7cb058d03a5f5dedc_img.png,0,0.35323102498377024
/root/autodl-tmp/CBIS/crops_fixed_mass/aef2ab9bd312a405523cc303d412680b_img.png,0,0.03957519767708104
/root/autodl-tmp/CBIS/crops_fixed_mass/8f182dfc390b9bd4bfaac9925642f368_img.png,0,0.3167897620638466
/root/autodl-tmp/CBIS/crops_fixed_mass/e4b6c32b8083d69b09d2642ed2766a4e_img.png,0,0.23539018376461823
/root/autodl-tmp/CBIS/crops_fixed_mass/a426220fea0a3a103777dc017fe40ebe_img.png,0,0.3104418409890908
/root/autodl-tmp/CBIS/crops_fixed_mass/e980d8b7f22a60be9512f95fadd1e7b7_img.png,1,0.8464752654651279
/root/autodl-tmp/CBIS/crops_fixed_mass/33233a3f2f5c65ce5ff713ebda819c63_img.png,1,0.8077113650896153
/root/autodl-tmp/CBIS/crops_fixed_mass/912eb09eaab373f1e91cec85339db469_img.png,1,0.22445787834986694
/root/autodl-tmp/CBIS/crops_fixed_mass/92fbc3cdb67202a0b32e09387fe7c910_img.png,1,0.6312360919829119
/root/autodl-tmp/CBIS/crops_fixed_mass/3be301de8102ccdd96d7c85c73dbff55_img.png,1,0.4995037793975071
/root/autodl-tmp/CBIS/crops_fixed_mass/edea4641ddf4f9295fbb2dca4a4c76cb_img.png,0,0.07710217146372587
/root/autodl-tmp/CBIS/crops_fixed_mass/e48133ee418686fb6ff8733f6a81d1d1_img.png,0,0.05388917245539353
/root/autodl-tmp/CBIS/crops_fixed_mass/c8929ba094c25df70ff393859ef84536_img.png,1,0.993895290127998
/root/autodl-tmp/CBIS/crops_fixed_mass/6d05a0b5030096fc41bea264d02684ad_img.png,1,0.97487390495785
/root/autodl-tmp/CBIS/crops_fixed_mass/bac9d6bf3cf0ba195d2fe6acb498534b_img.png,1,0.9004090774390878
/root/autodl-tmp/CBIS/crops_fixed_mass/96aae221f9d8ad848329aa335c899df6_img.png,1,0.6607304550823848
/root/autodl-tmp/CBIS/crops_fixed_mass/9024d943a4a17d15417e9c7fb98e928f_img.png,1,0.1610995526652061
/root/autodl-tmp/CBIS/crops_fixed_mass/0c7857e3d6de9ae23ea9c627b52c3518_img.png,0,0.0796246638859998
/root/autodl-tmp/CBIS/crops_fixed_mass/e33191cfa7020044611ffb078e3deda7_img.png,0,0.13585181296141755
/root/autodl-tmp/CBIS/crops_fixed_mass/ff0c26b55074119fbab1960a29604d00_img.png,0,0.7558148864993471
/root/autodl-tmp/CBIS/crops_fixed_mass/658b2eccb7d09421d63aa58652ed6a27_img.png,0,0.09578836448830094
/root/autodl-tmp/CBIS/crops_fixed_mass/d8e461f48d972ea335e5c4f3c676e2e9_img.png,0,0.01957711139702163
/root/autodl-tmp/CBIS/crops_fixed_mass/505a67a3747bf3aa5099936cf9885026_img.png,1,0.9936490557844193
/root/autodl-tmp/CBIS/crops_fixed_mass/d0f99d193feb5ce21ac424b43bed844a_img.png,1,0.9945953820773715
/root/autodl-tmp/CBIS/crops_fixed_mass/1f26b8a46072ba1573e490aabc24dfb7_img.png,1,0.8992928699465137
/root/autodl-tmp/CBIS/crops_fixed_mass/19e73baba54959edade4b4b56dfb8d07_img.png,1,0.6852958038391698
/root/autodl-tmp/CBIS/crops_fixed_mass/b6af43b83c1386224d20f0a0b226e249_img.png,1,0.7307568662627216
/root/autodl-tmp/CBIS/crops_fixed_mass/70761c9c2c0b2c6076b134e78482b549_img.png,0,0.08700958366441558
/root/autodl-tmp/CBIS/crops_fixed_mass/2823a9aa7b911b1f9df27c1708cfc2ac_img.png,0,0.19312916959502816
/root/autodl-tmp/CBIS/crops_fixed_mass/4390c9251e50b1c636e1afa11b3f673a_img.png,1,0.8668766522860535
/root/autodl-tmp/CBIS/crops_fixed_mass/554327d47f142dcd1b0ca84d020998a5_img.png,1,0.7191105637931124
/root/autodl-tmp/CBIS/crops_fixed_mass/2ab0a14806aece52d350bfc462583aa4_img.png,1,0.9915693102617026
/root/autodl-tmp/CBIS/crops_fixed_mass/dc5617cf895a505c5c6f388f6d2e691e_img.png,1,0.9496159072440331
/root/autodl-tmp/CBIS/crops_fixed_mass/8f54bebae12adca417f9a405f061053f_img.png,0,0.37460343735353624
/root/autodl-tmp/CBIS/crops_fixed_mass/9a22f49d1344bb2e4f83cfa355481532_img.png,0,0.1408221092061983
/root/autodl-tmp/CBIS/crops_fixed_mass/04268793a75f5d6b6917280dbeb41b34_img.png,1,0.9196178468139414
/root/autodl-tmp/CBIS/crops_fixed_mass/ceed3b28bf851787cb0b62d0144c719f_img.png,1,0.936499831469193
/root/autodl-tmp/CBIS/crops_fixed_mass/49aebdceddfe8c45d9d22097dbaa5d6f_img.png,0,0.6408629535037887
/root/autodl-tmp/CBIS/crops_fixed_mass/275f957fef8fc179c047c74a22e0ca0a_img.png,0,0.9645318993074788
/root/autodl-tmp/CBIS/crops_fixed_mass/98e5aae7d7d41c6dffb8760efe69e3d3_img.png,1,0.6400294618375199
/root/autodl-tmp/CBIS/crops_fixed_mass/a0434b2a60079dd5119b7069c46d9e96_img.png,1,0.02460925647413685
/root/autodl-tmp/CBIS/crops_fixed_mass/b735da70ed99f773cbe93771e9eb8b1e_img.png,1,0.045576107797959044
/root/autodl-tmp/CBIS/crops_fixed_mass/b2183b4f3272f1d1c1578ae147beb55c_img.png,1,0.0017698466782542289
/root/autodl-tmp/CBIS/crops_fixed_mass/adf38c380820dd31ed16a6bd19e51dfc_img.png,1,0.19806448610897046
/root/autodl-tmp/CBIS/crops_fixed_mass/f40234703759b1ab7796f203fec1ed0d_img.png,1,0.297788350148121
/root/autodl-tmp/CBIS/crops_fixed_mass/c77bca16fec9d9553a827525102e8b44_img.png,0,0.14411630534479455
/root/autodl-tmp/CBIS/crops_fixed_mass/c7bba871c124afcee800bb738955801b_img.png,0,0.3827365274898349
/root/autodl-tmp/CBIS/crops_fixed_mass/8fd9ea0cf3a43eb0f53fb05d29621f67_img.png,1,0.6867864939372087
/root/autodl-tmp/CBIS/crops_fixed_mass/fcb9f458e08932a216a48d6b4a2a9643_img.png,1,0.6529764780440525
/root/autodl-tmp/CBIS/crops_fixed_mass/3fa1d0adbc69d40ef7abeb08c5499e3a_img.png,0,0.040099964692488735
/root/autodl-tmp/CBIS/crops_fixed_mass/73f012ed9f5263acf186dfdabb858d18_img.png,0,0.08419611547275278
/root/autodl-tmp/CBIS/crops_fixed_mass/914363564ac410f7f31d287e9160783d_img.png,0,0.19082031071971983
/root/autodl-tmp/CBIS/crops_fixed_mass/74d3f4932c52b596b8087a37f489b2e1_img.png,0,0.011748779593044045
/root/autodl-tmp/CBIS/crops_fixed_mass/ce24857fe7adaf615e5907e8be122081_img.png,0,0.08163327951984173
/root/autodl-tmp/CBIS/crops_fixed_mass/13f4e2ae33ac49b114a4fd7e00f0eef3_img.png,0,0.5003657785542469
/root/autodl-tmp/CBIS/crops_fixed_mass/1b9c5fab401f62684e6af7983e0c2d67_img.png,0,0.2533821179040493
/root/autodl-tmp/CBIS/crops_fixed_mass/2a53388534adcee398aeda608f9cf808_img.png,0,0.31404665360588646
/root/autodl-tmp/CBIS/crops_fixed_mass/5f033ac6fff748c66a14d36f79dfd597_img.png,0,0.03697651266151331
/root/autodl-tmp/CBIS/crops_fixed_mass/2f729b1f2111042165fb27ab8da957d6_img.png,0,0.7243796135330908
/root/autodl-tmp/CBIS/crops_fixed_mass/e4697a9a6459cb0c63869b5d6668de15_img.png,0,0.4606849416649081
/root/autodl-tmp/CBIS/crops_fixed_mass/10bf16d7a82fc702c633f5e796fbf81e_img.png,0,0.7351399763151957
/root/autodl-tmp/CBIS/crops_fixed_mass/bf890a219f9cfe425238fd096ae0f796_img.png,0,0.6121047094611602
/root/autodl-tmp/CBIS/crops_fixed_mass/efa40d65330092e1e7f81fbe91862398_img.png,0,0.3110260375849695
/root/autodl-tmp/CBIS/crops_fixed_mass/3146b471c1660660ba35402248eb1ad2_img.png,0,0.6074929793783332
/root/autodl-tmp/CBIS/crops_fixed_mass/fd6779a57f2be1bee0e333dd9a944716_img.png,0,0.5158989109189923
/root/autodl-tmp/CBIS/crops_fixed_mass/1e7937818e254f9a2270b07be27c432c_img.png,0,0.03577027118290355
/root/autodl-tmp/CBIS/crops_fixed_mass/ba9f0cf657d0ba0a5d8066f2157ffc20_img.png,0,0.5405189993984945
/root/autodl-tmp/CBIS/crops_fixed_mass/de82167ce80abf322ff5e76923d82e3f_img.png,0,0.3473309739405559
/root/autodl-tmp/CBIS/crops_fixed_mass/eb8e0b44e7b70b1c5658a8f92ee1483d_img.png,0,0.13109509394033383
/root/autodl-tmp/CBIS/crops_fixed_mass/3d144e37faf36339bdec9365a0f001cc_img.png,1,0.9977749288645285
/root/autodl-tmp/CBIS/crops_fixed_mass/1d6055d7c4c8960ca18067aa51cefc69_img.png,1,0.9907398805297244
/root/autodl-tmp/CBIS/crops_fixed_mass/66993ff7c88829f0c3e7a35d51cb84c8_img.png,1,0.7125678774274664
/root/autodl-tmp/CBIS/crops_fixed_mass/c2612d218cb58cd27b7015462b8767ff_img.png,0,0.14080524449666093
/root/autodl-tmp/CBIS/crops_fixed_mass/3073192caaf510757fbe4aa1ca8f9db4_img.png,0,0.0486174615652737
/root/autodl-tmp/CBIS/crops_fixed_mass/c925ae307706fcf5d3da06ed498fad7a_img.png,0,0.05389471823424168
/root/autodl-tmp/CBIS/crops_fixed_mass/1aec2a28727bab16e0b77a171e28d4ae_img.png,0,0.7407086035358774
/root/autodl-tmp/CBIS/crops_fixed_mass/5752e027043d36e5483f18f1752eeef7_img.png,0,0.9764261004857904
/root/autodl-tmp/CBIS/crops_fixed_mass/7ec4771ae5966657af01e522f70078af_img.png,0,0.17296705519130054
/root/autodl-tmp/CBIS/crops_fixed_mass/dfb0484d8fff26d7aebdd1237671f16a_img.png,1,0.05076010691302489
/root/autodl-tmp/CBIS/crops_fixed_mass/dd6b0f03ba9902f25f6d50013c72762f_img.png,1,0.9674274451304301
/root/autodl-tmp/CBIS/crops_fixed_mass/1875e8ee466194f1632ef6ef96b31c23_img.png,1,0.8545739567016831
/root/autodl-tmp/CBIS/crops_fixed_mass/1859afbac5589caf357913e93d018f09_img.png,1,0.6346921094119798
/root/autodl-tmp/CBIS/crops_fixed_mass/8e2815b68245dc2951d889a905427150_img.png,1,0.26128435807751993
/root/autodl-tmp/CBIS/crops_fixed_mass/8676053862a2b9ce008ef5d54dd73ce5_img.png,0,0.12001479745484943
/root/autodl-tmp/CBIS/crops_fixed_mass/6f80953535b816d1d1e8579edd4ea097_img.png,0,0.22884956720306784
/root/autodl-tmp/CBIS/crops_fixed_mass/5d2694e2710913d794bed1a3f9b7e7dc_img.png,1,0.8314313655123787
/root/autodl-tmp/CBIS/crops_fixed_mass/f39d7aef05c7ed99f42fd205efa00ba2_img.png,1,0.7181665952709592
/root/autodl-tmp/CBIS/crops_fixed_mass/5e5c5dc06ea5da279c85442154587eb3_img.png,1,0.2566353659468648
/root/autodl-tmp/CBIS/crops_fixed_mass/54faedf815c6212ee0a93503ddd7024a_img.png,1,0.7261333255211686
/root/autodl-tmp/CBIS/crops_fixed_mass/196a8f85d3dc9fae06c420b3ee3de306_img.png,1,0.6793248879027926
/root/autodl-tmp/CBIS/crops_fixed_mass/a119957a4140d3eaea8241f88f48a574_img.png,1,0.8073788522538353
/root/autodl-tmp/CBIS/crops_fixed_mass/d75ea9f2c555f35277519913aec4a837_img.png,1,0.5331524813322702
/root/autodl-tmp/CBIS/crops_fixed_mass/e83bdafed21f145aa8525004675bf209_img.png,1,0.49630227847495567
/root/autodl-tmp/CBIS/crops_fixed_mass/d1c34f038a4a4342c6afb353a1e56719_img.png,0,0.01565139427416115
/root/autodl-tmp/CBIS/crops_fixed_mass/8d3dfc0f2b22eb7638af0837801f7a21_img.png,0,0.05092618295679393
/root/autodl-tmp/CBIS/crops_fixed_mass/e12695f1771ae66816bf1732906ff1a1_img.png,0,0.6360289011935986
/root/autodl-tmp/CBIS/crops_fixed_mass/362af5fedf947a7e9b1d695aacea6170_img.png,0,0.18942437800960638
/root/autodl-tmp/CBIS/crops_fixed_mass/729310a90b445d07a1152537842a48b6_img.png,0,0.10267754240259051
/root/autodl-tmp/CBIS/crops_fixed_mass/2f0967b850802a102aa611cc29867014_img.png,1,0.9908210792232751
/root/autodl-tmp/CBIS/crops_fixed_mass/a4ea323807591d04e8806ad70235ae88_img.png,1,0.9930383617397596
/root/autodl-tmp/CBIS/crops_fixed_mass/30f940b7adfb9dffbbe76ddbc45cc8b8_img.png,1,0.9465272705632312
/root/autodl-tmp/CBIS/crops_fixed_mass/04b7a56d99956b811a26feaff00785e2_img.png,1,0.9917576139191274
/root/autodl-tmp/CBIS/crops_fixed_mass/ab45ed0c37c7d5065def581c069d931b_img.png,1,0.7227309599106835
/root/autodl-tmp/CBIS/crops_fixed_mass/34862fad70d3829a72cadf65688e0885_img.png,1,0.9636880938462303
/root/autodl-tmp/CBIS/crops_fixed_mass/274729356517730d0526171a33671e34_img.png,0,0.0426621118435308
/root/autodl-tmp/CBIS/crops_fixed_mass/36aa9f4e50576910bbae5c4dbc3a74a5_img.png,0,0.6096701490522808
/root/autodl-tmp/CBIS/crops_fixed_mass/e76679e4dc38c0b139075b6314d53b9e_img.png,1,0.8860318392130132
/root/autodl-tmp/CBIS/crops_fixed_mass/7322b54347570d765e309165aa21df63_img.png,1,0.9963341290290235
/root/autodl-tmp/CBIS/crops_fixed_mass/a6b3a3ff0ca8b3d4185152ed5e788a1b_img.png,1,0.9939285439637466
/root/autodl-tmp/CBIS/crops_fixed_mass/fbea3fec6bd0e2f43b0956d0a07d4733_img.png,0,0.3216355272003961
/root/autodl-tmp/CBIS/crops_fixed_mass/f29c7e8360459d1d13aea5dc0b71e294_img.png,0,0.29336834382789484
/root/autodl-tmp/CBIS/crops_fixed_mass/cb61f732710611ee979db5392bb3fd34_img.png,0,0.06435369922713266
/root/autodl-tmp/CBIS/crops_fixed_mass/d3659708d4c15208007ebb1a03c3e202_img.png,1,0.87940147496699
/root/autodl-tmp/CBIS/crops_fixed_mass/02f1254e861f2fd4052290db13588c60_img.png,1,0.6086542465860694
/root/autodl-tmp/CBIS/crops_fixed_mass/7e138554efb080890ef3d66a0e5f22b9_img.png,1,0.852269928516738
/root/autodl-tmp/CBIS/crops_fixed_mass/497e74b811cb00e659690ea8ee7d6a8d_img.png,1,0.5450121696251119
/root/autodl-tmp/CBIS/crops_fixed_mass/20b302e9ab492404a1643dce6dd137f4_img.png,1,0.12844709178257294
/root/autodl-tmp/CBIS/crops_fixed_mass/e6450940369cea951638814bb377e34a_img.png,1,0.9517396268577766
/root/autodl-tmp/CBIS/crops_fixed_mass/7d8f71f77bb567db950108c69ee0f136_img.png,0,0.23737087950990762
/root/autodl-tmp/CBIS/crops_fixed_mass/1f2d20ea90b68377b1df2d5c441ea10d_img.png,0,0.068468144554341
/root/autodl-tmp/CBIS/crops_fixed_mass/2baafef9bb81777b5ac5f7e2484a8b71_img.png,1,0.6471393516127848
/root/autodl-tmp/CBIS/crops_fixed_mass/c9cdb481cb7b148051f3b1021967fc9e_img.png,1,0.7836539961906179
/root/autodl-tmp/CBIS/crops_fixed_mass/a992483bfaff79317d1bee5bac0545fb_img.png,1,0.5192206578928779
/root/autodl-tmp/CBIS/crops_fixed_mass/33348e91f4a899113ecb93a62f1ec124_img.png,0,0.9499668008926152
/root/autodl-tmp/CBIS/crops_fixed_mass/ab7cf46134de1ea131d6e1a5681ead3f_img.png,0,0.07487222732178855
/root/autodl-tmp/CBIS/crops_fixed_mass/a161ed246670ae8f1ec13f0745b508d0_img.png,0,0.08569818139138416
/root/autodl-tmp/CBIS/crops_fixed_mass/e98ddc5e25c0adffcf8805aa914c4c82_img.png,0,0.07717537655882667
/root/autodl-tmp/CBIS/crops_fixed_mass/f48369bd924d4083c580c6fb87ddb35b_img.png,0,0.3774534806839559
/root/autodl-tmp/CBIS/crops_fixed_mass/891e96c0e8d70c72b55a8fa0c83621ed_img.png,0,0.11828633758504979
/root/autodl-tmp/CBIS/crops_fixed_mass/34fafeddb18746f0191e49c15e010cca_img.png,0,0.19513067048189361
/root/autodl-tmp/CBIS/crops_fixed_mass/151c17875dd2698a688f319c09cb4ea8_img.png,0,0.24816315038351242
/root/autodl-tmp/CBIS/crops_fixed_mass/89c4a6f467e6e7d4b73d7290c4928fc0_img.png,1,0.05041880068209789
/root/autodl-tmp/CBIS/crops_fixed_mass/2d65b9506e20f7eb60ed2920755ce8c5_img.png,1,0.7205552864040867
/root/autodl-tmp/CBIS/crops_fixed_mass/f81c373e541c9207e45665371d610af1_img.png,0,0.49255283742307987
/root/autodl-tmp/CBIS/crops_fixed_mass/58f6db638f07d77020bfda695adbce22_img.png,0,0.08830791446836019
/root/autodl-tmp/CBIS/crops_fixed_mass/bb8ba0f1d7c38571d0af046c55db1e63_img.png,0,0.7039177579084611
/root/autodl-tmp/CBIS/crops_fixed_mass/a0793693cb862fda02c49743bd8fee5e_img.png,0,0.2968595639020023
/root/autodl-tmp/CBIS/crops_fixed_mass/f9910123269b70a9154186bd82182e39_img.png,0,0.1004464437669171
/root/autodl-tmp/CBIS/crops_fixed_mass/21bd10807cfd2df20325731926fe3636_img.png,1,0.9440580368532772
/root/autodl-tmp/CBIS/crops_fixed_mass/123087dbdfc5c3bf2933073db1459f32_img.png,1,0.76811751667748
/root/autodl-tmp/CBIS/crops_fixed_mass/b3ad7a5f2cb361faf8606b2004e9fc1a_img.png,1,0.5365642120790698
/root/autodl-tmp/CBIS/crops_fixed_mass/915a3b7d5309fffca5728fa51eee7d61_img.png,0,0.35739609486027035
/root/autodl-tmp/CBIS/crops_fixed_mass/f04a7396b13ac7b9f4f7b181619d9d8f_img.png,0,0.20724721628530024
/root/autodl-tmp/CBIS/crops_fixed_mass/f34c8e95a904ccc823326e6991605d42_img.png,1,0.6637456313998434
/root/autodl-tmp/CBIS/crops_fixed_mass/bea601b20dbafaa71286e9d5ff99b8d0_img.png,1,0.7276319641840947
/root/autodl-tmp/CBIS/crops_fixed_mass/a95e6863780bbe64af6e3f9488bdf2a7_img.png,1,0.6491973988585338
/root/autodl-tmp/CBIS/crops_fixed_mass/ce5c405b4e305ac657cce836da1da2e2_img.png,1,0.724864298105032
/root/autodl-tmp/CBIS/crops_fixed_mass/5a6efb9861fc893139c76007f89d3797_img.png,0,0.9178313060107454
/root/autodl-tmp/CBIS/crops_fixed_mass/b70ce24928ea22afe0f9384f87fd9e38_img.png,0,0.12145676078424457
/root/autodl-tmp/CBIS/crops_fixed_mass/eee4256860040677875b1df7c7b603ec_img.png,0,0.0984169911747343
/root/autodl-tmp/CBIS/crops_fixed_mass/b0b3d60fb91e93d55abebda7f92d7433_img.png,0,0.3163132113036686
/root/autodl-tmp/CBIS/crops_fixed_mass/3283b4f88576a3b9f8990d70c8a428e9_img.png,1,0.7863808103844199
/root/autodl-tmp/CBIS/crops_fixed_mass/a3927540780172e0de6e93d4055f1deb_img.png,1,0.6624797016365497
/root/autodl-tmp/CBIS/crops_fixed_mass/b0f30ae45ec4c69a9c8ba28c03f7128e_img.png,1,0.3693372802717149
/root/autodl-tmp/CBIS/crops_fixed_mass/bdd8318764b91b82140eeb2ae82afc5a_img.png,1,0.4933768731630279
/root/autodl-tmp/CBIS/crops_fixed_mass/994e5a66988a8498ee04a3848996f364_img.png,1,0.7680530582604986
/root/autodl-tmp/CBIS/crops_fixed_mass/a7be7420f8697adcf8af9964a6211869_img.png,1,0.6176729275632191
/root/autodl-tmp/CBIS/crops_fixed_mass/13e5d46eae8a2f04593c504f1f264a67_img.png,1,0.4380759782413654
/root/autodl-tmp/CBIS/crops_fixed_mass/b23a44e113dfb8ca082c1e9d4433fb2f_img.png,1,0.8627450110456876
/root/autodl-tmp/CBIS/crops_fixed_mass/a0d18bdbb6eb2fd318716abc940ff8d9_img.png,1,0.8260937140282437
/root/autodl-tmp/CBIS/crops_fixed_mass/2fd57ace8f16b134184b6d66f8297c92_img.png,0,0.3163788135161983
/root/autodl-tmp/CBIS/crops_fixed_mass/74397a96aa5abc312f43ca559727f6bd_img.png,0,0.12329877677925437
/root/autodl-tmp/CBIS/crops_fixed_mass/b0aa3a5af81b41ca85e8e7cc9e3f2d6b_img.png,0,0.1998476797249001
/root/autodl-tmp/CBIS/crops_fixed_mass/c3732a274fc0cd4b04c8ee93d1b4b592_img.png,1,0.5485779904485338
/root/autodl-tmp/CBIS/crops_fixed_mass/a912eb016f5616e1cf501445750a77e2_img.png,1,0.5181741438424313
/root/autodl-tmp/CBIS/crops_fixed_mass/edc18f9d31be33a4d34b0abe18c53562_img.png,1,0.8456837791538535
/root/autodl-tmp/CBIS/crops_fixed_mass/eb2f2c42478ed2fe42334b92f483cf84_img.png,1,0.8921468417919174
/root/autodl-tmp/CBIS/crops_fixed_mass/6e413a2aa63d77f73ebfcbd633162b45_img.png,0,0.26840162554708086
/root/autodl-tmp/CBIS/crops_fixed_mass/fad05566c5c68852b531c001881c2e06_img.png,0,0.4083278420884371
/root/autodl-tmp/CBIS/crops_fixed_mass/35113b8d22c1f0514cf450793778186c_img.png,0,0.023131350636893668
/root/autodl-tmp/CBIS/crops_fixed_mass/2e467a587eb8480e88fbf7e6a5a2e761_img.png,0,0.09303283986283599
/root/autodl-tmp/CBIS/crops_fixed_mass/b4a66cf527abc6ddb67b49da547e7a7a_img.png,0,0.2481357514071342
/root/autodl-tmp/CBIS/crops_fixed_mass/ecbd9d572452e39a9e0952c63e09fecb_img.png,0,0.28535091235294247
/root/autodl-tmp/CBIS/crops_fixed_mass/4c95ca6f86bbb786c32d04c2cb74d1b8_img.png,0,0.2996794343415908
/root/autodl-tmp/CBIS/crops_fixed_mass/fae12d2e7647e261cf39ef1e715c851d_img.png,0,0.14868176542288367
/root/autodl-tmp/CBIS/crops_fixed_mass/98b3fd742b441100d08e8f348455b9d3_img.png,0,0.03253207334840702
/root/autodl-tmp/CBIS/crops_fixed_mass/7e8dc3c1ed269d73b97c49efa0069beb_img.png,0,0.1026535637516829
/root/autodl-tmp/CBIS/crops_fixed_mass/aa236f62bf608170b5b49a92f38e4c6f_img.png,0,0.8832567495340682
/root/autodl-tmp/CBIS/crops_fixed_mass/f36fc021927bc99148c6ec2300eaa7ef_img.png,0,0.12981993397972652
/root/autodl-tmp/CBIS/crops_fixed_mass/4fd6f7e31ba88403a04524207b2753f1_img.png,0,0.04725228740122172
/root/autodl-tmp/CBIS/crops_fixed_mass/73747facb193b6c8914fcde26a279be5_img.png,0,0.09212390827162838
/root/autodl-tmp/CBIS/crops_fixed_mass/b23089b4bbbd9826e997f97dfdb8e33e_img.png,0,0.04746019960799076
/root/autodl-tmp/CBIS/crops_fixed_mass/c9e55ed5d44c9d17a58dd166a2ee99e5_img.png,1,0.9464119180544384
/root/autodl-tmp/CBIS/crops_fixed_mass/2e98e5b40c5c82c6526ca18e19a6d443_img.png,1,0.9575004103747348
/root/autodl-tmp/CBIS/crops_fixed_mass/cdfe7722b51735f9069a377f0fb7ef5e_img.png,1,0.9958457242337598
/root/autodl-tmp/CBIS/crops_fixed_mass/798bab24a10c321c0337f4f09bce4cbd_img.png,1,0.9920988454429627
/root/autodl-tmp/CBIS/crops_fixed_mass/90f68a3415cf8c350b2e0c4404badc46_img.png,1,0.5311569293910768
/root/autodl-tmp/CBIS/crops_fixed_mass/781428dd4b8dfbdff2e38dced5246542_img.png,1,0.4080340456966231
/root/autodl-tmp/CBIS/crops_fixed_mass/7f314e66228579002260e5de81acae9a_img.png,1,0.3409616585434351
/root/autodl-tmp/CBIS/crops_fixed_mass/ecfd415b9a54af746f89a1e9004553aa_img.png,0,0.07689249937064761
/root/autodl-tmp/CBIS/crops_fixed_mass/67e0679231a08b222978f1af0954411a_img.png,0,0.0825248203746362
/root/autodl-tmp/CBIS/crops_fixed_mass/d67aa254a9a7f3c4a82622afdca49cea_img.png,0,0.013910774487403379
/root/autodl-tmp/CBIS/crops_fixed_mass/e89f7aea03718a00f4245fa52acfb167_img.png,1,0.28472963276103286
/root/autodl-tmp/CBIS/crops_fixed_mass/bead21478853986fee650e1a0cb3dfc8_img.png,1,0.516167341524965
/root/autodl-tmp/CBIS/crops_fixed_mass/b2c1262429aab14a1341b6d169a6172b_img.png,1,0.6090825439108597
/root/autodl-tmp/CBIS/crops_fixed_mass/04d867493caee5adca95567c7e7289ff_img.png,1,0.1569657527644683
/root/autodl-tmp/CBIS/crops_fixed_mass/4a15b23a4db7e339c7bd970ddbd3268f_img.png,0,0.4839058939866835
/root/autodl-tmp/CBIS/crops_fixed_mass/83069a3d393990981f6898a9de18e724_img.png,0,0.7029572205791385
/root/autodl-tmp/CBIS/crops_fixed_mass/654054ca19d681ffae8143bb83601d22_img.png,0,0.06483623469562112
/root/autodl-tmp/CBIS/crops_fixed_mass/052d13e41bbd3e2bec71fb398fb30e55_img.png,0,0.5321920256688595
/root/autodl-tmp/CBIS/crops_fixed_mass/b8857fcbce1f1804927ea129f9daa763_img.png,0,0.019991129209163256
/root/autodl-tmp/CBIS/crops_fixed_mass/e8048ba33b760663d0480656b37d8dcc_img.png,0,0.1725768661971276
/root/autodl-tmp/CBIS/crops_fixed_mass/c87cd3a62ebed9ba2fe7dc0bfd2b5cd2_img.png,0,0.4306075763006691
/root/autodl-tmp/CBIS/crops_fixed_mass/24cac033c7c290940076466db96b5dda_img.png,0,0.11949661645201812
/root/autodl-tmp/CBIS/crops_fixed_mass/7aac2a43dc4de1471e74a8dd034a89f9_img.png,0,0.45084469680408934
/root/autodl-tmp/CBIS/crops_fixed_mass/7afd2c5c0d52a4d71d6c76587a9bb8c0_img.png,1,0.8782778414088049
/root/autodl-tmp/CBIS/crops_fixed_mass/e2da41476a00377e86eee53e99e7a328_img.png,0,0.037957645285821434
/root/autodl-tmp/CBIS/crops_fixed_mass/d2a6aed35b3e64b2bec35c5a485af69e_img.png,0,0.1815777329049303
/root/autodl-tmp/CBIS/crops_fixed_mass/a821fb9aa8b15e5c7eeaac4192ce250c_img.png,0,0.025750091535278692
/root/autodl-tmp/CBIS/crops_fixed_mass/b6c1e7d8127a67c105a380d11cf5528d_img.png,0,0.02707005535896891
/root/autodl-tmp/CBIS/crops_fixed_mass/ab550faaa42605bcabf5718878330946_img.png,0,0.35871268725484123
/root/autodl-tmp/CBIS/crops_fixed_mass/e93e657c2b340b30f8f83347f227ef71_img.png,0,0.30360988119451987
/root/autodl-tmp/CBIS/crops_fixed_mass/b9f014a3b4cb09fcaf439607257c8322_img.png,0,0.10514357076159558
/root/autodl-tmp/CBIS/crops_fixed_mass/bf77988ca00e045555940e98740fdc43_img.png,0,0.03786716685424325
/root/autodl-tmp/CBIS/crops_fixed_mass/86e50a4e51889b666180e7a26df675d4_img.png,1,0.6959849359699962
/root/autodl-tmp/CBIS/crops_fixed_mass/3260e80fdf65da5f2276e36c937d219a_img.png,1,0.4779161011952435
/root/autodl-tmp/CBIS/crops_fixed_mass/6f1aeb30cfa4f6fa85a1beb668e7fc95_img.png,1,0.9265971843128818
/root/autodl-tmp/CBIS/crops_fixed_mass/df883650811cee2c04bb637212f7a63e_img.png,1,0.77369614844022
/root/autodl-tmp/CBIS/crops_fixed_mass/94c85375aa003153cb882d78a4e024b3_img.png,1,0.9848291475229439
/root/autodl-tmp/CBIS/crops_fixed_mass/d14cbd109996f399ad04400a88c51a16_img.png,1,0.9735028719743228
/root/autodl-tmp/CBIS/crops_fixed_mass/fe8aa9a53c980127f97de61252e37ab9_img.png,0,0.8457983660678552
/root/autodl-tmp/CBIS/crops_fixed_mass/c0867337bb6ec70c6e53adbab174a680_img.png,0,0.7228132806225305
/root/autodl-tmp/CBIS/crops_fixed_mass/c40eb6669b87396cc95968fbea8052a2_img.png,1,0.6872609177121459
/root/autodl-tmp/CBIS/crops_fixed_mass/9a2d9d163bb37ac123a9556f66aa5bb9_img.png,1,0.7809411952884391
/root/autodl-tmp/CBIS/crops_fixed_mass/16441fd0c29416dbdf44315e164efa30_img.png,0,0.08979039287464172
/root/autodl-tmp/CBIS/crops_fixed_mass/fa023577ce28ee550e85a25af6439ef8_img.png,0,0.011217159792715174
/root/autodl-tmp/CBIS/crops_fixed_mass/f855a8c775e43dfa34d23341cbbffd82_img.png,0,0.02877190614109757
/root/autodl-tmp/CBIS/crops_fixed_mass/7ca2c8576c98b308e307f6234b2e18e4_img.png,0,0.254706697676128
/root/autodl-tmp/CBIS/crops_fixed_mass/f5f1ec2a8eb0d48be893b591add83c48_img.png,0,0.3117837108825768
/root/autodl-tmp/CBIS/crops_fixed_mass/19bbf86a21b03e04d2f92431f76d590a_img.png,1,0.7122192212066424
/root/autodl-tmp/CBIS/crops_fixed_mass/366c857d0e8ae61c9d3038157e8c307f_img.png,0,0.23785894542408453
/root/autodl-tmp/CBIS/crops_fixed_mass/d57315786c3d5b63bc73152abce95085_img.png,0,0.1116663355867006
/root/autodl-tmp/CBIS/crops_fixed_mass/fdbe179113bb9e353baa454e0f467943_img.png,0,0.3408328772701359
/root/autodl-tmp/CBIS/crops_fixed_mass/dc67d34586ea4b5548f236024672184c_img.png,0,0.3941150384394643
/root/autodl-tmp/CBIS/crops_fixed_mass/3fa6cbc09b7520d0b33c6d5bb454feb1_img.png,1,0.8450141479335096
/root/autodl-tmp/CBIS/crops_fixed_mass/af1fece3a8a5f05b5103bc5049898cc2_img.png,1,0.48026134200001036
/root/autodl-tmp/CBIS/crops_fixed_mass/7dd18d34a49958b856c4d856df79688f_img.png,0,0.6134910325163687
/root/autodl-tmp/CBIS/crops_fixed_mass/3be5f660bc93a15a36b165b80b1ed368_img.png,1,0.4640703203532362
/root/autodl-tmp/CBIS/crops_fixed_mass/c25030c07ccf9107b84354df049aa86a_img.png,1,0.6357150751965647
/root/autodl-tmp/CBIS/crops_fixed_mass/3c0b0df82ad4c3fb7beeb5e990cb2337_img.png,1,0.769151590106927
/root/autodl-tmp/CBIS/crops_fixed_mass/f46be034f16621db6709c93be4540e4b_img.png,1,0.8822360939093695
/root/autodl-tmp/CBIS/crops_fixed_mass/5950cdcf8d618cecf5780427ae531064_img.png,0,0.15112211505112677
/root/autodl-tmp/CBIS/crops_fixed_mass/fcb467d4d455c7fbf9c0941dc20ea012_img.png,0,0.15768024321492263
/root/autodl-tmp/CBIS/crops_fixed_mass/6da02a0c737da26b9b669a7a4d24de53_img.png,1,0.9463874324649906
/root/autodl-tmp/CBIS/crops_fixed_mass/5294a2256a79cffab5c746e796bef3d6_img.png,1,0.9768201976990687
/root/autodl-tmp/CBIS/crops_fixed_mass/021ba5300792d23da1138a9e8f831c4b_img.png,1,0.31711248951253046
/root/autodl-tmp/CBIS/crops_fixed_mass/c096f2bb5a71da547841bdb4ac157d78_img.png,1,0.44960174922096946
/root/autodl-tmp/CBIS/crops_fixed_mass/9433fda1257df4c2b1b3c46f9ae3b446_img.png,0,0.07831977243672772
/root/autodl-tmp/CBIS/crops_fixed_mass/251bb69770e80cbd2f9e399fe12db5de_img.png,0,0.09797903156347937
/root/autodl-tmp/CBIS/crops_fixed_mass/b7a34c17d296582039e7428221e8f7e0_img.png,0,0.5413204967956885
/root/autodl-tmp/CBIS/crops_fixed_mass/1cbb54b43134cb4654c1f1d50ef55aea_img.png,0,0.06257410548818404
/root/autodl-tmp/CBIS/crops_fixed_mass/97ac188801d56c1ffd095d87b6dc9d76_img.png,1,0.9773138915020025
/root/autodl-tmp/CBIS/crops_fixed_mass/79fc6667989b3e65a37014063a1e56bc_img.png,1,0.871069418888725
/root/autodl-tmp/CBIS/crops_fixed_mass/b7a45f7af1a4ddd2104724da8179fcff_img.png,1,0.9591614432507937
/root/autodl-tmp/CBIS/crops_fixed_mass/538316e1b5a87252ca2b8195593bd09c_img.png,1,0.9238656526780107
/root/autodl-tmp/CBIS/crops_fixed_mass/2b0c8e1b7da0941b15279295f5a80606_img.png,1,0.21865305904150392
/root/autodl-tmp/CBIS/crops_fixed_mass/05be408022d140c7170b17672457066c_img.png,1,0.5389464488653337
/root/autodl-tmp/CBIS/crops_fixed_mass/2d45daf70426179a93c6eef1dac5e6b3_img.png,0,0.04581003404224775
/root/autodl-tmp/CBIS/crops_fixed_mass/f75343e53fd6e7e3c8e5100906e525c0_img.png,0,0.3543952870255298
/root/autodl-tmp/CBIS/crops_fixed_mass/8b0b0dac396dbc2c7539dd575d7c2a89_img.png,0,0.10961711219629997
/root/autodl-tmp/CBIS/crops_fixed_mass/690f812de052a9b90175342da242c916_img.png,1,0.9799460506537219
/root/autodl-tmp/CBIS/crops_fixed_mass/643e1794fc3128ae9d9d42202e856d75_img.png,1,0.9922084213736895
/root/autodl-tmp/CBIS/crops_fixed_mass/eeb70ac06cc67f539bcefca34f63ee32_img.png,0,0.2326604548456461
/root/autodl-tmp/CBIS/crops_fixed_mass/6443e1b195adb67ec06779864e02738f_img.png,0,0.1096252400386486
/root/autodl-tmp/CBIS/crops_fixed_mass/19879c6068223128a3b8703d3d3417bb_img.png,0,0.13192820530657312
/root/autodl-tmp/CBIS/crops_fixed_mass/af3c616f925c6174b5d9fd9e6663b3c4_img.png,1,0.6894697154472731
/root/autodl-tmp/CBIS/crops_fixed_mass/a4ea95b23acb563f3e289e705f28f126_img.png,1,0.5816818780492146
/root/autodl-tmp/CBIS/crops_fixed_mass/81921f2f1fd0b273638918cc68823ebf_img.png,1,0.6385541382724862
/root/autodl-tmp/CBIS/crops_fixed_mass/3c808242a98aa92b1208726f8b218a2f_img.png,1,0.7907688074952735
/root/autodl-tmp/CBIS/crops_fixed_mass/4a38c530a3e6ab8931b3dbfd8fe1ffbe_img.png,0,0.022078198964760227
/root/autodl-tmp/CBIS/crops_fixed_mass/a4784d9454a95b0b6a14deae94263998_img.png,0,0.17685227890261168
/root/autodl-tmp/CBIS/crops_fixed_mass/1f990822a2de1403ccb3404499b4f6cf_img.png,1,0.9744609638322865
/root/autodl-tmp/CBIS/crops_fixed_mass/3588e913d33b4d4914d9eac601e5a123_img.png,0,0.2648936707196588
/root/autodl-tmp/CBIS/crops_fixed_mass/b158d4bd632d8c81432d10ea8567188c_img.png,0,0.03330373218641671
/root/autodl-tmp/CBIS/crops_fixed_mass/5dd0c4f9e2167a0fde999b4c3c10def9_img.png,0,0.2136979507920322
/root/autodl-tmp/CBIS/crops_fixed_mass/b59f0a0397dd934ff192d97c1e0c8137_img.png,0,0.5256132802149533
/root/autodl-tmp/CBIS/crops_fixed_mass/86bb8cfcdfce2dd49f400a38774d279d_img.png,0,0.032154506150372505
/root/autodl-tmp/CBIS/crops_fixed_mass/dd5f13d8bbd2bc09fd52cf793e0ddb8a_img.png,0,0.05391439866249887
/root/autodl-tmp/CBIS/crops_fixed_mass/8b5ecfcac22c21cb1b56b3ee16afd024_img.png,0,0.24351167891453462
/root/autodl-tmp/CBIS/crops_fixed_mass/8aae0a832ca195c58c55120545741afd_img.png,0,0.27233808045997254
/root/autodl-tmp/CBIS/crops_fixed_mass/d7ea593b4f03daa1808a2f10211145a1_img.png,1,0.8372854239633577
/root/autodl-tmp/CBIS/crops_fixed_mass/08efa98a896d588747464258aa4acbaa_img.png,1,0.6839700217327528
/root/autodl-tmp/CBIS/crops_fixed_mass/464e153c0cde503ef790ad5bbc938615_img.png,1,0.2457207614842153
/root/autodl-tmp/CBIS/crops_fixed_mass/c10bc149d8ea3d2cd41e36d336524107_img.png,1,0.3786548129280994
/root/autodl-tmp/CBIS/crops_fixed_mass/077c5517986921cbf08df5dcc72290e8_img.png,1,0.9278297354359558
/root/autodl-tmp/CBIS/crops_fixed_mass/862041c4972658382fe1671e81b4114f_img.png,0,0.01886517148679295
/root/autodl-tmp/CBIS/crops_fixed_mass/ed4d0021dca036fae0adccd9cc92e0a8_img.png,0,0.32700544199555115
/root/autodl-tmp/CBIS/crops_fixed_mass/037d9877ee76ae80172466ad837eda56_img.png,0,0.05806073975309177
/root/autodl-tmp/CBIS/crops_fixed_mass/c68e1fbe615df9e51178f2c601c45d96_img.png,0,0.14112935387952152
/root/autodl-tmp/CBIS/crops_fixed_mass/0579d9caa71fc3418fab61d2078d187a_img.png,1,0.7321425270248565
/root/autodl-tmp/CBIS/crops_fixed_mass/afe19d8ad06c8e9fb5c29c1a26cdc3bd_img.png,1,0.7523522798804579
/root/autodl-tmp/CBIS/crops_fixed_mass/9d3a4275429b0049a0b7bf38c5e22475_img.png,1,0.3384195002458283
/root/autodl-tmp/CBIS/crops_fixed_mass/8d8e144d05d8f30f6f8ba92fc955e386_img.png,0,0.1480795012635273
/root/autodl-tmp/CBIS/crops_fixed_mass/11e49d018f9ea4874e243fbe0366de95_img.png,0,0.15244837141084433
/root/autodl-tmp/CBIS/crops_fixed_mass/9a8953d62a0349d11da2c18e61f5143f_img.png,0,0.1362498864021693
/root/autodl-tmp/CBIS/crops_fixed_mass/a2b1e30bd03448d084be4ca21819dbc9_img.png,1,0.6293152303889351
/root/autodl-tmp/CBIS/crops_fixed_mass/43df4ff7b101a046b2f6e6f2aa794ea8_img.png,1,0.8135136390498022
/root/autodl-tmp/CBIS/crops_fixed_mass/fc14d375f73f10bff4786c5d2f062928_img.png,1,0.5324940038298636
/root/autodl-tmp/CBIS/crops_fixed_mass/6364eae378bc653ccb4c9256c0429123_img.png,1,0.6674815496379
/root/autodl-tmp/CBIS/crops_fixed_mass/3dbf6a549aeb604983ac20b8da09760b_img.png,0,0.13139779006025135
/root/autodl-tmp/CBIS/crops_fixed_mass/b0f77d40e5cbebf9ed117856a6b745c9_img.png,0,0.031728084905178665
/root/autodl-tmp/CBIS/crops_fixed_mass/c025e03b93ef273db0666b003e6eca39_img.png,0,0.06514277638727001
/root/autodl-tmp/CBIS/crops_fixed_mass/4046996825d2f50d9d1e59ac76f5a0f0_img.png,0,0.22245859370327778
/root/autodl-tmp/CBIS/crops_fixed_mass/befa4a7f9dca32b5339ecac89691b7b5_img.png,0,0.1367550771340412
/root/autodl-tmp/CBIS/crops_fixed_mass/4d2925ab79ca86074988b780ae55c8d7_img.png,0,0.1923864614839471
/root/autodl-tmp/CBIS/crops_fixed_mass/b430347fd6b7aa75371a54eb973f4570_img.png,0,0.452131765292095
/root/autodl-tmp/CBIS/crops_fixed_mass/f94be475a5dd6d7fb4ed5d872119e31b_img.png,0,0.26727551042282255
/root/autodl-tmp/CBIS/crops_fixed_mass/94faea9ed10c683ebceff9bd2ab3fca8_img.png,1,0.8731178947492995
/root/autodl-tmp/CBIS/crops_fixed_mass/50e17884a1a4fef45725107998a81d79_img.png,1,0.606381543400716
/root/autodl-tmp/CBIS/crops_fixed_mass/934a490eec7cea41cff4248e10ea882a_img.png,0,0.2623852534604383
/root/autodl-tmp/CBIS/crops_fixed_mass/33c810333b368aaff8476314332f6fb6_img.png,0,0.010481693266104502
/root/autodl-tmp/CBIS/crops_fixed_mass/b419edbceab9d70152c739d4e9678cb3_img.png,1,0.9317568617868055
/root/autodl-tmp/CBIS/crops_fixed_mass/7977300e583df5660a993aff87023f57_img.png,1,0.8934773595184295
/root/autodl-tmp/CBIS/crops_fixed_mass/bfe4d92e5fc7a5c19274098b3a1d4a5a_img.png,0,0.8222985716331713
/root/autodl-tmp/CBIS/crops_fixed_mass/0e4ddc54ec0a1eb66efe9fc105207368_img.png,0,0.9251850516289932
/root/autodl-tmp/CBIS/crops_fixed_mass/e900ac9ed0c9c965b0b6cf500509d61c_img.png,1,0.666646209530411
/root/autodl-tmp/CBIS/crops_fixed_mass/ac867f342b2ea08e9e0a9f66a81abf5a_img.png,0,0.07063020723372664
/root/autodl-tmp/CBIS/crops_fixed_mass/66ab2c643d44bf6378cf3c4ebfff199e_img.png,0,0.0343480095504673
/root/autodl-tmp/CBIS/crops_fixed_mass/60d90bdff34f1147254efdf1d5e29d29_img.png,0,0.35780082338891855
/root/autodl-tmp/CBIS/crops_fixed_mass/3f5af9fe57f36fc26f665f7b41cf7409_img.png,0,0.1290150013384074
/root/autodl-tmp/CBIS/crops_fixed_mass/023b22eed4238d0fd6e44a53c1fb8501_img.png,0,0.5088103656157392
/root/autodl-tmp/CBIS/crops_fixed_mass/8ec7656567311cc33c206e2a835ba77f_img.png,0,0.3867315291412645
/root/autodl-tmp/CBIS/crops_fixed_mass/937d6ad5af3c8498b8d1e0b6b39a2214_img.png,0,0.07705983826619214
/root/autodl-tmp/CBIS/crops_fixed_mass/fbc54400a10357ac7b8b0a2edaa3c571_img.png,0,0.39828780509752093
/root/autodl-tmp/CBIS/crops_fixed_mass/c82991b33f1feaf24ca6dd1a7884272b_img.png,0,0.22656773055889315
/root/autodl-tmp/CBIS/crops_fixed_mass/cbb58a79000fb360db1fe9b603b36978_img.png,0,0.45153814667192305
/root/autodl-tmp/CBIS/crops_fixed_mass/4fee51d60d67362cfb08e07b92a71b2b_img.png,0,0.2372108747661519
/root/autodl-tmp/CBIS/crops_fixed_mass/fa30953df4d0d06a4c68178bad95c451_img.png,1,0.9795185810460338
/root/autodl-tmp/CBIS/crops_fixed_mass/5d61bf94c8ed8c79d89d17436b22acf4_img.png,0,0.057631172461658615
/root/autodl-tmp/CBIS/crops_fixed_mass/79d9e7384c7f9f2acfd9e868e07f0ed9_img.png,0,0.22820721304471295
/root/autodl-tmp/CBIS/crops_fixed_mass/c41563cea5284174c3bc9fd1fe46926a_img.png,0,0.3942172938546688
/root/autodl-tmp/CBIS/crops_fixed_mass/8f269332cf82896bb4ee23bbe8ae11d5_img.png,0,0.12998779729891666
/root/autodl-tmp/CBIS/crops_fixed_mass/dd401de821b1f841deb508cd447da8bd_img.png,0,0.03078618462141797
/root/autodl-tmp/CBIS/crops_fixed_mass/37848dd23ce6dab7eb3ee17e6c65ed8f_img.png,0,0.14231441361369315
/root/autodl-tmp/CBIS/crops_fixed_mass/bf35ccbf6bbad46fa57f7571090e03d3_img.png,0,0.11973427930573709
/root/autodl-tmp/CBIS/crops_fixed_mass/fd3a9c5e208d47e93371f578479f3cbc_img.png,0,0.47429283952490436
/root/autodl-tmp/CBIS/crops_fixed_mass/5ce6335e6930af2793e8123ffa1c0b40_img.png,0,0.806216050764265
/root/autodl-tmp/CBIS/crops_fixed_mass/eb1547df9f78fd0c9271c900f2cef9ed_img.png,0,0.9141950084131439
/root/autodl-tmp/CBIS/crops_fixed_mass/3982e91e3851d46071c0779773bb3cf5_img.png,0,0.4059634004769556
/root/autodl-tmp/CBIS/crops_fixed_mass/acf384e15867aae9831160b37400539b_img.png,0,0.4858484795743404
/root/autodl-tmp/CBIS/crops_fixed_mass/6e106a1fbdf1f43221514d6d7948855f_img.png,1,0.9934556417184579
/root/autodl-tmp/CBIS/crops_fixed_mass/227941613e0cf4c2ecf6a542edb62702_img.png,1,0.7312549801318489
/root/autodl-tmp/CBIS/crops_fixed_mass/d67fa0be4a70dc1f8d7a50796808be8d_img.png,0,0.036915171039719544
/root/autodl-tmp/CBIS/crops_fixed_mass/5467ab9491f0e666d31b199e2fa95ffa_img.png,1,0.9855831167273713
/root/autodl-tmp/CBIS/crops_fixed_mass/a081744ff61883e84fdfb1f1e14720cb_img.png,1,0.9033073841572826
/root/autodl-tmp/CBIS/crops_fixed_mass/216f5d44bbc14cef13cfb1c1c788ccf4_img.png,0,0.09795590055868791
/root/autodl-tmp/CBIS/crops_fixed_mass/c6560835e7a82dcbc31382454e57b95c_img.png,0,0.05103314918973409
/root/autodl-tmp/CBIS/crops_fixed_mass/7292da67ff4a0afb0caffbb2678192d2_img.png,0,0.1250334388681899
/root/autodl-tmp/CBIS/crops_fixed_mass/5f1b8acf28c87228116909131633b23c_img.png,0,0.08867096701545636
/root/autodl-tmp/CBIS/crops_fixed_mass/d31c02adbd0ebc06d8485d66d8e60950_img.png,0,0.1648722614244049
/root/autodl-tmp/CBIS/crops_fixed_mass/e0194a3cc4f086491fa55fd86ea2b67b_img.png,0,0.012146642877224235
/root/autodl-tmp/CBIS/crops_fixed_mass/e310e10a04482efaa14730afd5047c49_img.png,0,0.1944245729321911
/root/autodl-tmp/CBIS/crops_fixed_mass/36d7e3ea8f71f78b41d411fc8a94b62c_img.png,0,0.08279227420877001
/root/autodl-tmp/CBIS/crops_fixed_mass/0f187546b09afc0c67c60e361e79ec2c_img.png,1,0.6234772076458923
/root/autodl-tmp/CBIS/crops_fixed_mass/8ff0380a5c15e7fdc6082e962f7af305_img.png,1,0.38312799496018546
/root/autodl-tmp/CBIS/crops_fixed_mass/9c6940b497f55d789b5253a83f71779f_img.png,1,0.8518439955153461
/root/autodl-tmp/CBIS/crops_fixed_mass/3238959c814360adaa6a3c63fe9e5037_img.png,1,0.9314464742422995
/root/autodl-tmp/CBIS/crops_fixed_mass/9b3ab7f2e85f6c66197c711b312aba20_img.png,1,0.9325987528665114
/root/autodl-tmp/CBIS/crops_fixed_mass/15b80bfe34529ac7755a196b9f35b587_img.png,1,0.43190665418267615
/root/autodl-tmp/CBIS/crops_fixed_mass/41a01f7c310270734abbeae1e4328c41_img.png,1,0.7201236313551759
/root/autodl-tmp/CBIS/crops_fixed_mass/9df2c994b8d86c8f9801e4ab2a5c155d_img.png,0,0.09277179609897465
/root/autodl-tmp/CBIS/crops_fixed_mass/7b7f4a171523aa450cafac9a30dd31d7_img.png,0,0.05823799514182802
/root/autodl-tmp/CBIS/crops_fixed_mass/bdf68f752f92f7c0830ad5219ef9a9fa_img.png,0,0.19067726207521207
/root/autodl-tmp/CBIS/crops_fixed_mass/8803a2d905c037f957864b59e4f0ebe1_img.png,1,0.8226215639809965
/root/autodl-tmp/CBIS/crops_fixed_mass/9b82fb23c3390a30da5fb97f5df25adc_img.png,1,0.8344517632192004
/root/autodl-tmp/CBIS/crops_fixed_mass/f3b8dd220bd235d9e857e1e0f3a84dfd_img.png,1,0.4325021074431595
/root/autodl-tmp/CBIS/crops_fixed_mass/37f4d83c48e4590b4e8b458a881fbdad_img.png,1,0.24449503400943842
/root/autodl-tmp/CBIS/crops_fixed_mass/009c88f56e1d34a8fdf4d56490659f7f_img.png,0,0.871654261307378
/root/autodl-tmp/CBIS/crops_fixed_mass/dcde0955f28b9eb412ec1ce4ea930ec3_img.png,0,0.011721113911668942
/root/autodl-tmp/CBIS/crops_fixed_mass/f818e3e5eac96733886bb1ac8d2086d5_img.png,0,0.44827815400989024
/root/autodl-tmp/CBIS/crops_fixed_mass/349cd0e0827e4ca1c8d2a7059b685123_img.png,1,0.2725280875777462
/root/autodl-tmp/CBIS/crops_fixed_mass/76a1e2b8ddb08fc791b7b193a59ff8d3_img.png,1,0.8164832856243318
/root/autodl-tmp/CBIS/crops_fixed_mass/05c98043569b908ef6585a3e6be7af70_img.png,1,0.8704422621499034
/root/autodl-tmp/CBIS/crops_fixed_mass/e8554367242406b71745fca7fb987cae_img.png,1,0.987076761055396
/root/autodl-tmp/CBIS/crops_fixed_mass/2625bc2c63f4b3641fe8ab12828fa501_img.png,1,0.9851648444972536
/root/autodl-tmp/CBIS/crops_fixed_mass/b4fdb28bd3410728431284fe43e952ce_img.png,0,0.7581648761193627
/root/autodl-tmp/CBIS/crops_fixed_mass/5747c9b099ccbd047f153a01969ccc0d_img.png,0,0.2899606090988677
/root/autodl-tmp/CBIS/crops_fixed_mass/5a667fbf9f341fc3c19f9952fcde20bc_img.png,0,0.5408070030196411
/root/autodl-tmp/CBIS/crops_fixed_mass/1fab1a4e12fcffa8e722fb6b8f6216be_img.png,0,0.6825876238026962
/root/autodl-tmp/CBIS/crops_fixed_mass/88cddb95688d394a9cf88b836e7d0226_img.png,1,0.5541551142522814
/root/autodl-tmp/CBIS/crops_fixed_mass/a8d4a6fdb62a1bb0d1d455607ac8ead5_img.png,1,0.7196602765520576
/root/autodl-tmp/CBIS/crops_fixed_mass/d701417fd26bfbfaf471f528b9f95fc4_img.png,1,0.9973959649313924
/root/autodl-tmp/CBIS/crops_fixed_mass/064f9efce90b597b9a09e7700b095b34_img.png,1,0.7542454878106963
/root/autodl-tmp/CBIS/crops_fixed_mass/5f4b1bce0d9199eeb7cdac45e78568ce_img.png,1,0.4012995199419785
/root/autodl-tmp/CBIS/crops_fixed_mass/eea348c022c22c56551b8b806920c998_img.png,1,0.984505602763908
/root/autodl-tmp/CBIS/crops_fixed_mass/8dcf3c496d52d096a10b2e637137b00d_img.png,1,0.9338353049424358
/root/autodl-tmp/CBIS/crops_fixed_mass/b4e540bd9c7c70c4ad92322d9ab597ac_img.png,1,0.9583022989048473
/root/autodl-tmp/CBIS/crops_fixed_mass/51df5a91a891c6e753d6c273fa00d150_img.png,1,0.9097602704188311
/root/autodl-tmp/CBIS/crops_fixed_mass/2078d26e117f678f09e2bc0e8bc77f84_img.png,1,0.8897707119370928
/root/autodl-tmp/CBIS/crops_fixed_mass/6671fa4bb0d845bf2e2350f2fa3ba8f3_img.png,0,0.0497287001389597
/root/autodl-tmp/CBIS/crops_fixed_mass/46a9f11ee12c59ff85f8edd6bf31c088_img.png,0,0.10440753914767809
/root/autodl-tmp/CBIS/crops_fixed_mass/e822be2bc09dbb57724863f32a027e56_img.png,0,0.2360498574713436
/root/autodl-tmp/CBIS/crops_fixed_mass/af4f012c6582e2c2a9ed93f50b52b031_img.png,0,0.22178940197831723
/root/autodl-tmp/CBIS/crops_fixed_mass/fcc75bd70bb78d94d4af76e8d58998f9_img.png,1,0.881549791076905
/root/autodl-tmp/CBIS/crops_fixed_mass/0e04db872584bfc058e69797d4edb16b_img.png,1,0.5947715320711924
/root/autodl-tmp/CBIS/crops_fixed_mass/b3e1c3a57348a3ef4e69a252fc4f1ca4_img.png,0,0.20554330598399173
/root/autodl-tmp/CBIS/crops_fixed_mass/0bff2d7d359c162d70037a4c5330fb63_img.png,1,0.5003632874863065
/root/autodl-tmp/CBIS/crops_fixed_mass/369fbfd38c1e4e806939284ec61f8891_img.png,1,0.3774179723992454
/root/autodl-tmp/CBIS/crops_fixed_mass/ae479844c26ecddc449e6f8180eab767_img.png,1,0.07156998109462911
/root/autodl-tmp/CBIS/crops_fixed_mass/f85616799d924bf0f0119a5629758c75_img.png,1,0.664445432030931
/root/autodl-tmp/CBIS/crops_fixed_mass/35e82f18d57f181f786715c9460ce396_img.png,1,0.6632847635297437
/root/autodl-tmp/CBIS/crops_fixed_mass/88c9d110d18293b364606d5f066c85c6_img.png,0,0.10897648376829137
/root/autodl-tmp/CBIS/crops_fixed_mass/7a04778d77012b7082f9bd0dc7b55516_img.png,0,0.07077515037045592
/root/autodl-tmp/CBIS/crops_fixed_mass/0be0b5adb89dc6b83074e1637af88e84_img.png,1,0.8482264882558536
/root/autodl-tmp/CBIS/crops_fixed_mass/8156e20a3d859224a8e12356a0695dec_img.png,0,0.08360289139835228
/root/autodl-tmp/CBIS/crops_fixed_mass/386a72f12c975d1083240dabf8e944d2_img.png,0,0.07767908583102855
/root/autodl-tmp/CBIS/crops_fixed_mass/e5a6526395ecf0c184eb44523df3c51a_img.png,0,0.0924654520703161
/root/autodl-tmp/CBIS/crops_fixed_mass/a8a2b469a9fa358adb55aaba04b7e918_img.png,0,0.039417132142119095
/root/autodl-tmp/CBIS/crops_fixed_mass/9f9a85a9847b7c6452047bb5e3eccb0d_img.png,0,0.7524120550414276
/root/autodl-tmp/CBIS/crops_fixed_mass/c23060ba48ba1a4628909a1ac9945619_img.png,0,0.7296659151766287
/root/autodl-tmp/CBIS/crops_fixed_mass/2ff2e07d10ed9499952a647a1972f2c4_img.png,0,0.010935933395538623
/root/autodl-tmp/CBIS/crops_fixed_mass/42aa059d9957189e756813fe8cc92c38_img.png,0,0.12103202508704163
/root/autodl-tmp/CBIS/crops_fixed_mass/fd8bf77f9f18e0e9de19ba0b8fc5f627_img.png,0,0.49821420369351027
/root/autodl-tmp/CBIS/crops_fixed_mass/b3e40acf469ada361ce56cddf5f320f4_img.png,0,0.0414514013546237
/root/autodl-tmp/CBIS/crops_fixed_mass/cdc7faafb66af17cced243dac38096b5_img.png,1,0.7137445610099196
/root/autodl-tmp/CBIS/crops_fixed_mass/3c5482ec94647ac212e848971bd474ea_img.png,1,0.49082989778749225
/root/autodl-tmp/CBIS/crops_fixed_mass/b2f8187375f9cdf9204fbf69d8f8c4c7_img.png,0,0.6663794774521772
/root/autodl-tmp/CBIS/crops_fixed_mass/331dee04960e6badb22a342d6276e11e_img.png,0,0.9282736397587366
/root/autodl-tmp/CBIS/crops_fixed_mass/0781af03fbd54ca4a3a4713553cc5cca_img.png,1,0.07357043287288892
/root/autodl-tmp/CBIS/crops_fixed_mass/3f48172eedb3db7186480e9bac8872b6_img.png,1,0.6047087097687692
/root/autodl-tmp/CBIS/crops_fixed_mass/4e852bd8d7c7bef0637e01b92bdcc17e_img.png,1,0.8957925136778297
/root/autodl-tmp/CBIS/crops_fixed_mass/33020ffb32b820af05c9433bd6fe3075_img.png,1,0.1424240059195628
/root/autodl-tmp/CBIS/crops_fixed_mass/7dae552d233e59b75cbd6cb3a6e1436a_img.png,0,0.9756381284286311
/root/autodl-tmp/CBIS/crops_fixed_mass/1a18a65d6d7ce75e004aba90e20e3d18_img.png,1,0.8775859050913057
/root/autodl-tmp/CBIS/crops_fixed_mass/4f8da0f50f99da97a49eec46e521a495_img.png,1,0.37380379289586246
/root/autodl-tmp/CBIS/crops_fixed_mass/ee2caa3e3857f3bfeb0836d4d10e06e5_img.png,0,0.21263588141762085
/root/autodl-tmp/CBIS/crops_fixed_mass/8524a2695fe8f3e84922cbb76adc4042_img.png,1,0.39758419943806994
/root/autodl-tmp/CBIS/crops_fixed_mass/206fb939655edd985fa3973158d4841a_img.png,1,0.4560694383680301
/root/autodl-tmp/CBIS/crops_fixed_mass/0df424ca6d0b2500a35922855651b0ee_img.png,1,0.4395325791664221
/root/autodl-tmp/CBIS/crops_fixed_mass/77a88fa9fb3103ab0b4d6ec2d510d9a9_img.png,1,0.13012793845468348
/root/autodl-tmp/CBIS/crops_fixed_mass/04f2d45d2cd07ff6c2141fc16d35a2ee_img.png,1,0.984565701079335
/root/autodl-tmp/CBIS/crops_fixed_mass/d332679c445bfc940c1ba1fc59bedaf8_img.png,0,0.6239102627574481
/root/autodl-tmp/CBIS/crops_fixed_mass/fc1cab2ace7294499263fad8c31a4681_img.png,0,0.4672392484713661
/root/autodl-tmp/CBIS/crops_fixed_mass/5f99934b2e4607b574d8a1aac7266ea0_img.png,0,0.21126456713998576
/root/autodl-tmp/CBIS/crops_fixed_mass/636d85778d2b75a32b4c396399a9b63f_img.png,0,0.20693724664920435
/root/autodl-tmp/CBIS/crops_fixed_mass/fe2e88777a1dda93999e7ed33b391b27_img.png,0,0.7224166141408168
/root/autodl-tmp/CBIS/crops_fixed_mass/1fa2b872d2676a00f31628ecf795c160_img.png,0,0.24382533958767025
/root/autodl-tmp/CBIS/crops_fixed_mass/0597a1a51e212ab6d3102994cedcdaf0_img.png,0,0.4436254006508008
/root/autodl-tmp/CBIS/crops_fixed_mass/956ba25c86868e025c844ed710855b08_img.png,0,0.2599450613272071
/root/autodl-tmp/CBIS/crops_fixed_mass/881de5535a7446ff52b5635a4e540019_img.png,0,0.12087772480709728
/root/autodl-tmp/CBIS/crops_fixed_mass/46d2cb788a16845059facbd13d465666_img.png,1,0.9400605425383994
/root/autodl-tmp/CBIS/crops_fixed_mass/87a8dfedf1345da4627adac9607fbea2_img.png,1,0.9919932725362126
/root/autodl-tmp/CBIS/crops_fixed_mass/26cae17f4956c7370da6d8bd1034cec2_img.png,0,0.12121775345646027
/root/autodl-tmp/CBIS/crops_fixed_mass/948c19bd95bfca6fb9c87926f4bec589_img.png,0,0.023425783935394892
/root/autodl-tmp/CBIS/crops_fixed_mass/093e1176966f613784f017482cc09326_img.png,1,0.996908565723923
/root/autodl-tmp/CBIS/crops_fixed_mass/df4c0ad8d225a40f871a7883d5ddfdc4_img.png,0,0.7843732383021133
/root/autodl-tmp/CBIS/crops_fixed_mass/26760e5d3347f8102f6c4a527a84c0d6_img.png,0,0.2993654123368345
/root/autodl-tmp/CBIS/crops_fixed_mass/9c768e6dd5612b2462a642064a26b52e_img.png,0,0.1762095222931295
/root/autodl-tmp/CBIS/crops_fixed_mass/1f026ffea1e149a4a40303c84d95bd3a_img.png,1,0.7666144840658445
/root/autodl-tmp/CBIS/crops_fixed_mass/68e223cd28a9d036dca73b1958a1edc5_img.png,1,0.8891144482732013
/root/autodl-tmp/CBIS/crops_fixed_mass/25d54fe0e9a5fc099b67bb252d8939bd_img.png,1,0.8959905119870903
/root/autodl-tmp/CBIS/crops_fixed_mass/2e392ecb67704605a81445b0669baee8_img.png,1,0.44853133825698616
/root/autodl-tmp/CBIS/crops_fixed_mass/6b6e0e50735f5ec11b9bcadb761551bf_img.png,0,0.1232031043348518
/root/autodl-tmp/CBIS/crops_fixed_mass/6a07060dd656bca010e5e3936d87d87d_img.png,0,0.038631475192132995
/root/autodl-tmp/CBIS/crops_fixed_mass/66858e76c3522a06a6061ee1d1ef93f9_img.png,1,0.7242814660109923
/root/autodl-tmp/CBIS/crops_fixed_mass/2295ce3caec4966ff286a5df3965e0d6_img.png,1,0.7484569097441508
/root/autodl-tmp/CBIS/crops_fixed_mass/7c9e848ca588b3f31f546f1eb342bb77_img.png,0,0.19255269738009625
/root/autodl-tmp/CBIS/crops_fixed_mass/9b2c28655341cc9b92002449dc43ed01_img.png,0,0.5893187043642116
/root/autodl-tmp/CBIS/crops_fixed_mass/c65665115fbe2e2d820a9ae2fffe3a6c_img.png,1,0.9786983006092126
/root/autodl-tmp/CBIS/crops_fixed_mass/9605fb4f3ff9fe626e3b432a7dea9ff1_img.png,1,0.937880079945449
/root/autodl-tmp/CBIS/crops_fixed_mass/58bebe2fa96827315d01d5ddfe7ca41c_img.png,0,0.0020038227888363462
/root/autodl-tmp/CBIS/crops_fixed_mass/19e17870b52adab953ed4b62f8dc634d_img.png,0,0.039950478941672085
/root/autodl-tmp/CBIS/crops_fixed_mass/a8d6079a06bc6b430e91cda2f8a67d05_img.png,0,0.08454674251989733
/root/autodl-tmp/CBIS/crops_fixed_mass/80654bf0c24b08787fccae3d98086267_img.png,0,0.4292470610193209
/root/autodl-tmp/CBIS/crops_fixed_mass/3ac19fb34a8c596faecbb41ce21f0a64_img.png,0,0.0650327536505953
/root/autodl-tmp/CBIS/crops_fixed_mass/50a6418c30676be96b253635378301d6_img.png,0,0.039236836941520796
/root/autodl-tmp/CBIS/crops_fixed_mass/37217716fe356858b4b2e804f85f0002_img.png,0,0.37292903350553136
/root/autodl-tmp/CBIS/crops_fixed_mass/ff566ea6b51c93bda486d3645c44bfb6_img.png,1,0.8476476914871458
/root/autodl-tmp/CBIS/crops_fixed_mass/f60d6a94cdc7a33f8caa87a74f7ba62c_img.png,1,0.7198578939688777
/root/autodl-tmp/CBIS/crops_fixed_mass/ac9f89960ad6e30b6847b0354ba68db8_img.png,0,0.2892548872757615
/root/autodl-tmp/CBIS/crops_fixed_mass/4e6534a142d50727a981718687ecc746_img.png,0,0.09524019168351315
/root/autodl-tmp/CBIS/crops_fixed_mass/8d6abc96e4fbda67c38ace4eb9af3648_img.png,0,0.016944013550271596
/root/autodl-tmp/CBIS/crops_fixed_mass/6fba097c7b22c0f6a717722c0661bbbc_img.png,0,0.043327872457730995
/root/autodl-tmp/CBIS/crops_fixed_mass/786e48eaf33c87a6420a7f7c7eed3b1d_img.png,1,0.8628667646559092
/root/autodl-tmp/CBIS/crops_fixed_mass/be92f5d7283b107aa0125b1135a5f8cf_img.png,1,0.8001684770976463
/root/autodl-tmp/CBIS/crops_fixed_mass/df1f768dfa871a124f2c6b2c3b30b0a2_img.png,1,0.16766582590356777
/root/autodl-tmp/CBIS/crops_fixed_mass/dbd9f413ea6d1a4e844d1cfacbd725a4_img.png,1,0.9985777379174114
/root/autodl-tmp/CBIS/crops_fixed_mass/e4c9ec06e8c02eeeab576d530251daa1_img.png,1,0.9983251817061655
/root/autodl-tmp/CBIS/crops_fixed_mass/02f20f2616cbcb3ae8b2346589be392b_img.png,1,0.8034889091486491
/root/autodl-tmp/CBIS/crops_fixed_mass/02369ac4ca85736ef5d0f4f230a1af4b_img.png,0,0.37569237175002024
/root/autodl-tmp/CBIS/crops_fixed_mass/051e233bc8e02a1a97c8001d02e7a6aa_img.png,0,0.027992547834560483
/root/autodl-tmp/CBIS/crops_fixed_mass/a98de770befc7c781ba934351155bbb9_img.png,0,0.015410859154257116
/root/autodl-tmp/CBIS/crops_fixed_mass/c56eb676e3726b395a33d783b80e14e1_img.png,1,0.77063655214159
/root/autodl-tmp/CBIS/crops_fixed_mass/84f911480c41048c5cbd6f2676450849_img.png,1,0.936458084617692
/root/autodl-tmp/CBIS/crops_fixed_mass/e0fa226f641221a832c90a8a37cbe252_img.png,1,0.12989555493249846
/root/autodl-tmp/CBIS/crops_fixed_mass/642a01a187bc011f760bfb34e40e7c72_img.png,0,0.2984731244015995
/root/autodl-tmp/CBIS/crops_fixed_mass/2240ba3f40ce188ac2006505c8d3fb3c_img.png,0,0.07847180834149367
/root/autodl-tmp/CBIS/crops_fixed_mass/8437f206ea8884ab0a678d90ee691e53_img.png,1,0.9331019218483667
/root/autodl-tmp/CBIS/crops_fixed_mass/13803e19021aab7622fa3fa727ec1df0_img.png,1,0.9723624611775371
/root/autodl-tmp/CBIS/crops_fixed_mass/6f657a5ace7213bd8c0ee309e99e3c88_img.png,0,0.09996431833867206
/root/autodl-tmp/CBIS/crops_fixed_mass/9d6e8c23847f5b5195510b8cf54d3e58_img.png,0,0.24354302027901042
/root/autodl-tmp/CBIS/crops_fixed_mass/f0dcbb014df1ee14e76c9add56ff309a_img.png,1,0.7877423029869886
/root/autodl-tmp/CBIS/crops_fixed_mass/9fe33771c7d7fea59ff775b0f6ec9874_img.png,1,0.7988108853376501
/root/autodl-tmp/CBIS/crops_fixed_mass/11dd7a0d317ffd8f88eb79725af22c19_img.png,1,0.9558514660092962
/root/autodl-tmp/CBIS/crops_fixed_mass/9ffd1cc55ab9094bd712032df3a8219a_img.png,0,0.1253994744245117
/root/autodl-tmp/CBIS/crops_fixed_mass/8fd4b15c519cc5cf203a039e3859b184_img.png,0,0.06681223886110055
/root/autodl-tmp/CBIS/crops_fixed_mass/6244bc3059a265ef353122d195688266_img.png,0,0.39935085110186813
/root/autodl-tmp/CBIS/crops_fixed_mass/42ce7a5f4046fe6899e89ad6665ec460_img.png,0,0.29607988023476023
/root/autodl-tmp/CBIS/crops_fixed_mass/ae624e5d7e67ab15e88a31078344ab39_img.png,1,0.9974789446824041
/root/autodl-tmp/CBIS/crops_fixed_mass/087205accd1475cd0a893be01201c514_img.png,1,0.9986293450055925
/root/autodl-tmp/CBIS/crops_fixed_mass/57f1de72570b32ebea638190c4ad74c8_img.png,0,0.1171755886467777
/root/autodl-tmp/CBIS/crops_fixed_mass/b77d3add4964e606e65538eb1a8cf8a0_img.png,0,0.11078780526301868
/root/autodl-tmp/CBIS/crops_fixed_mass/ffcb09c64266b6ba07a33a662a8b0ec6_img.png,1,0.9868789323419798
/root/autodl-tmp/CBIS/crops_fixed_mass/9bc2d635c5560f657070910c4dee7419_img.png,1,0.954611732845822
/root/autodl-tmp/CBIS/crops_fixed_mass/c6ab627f8f2cda3ce1b854ebc4747a71_img.png,0,0.2676886703577678
/root/autodl-tmp/CBIS/crops_fixed_mass/e19fad131e975d2e068f18bc3fd22678_img.png,0,0.4999252500315571
/root/autodl-tmp/CBIS/crops_fixed_mass/a46fbf31f3d235769fc4e9d0aadcaf53_img.png,0,0.017843044451081133
/root/autodl-tmp/CBIS/crops_fixed_mass/dfd2004bdcc7ae9d054cae7378420443_img.png,0,0.21137236664824532
/root/autodl-tmp/CBIS/crops_fixed_mass/71651d8942872173108d22c834262957_img.png,0,0.3144367904068177
/root/autodl-tmp/CBIS/crops_fixed_mass/186aa248292b54781eb90e79af58d666_img.png,0,0.14799835437491687
/root/autodl-tmp/CBIS/crops_fixed_mass/e4df0551c37835e83b03dc3e0a630319_img.png,1,0.11378283650977969
/root/autodl-tmp/CBIS/crops_fixed_mass/95fcc8778346a60faa78d5849b626a8a_img.png,0,0.10374710457967341
/root/autodl-tmp/CBIS/crops_fixed_mass/4714ed970acfe2fe6ea52910153ccd4d_img.png,0,0.7356404402352699
/root/autodl-tmp/CBIS/crops_fixed_mass/7450a13005b1f2893dcf7107eb6e089a_img.png,1,0.9740791377544123
/root/autodl-tmp/CBIS/crops_fixed_mass/da3fcb9f2c0bb0e9388ae36b08d0b9ca_img.png,1,0.9971507072952995
/root/autodl-tmp/CBIS/crops_fixed_mass/01f9aad3fbdd5cc0ce9a964662844d4a_img.png,0,0.2967836892117947
/root/autodl-tmp/CBIS/crops_fixed_mass/dcf9c1ff112c0c6f9eb93b1449ea0f17_img.png,0,0.43063095929755274
/root/autodl-tmp/CBIS/crops_fixed_mass/4e02ca6e75622f32cd526d4df1ecc52c_img.png,0,0.4285114189561477
/root/autodl-tmp/CBIS/crops_fixed_mass/5b647a7db7a044fa70787b776267612d_img.png,0,0.09346982342338363
/root/autodl-tmp/CBIS/crops_fixed_mass/f564c3b2d628abaae29f7d72cb606d0e_img.png,1,0.985732424493671
/root/autodl-tmp/CBIS/crops_fixed_mass/88876ba8b0b9d6d19ac4c19dab1eb823_img.png,1,0.989346714363116
/root/autodl-tmp/CBIS/crops_fixed_mass/84911f07b683ede65ec6541c11720c73_img.png,0,0.2167074100146276
/root/autodl-tmp/CBIS/crops_fixed_mass/98fd73478a588d103e8dc96fda8e003d_img.png,0,0.18696617562257106
/root/autodl-tmp/CBIS/crops_fixed_mass/69199888b07ae8ba93dd081b44b0e03e_img.png,1,0.9425717189028959
/root/autodl-tmp/CBIS/crops_fixed_mass/9b9d5da1ebd0ef82ff223ee9884b3e93_img.png,0,0.20999692845621834
/root/autodl-tmp/CBIS/crops_fixed_mass/776c8724d1164a34cd921ca2cb66b46a_img.png,0,0.03402570665972113
/root/autodl-tmp/CBIS/crops_fixed_mass/03f7119a3c98cc942c2b1616104c6027_img.png,0,0.06485218289963898
/root/autodl-tmp/CBIS/crops_fixed_mass/fcf7a5b9af0dcf1f8350253a3b695fd0_img.png,1,0.9369420686097284
/root/autodl-tmp/CBIS/crops_fixed_mass/09ea18683da06fdd861b271792528f4d_img.png,0,0.08171524905896844
/root/autodl-tmp/CBIS/crops_fixed_mass/59aa4dc7c850e925a462fa141f53999d_img.png,1,0.9533070457181366
/root/autodl-tmp/CBIS/crops_fixed_mass/0a32818b77ccf5855e526cb69a616cbf_img.png,0,0.42034998590560985
/root/autodl-tmp/CBIS/crops_fixed_mass/9f6e74309712935c1ee0674ba1e80adb_img.png,0,0.035937216925698345
/root/autodl-tmp/CBIS/crops_fixed_mass/7a773314d5ac74dd1f57483eac076602_img.png,0,0.5084527958317343
/root/autodl-tmp/CBIS/crops_fixed_mass/7c9f5f452de3e7e3b0f8f5d71a243249_img.png,0,0.9047105075784273
/root/autodl-tmp/CBIS/crops_fixed_mass/6be0083fcfe609cdc4ec44d6de0b7aa0_img.png,1,0.7087660370546548
/root/autodl-tmp/CBIS/crops_fixed_mass/b19b656a7cd0d2cebcebde514bc466ec_img.png,1,0.3020480444676263
/root/autodl-tmp/CBIS/crops_fixed_mass/c0c869759c6be42bc8ef5257ea3c1991_img.png,1,0.9984655876479779
/root/autodl-tmp/CBIS/crops_fixed_mass/b58ee10e7fe2cb68aea5987718ca6e9b_img.png,1,0.9986554323321676
/root/autodl-tmp/CBIS/crops_fixed_mass/b365ebad434f067c4befdf86d2b68870_img.png,1,0.994990625266176
/root/autodl-tmp/CBIS/crops_fixed_mass/05c7455586603b584614f8a2ce20a3d0_img.png,1,0.9956415284873408
/root/autodl-tmp/CBIS/crops_fixed_mass/88c49cb9bf1031931d066f2fbd23f0ad_img.png,1,0.2643233937313945
/root/autodl-tmp/CBIS/crops_fixed_mass/149a0bb349a4d4d47b0e9377003a50b3_img.png,1,0.43862469116525266
/root/autodl-tmp/CBIS/crops_fixed_mass/06be89c76aec1ca205db62822e57f72e_img.png,0,0.03756753372685612
/root/autodl-tmp/CBIS/crops_fixed_mass/7fcc9f2140989941b58ec234959b6c83_img.png,0,0.11731357342917256
/root/autodl-tmp/CBIS/crops_fixed_mass/950dffbe670673c4066eadefd8cbfcb4_img.png,1,0.6785743167988875
/root/autodl-tmp/CBIS/crops_fixed_mass/96d32f40d912a841f07ce179cd43b890_img.png,1,0.5386879046261569
/root/autodl-tmp/CBIS/crops_fixed_mass/7448c42d5744b5defa20203a4cc32b2d_img.png,0,0.1133307903398955
/root/autodl-tmp/CBIS/crops_fixed_mass/f56e4d91ea020493b2aee48911c59cf8_img.png,0,0.026099317142977932
/root/autodl-tmp/CBIS/crops_fixed_mass/0f062deafc73a962f7f5486a90090924_img.png,1,0.9073904440061784
/root/autodl-tmp/CBIS/crops_fixed_mass/df0be8fa91885a55be137f3078bd472b_img.png,1,0.48855900884481435
/root/autodl-tmp/CBIS/crops_fixed_mass/e7880fb9f37e784bceed85ede70cffa1_img.png,0,0.1801435579705914
/root/autodl-tmp/CBIS/crops_fixed_mass/c3efd8100a09ee076ae8b2ae60c8a452_img.png,0,0.24548126153372918
/root/autodl-tmp/CBIS/crops_fixed_mass/5635ce96036501cb0c5471133d1e632d_img.png,0,0.7847124810916756
/root/autodl-tmp/CBIS/crops_fixed_mass/d4f3e27e7a5814f8ad7fe2d5b1feb330_img.png,0,0.04680043769559285
/root/autodl-tmp/CBIS/crops_fixed_mass/3cd5c1df67b1cf12eb9809ee34964f48_img.png,1,0.9944635388016453
/root/autodl-tmp/CBIS/crops_fixed_mass/28585b1e89b75e6f37ace99de966bc38_img.png,0,0.0008664890931287887
/root/autodl-tmp/CBIS/crops_fixed_mass/4a21f464684bb1b1119f52e6352cc728_img.png,0,0.0027393060161589773
/root/autodl-tmp/CBIS/crops_fixed_mass/96230de6d64f76df6e427c7de2a00e33_img.png,1,0.7364872640974253
/root/autodl-tmp/CBIS/crops_fixed_mass/c13a180318e9d53e5c04acfc286eaf63_img.png,1,0.9958807883320955
/root/autodl-tmp/CBIS/crops_fixed_mass/70447cd354c2adeec76d8576221cddaf_img.png,1,0.9944031613793971
/root/autodl-tmp/CBIS/crops_fixed_mass/2ed0168bdf3ce73b20b9bb78409e6b13_img.png,0,0.5858911904608424
/root/autodl-tmp/CBIS/crops_fixed_mass/1846161358c40051885c67d1fa19b843_img.png,0,0.42794085905717677
/root/autodl-tmp/CBIS/crops_fixed_mass/ece53b07b8682f2da3d9d4a231ecd14a_img.png,0,0.47089213550788545
/root/autodl-tmp/CBIS/crops_fixed_mass/e579451bbff5b3644c650d1f648f88e7_img.png,0,0.3168499346658026
/root/autodl-tmp/CBIS/crops_fixed_mass/ad7dd4427931208796bcc050776d92bf_img.png,1,0.26385702687928586
/root/autodl-tmp/CBIS/crops_fixed_mass/bb670e00e963c0b6eb3aaacf0a5ac5dc_img.png,0,0.6977445659998083
/root/autodl-tmp/CBIS/crops_fixed_mass/2ef3772b666b69cb2a733851b3b07cfd_img.png,1,0.8720332496129152
/root/autodl-tmp/CBIS/crops_fixed_mass/a96f20f568f716f1838a5317f91a617b_img.png,1,0.9128388354117554
/root/autodl-tmp/CBIS/crops_fixed_mass/c3ef11119a0cbcf2eb9f737ca212c551_img.png,1,0.6710978205952083
/root/autodl-tmp/CBIS/crops_fixed_mass/0df701d1f97ea70fad3c1c3181e4bc0c_img.png,1,0.7302662104618745
/root/autodl-tmp/CBIS/crops_fixed_mass/6f08fa4fd73ada0c17076bc49818e359_img.png,1,0.6785281647509273
/root/autodl-tmp/CBIS/crops_fixed_mass/da52fec9fd43b7165f4416bdd430f5ac_img.png,1,0.46444784900220176
/root/autodl-tmp/CBIS/crops_fixed_mass/32efdc4a70ef35d84c4fa9385da44b24_img.png,1,0.7131369465580969
/root/autodl-tmp/CBIS/crops_fixed_mass/2154223cf5eab1be9af3ffc38318dba2_img.png,0,0.013741439607515104
/root/autodl-tmp/CBIS/crops_fixed_mass/126aae835a62c6f0f5a86ab51b486620_img.png,0,0.07127734940545068
/root/autodl-tmp/CBIS/crops_fixed_mass/055cacec03c5d8c42230d822c441646d_img.png,0,0.14186944028202467
/root/autodl-tmp/CBIS/crops_fixed_mass/f46a6a5fe54d08a56f992de91a7dd345_img.png,0,0.06792908490884449
/root/autodl-tmp/CBIS/crops_fixed_mass/b2040c572c6656ddc9dc493b885c3455_img.png,1,0.9563597288591639
/root/autodl-tmp/CBIS/crops_fixed_mass/cd3afca1542d3816614335740fd6866d_img.png,1,0.9785157674614856
/root/autodl-tmp/CBIS/crops_fixed_mass/6ed77df5ec769c206680d9b95dbe6ec7_img.png,0,0.03921222327185575
/root/autodl-tmp/CBIS/crops_fixed_mass/e886e7046e1d573e9a1a465313c4cfa3_img.png,0,0.20588540222674107
/root/autodl-tmp/CBIS/crops_fixed_mass/f26f7f27c454036b23bc40af495b8297_img.png,1,0.7093516849394191
/root/autodl-tmp/CBIS/crops_fixed_mass/bbf3354539cabfb7d8b7b1af868cdaac_img.png,1,0.9392046747123886
/root/autodl-tmp/CBIS/crops_fixed_mass/dae86d9c8f635b24fb94156c08b1900c_img.png,1,0.9898366120519845
/root/autodl-tmp/CBIS/crops_fixed_mass/de2889578b651122fe398b17e149bb0c_img.png,1,0.9702876284592931
/root/autodl-tmp/CBIS/crops_fixed_mass/d32efcffd95bfe43e4fafa1c8512f9b4_img.png,1,0.13542454233996426
/root/autodl-tmp/CBIS/crops_fixed_mass/ef6a7cebc8b47c00464d7aa692a8b4df_img.png,1,0.8189958882061379
/root/autodl-tmp/CBIS/crops_fixed_mass/e48c47574718c95c49748fb51c208de0_img.png,0,0.9290742927491912
/root/autodl-tmp/CBIS/crops_fixed_mass/72d54724807ef92bb9d6e63b172c41af_img.png,1,0.9211919792579587
/root/autodl-tmp/CBIS/crops_fixed_mass/6be14993c2c1d5f68f55264d49b79c9b_img.png,1,0.48898690503298403
/root/autodl-tmp/CBIS/crops_fixed_mass/80eb90d74e2c9dcf1ed99ccb818bc359_img.png,1,0.8623111947151383
/root/autodl-tmp/CBIS/crops_fixed_mass/c2057f1b21b7b454bc4f277175ed6503_img.png,1,0.7740160528008013
/root/autodl-tmp/CBIS/crops_fixed_mass/1ed192b993f0e546ad24439f22d7b4cb_img.png,1,0.9140831254665084
/root/autodl-tmp/CBIS/crops_fixed_mass/a679a22ce5031e1bd28d7fc5a1edce60_img.png,1,0.9670754618164342
/root/autodl-tmp/CBIS/crops_fixed_mass/5900e31b1db1522bec6a33fba5fd9cb7_img.png,1,0.9006386608031429
/root/autodl-tmp/CBIS/crops_fixed_mass/a06a0691ec49974d8533d706e7d47c6d_img.png,1,0.9834173449072177
/root/autodl-tmp/CBIS/crops_fixed_mass/78288e42b0f305c50f33d212d42aaa55_img.png,0,0.10653742143541253
/root/autodl-tmp/CBIS/crops_fixed_mass/d920f33dc00f37824d03fc051207d63d_img.png,0,0.16054256980805734
/root/autodl-tmp/CBIS/crops_fixed_mass/0791472ae757a8d855f7a939dcb517d1_img.png,1,0.7194899700675815
/root/autodl-tmp/CBIS/crops_fixed_mass/3df18eff1aca3cf258ea9e3809d5d536_img.png,1,0.37369665007325703
/root/autodl-tmp/CBIS/crops_fixed_mass/34c34e9b7a91161b0782dbe513135d54_img.png,1,0.9918265720012104
/root/autodl-tmp/CBIS/crops_fixed_mass/f0eecbda3b32fab91be094dbad861588_img.png,1,0.9825737688825485
/root/autodl-tmp/CBIS/crops_fixed_mass/fbb969c4c97b1ba434ee1147fa2d1f7a_img.png,1,0.6794946555248635
/root/autodl-tmp/CBIS/crops_fixed_mass/4a64a69a84464d123d65ed91b956462f_img.png,1,0.7110237818467016
/root/autodl-tmp/CBIS/crops_fixed_mass/5c56e4d4d1794b2f7d62ff429c2c54f9_img.png,1,0.6483321984167533
/root/autodl-tmp/CBIS/crops_fixed_mass/005ff47582cbecab219e1fe77756a396_img.png,1,0.3340113491253478
/root/autodl-tmp/CBIS/crops_fixed_mass/d399a888cf63528751277f4b1fbd167e_img.png,1,0.1931579817959981
/root/autodl-tmp/CBIS/crops_fixed_mass/0624c0c7c7aa1f2cbf84989bae74b379_img.png,0,0.4094961259531607
/root/autodl-tmp/CBIS/crops_fixed_mass/0c1afee36af177d9b40e9d35f6adaf72_img.png,1,0.656293124524767
/root/autodl-tmp/CBIS/crops_fixed_mass/68b91d5d39205fad4012f1ede7f15071_img.png,1,0.667249614911896
/root/autodl-tmp/CBIS/crops_fixed_mass/7093aa34d75f3736772161dc0ad198c8_img.png,1,0.18340335896942386
/root/autodl-tmp/CBIS/crops_fixed_mass/3c6ab616581a219e0d64fd50da119091_img.png,1,0.34456667890829407
/root/autodl-tmp/CBIS/crops_fixed_mass/7b940f9c1ec00cd2d59211a28cf9693e_img.png,1,0.34722849482130785
/root/autodl-tmp/CBIS/crops_fixed_mass/bf8ce57bfc878fca8c021f7f010ca5a7_img.png,1,0.122577555202666
/root/autodl-tmp/CBIS/crops_fixed_mass/8b73f2623174065f02213cc881c0e86b_img.png,1,0.2597977268157998
/root/autodl-tmp/CBIS/crops_fixed_mass/9b95d4f57c1beb47bc3f6db18dc1dd9e_img.png,1,0.2117935903621942
/root/autodl-tmp/CBIS/crops_fixed_mass/7d5472a5e67bafc26fa50bebdab3c9fd_img.png,1,0.08036479903180793
/root/autodl-tmp/CBIS/crops_fixed_mass/8be76154d025345b2a860efe26d86dfa_img.png,1,0.09924988144568718
/root/autodl-tmp/CBIS/crops_fixed_mass/cbcbb18d668ac4b85d99db7ee389a375_img.png,0,0.2638705712764682
/root/autodl-tmp/CBIS/crops_fixed_mass/86eb4972fb263cde0e5aa39f6c6359b8_img.png,0,0.19455070811069858
/root/autodl-tmp/CBIS/crops_fixed_mass/a192a29a2b414bc4b95537cf73e089a4_img.png,0,0.01876640379489956
/root/autodl-tmp/CBIS/crops_fixed_mass/0cfd665fd24279e5c9d88a20888767c2_img.png,1,0.8189470160511397
/root/autodl-tmp/CBIS/crops_fixed_mass/19dfe6027b42c288d876c96790673dd7_img.png,0,0.015849924703141272
/root/autodl-tmp/CBIS/crops_fixed_mass/bcd4b9849568253276ae97b09408912c_img.png,0,0.10721045962116506
/root/autodl-tmp/CBIS/crops_fixed_mass/8cdc775c9c680c0d274c0a51ed7c1ef3_img.png,1,0.276103364878646
/root/autodl-tmp/CBIS/crops_fixed_mass/e85fa31c95db2cc6e1db1e20e01334f1_img.png,1,0.22146992951114264
/root/autodl-tmp/CBIS/crops_fixed_mass/4c8e2b759f4c7d9045da68a4039313f5_img.png,1,0.8543982277598081
/root/autodl-tmp/CBIS/crops_fixed_mass/401e9de877236acbc5e0a72c2566c351_img.png,1,0.8700564817569558
/root/autodl-tmp/CBIS/crops_fixed_mass/4baf039c969a1fb1187f7d0ff31364a1_img.png,1,0.44328189398032525
/root/autodl-tmp/CBIS/crops_fixed_mass/bb237d1b99759b78a45d7fb35dbdf91a_img.png,1,0.2053182981895226
/root/autodl-tmp/CBIS/crops_fixed_mass/04cec6a0af8358b1e19271c806693831_img.png,0,0.04375198001500868
/root/autodl-tmp/CBIS/crops_fixed_mass/7d5375c79835843061f09eadac3c41cb_img.png,0,0.06666617960626177
/root/autodl-tmp/CBIS/crops_fixed_mass/e75b56f2f2e092eae9252c3cad69d7c7_img.png,0,0.23522599230159016
/root/autodl-tmp/CBIS/crops_fixed_mass/84a9bd662316c273bc467a0ef4b1b52b_img.png,0,0.15282936091427232
/root/autodl-tmp/CBIS/crops_fixed_mass/c085cf6bf2a2f993b6061bf0e37d4fd8_img.png,0,0.14908300178407266
/root/autodl-tmp/CBIS/crops_fixed_mass/df2808810238001778e4cbec3eaeeb57_img.png,1,0.9433682683162179
/root/autodl-tmp/CBIS/crops_fixed_mass/c54be34e9355a5b1ac44f07a9959e0a7_img.png,0,0.14675069756205367
/root/autodl-tmp/CBIS/crops_fixed_mass/0611c425ea5da7390479000db7094116_img.png,0,0.4433799511325508
/root/autodl-tmp/CBIS/crops_fixed_mass/b4fbc5d3d285284dcf5a899bab853809_img.png,0,0.44737881766085974
/root/autodl-tmp/CBIS/crops_fixed_mass/4562a1aff87446aa199a54dba509eb9a_img.png,0,0.1416011548145466
/root/autodl-tmp/CBIS/crops_fixed_mass/f59ddcf9234a3b1f426491a90c8ba8f9_img.png,1,0.9812543311475456
/root/autodl-tmp/CBIS/crops_fixed_mass/e662e05313ccc5e44a8fbe3119f3ff35_img.png,1,0.8859439066051875
/root/autodl-tmp/CBIS/crops_fixed_mass/81c7a87fa5b8d809948e7264e5183561_img.png,0,0.5119042705921935
/root/autodl-tmp/CBIS/crops_fixed_mass/57bcd9c33924b14e3a4b2f9380d4e1b5_img.png,0,0.5285308353360534
/root/autodl-tmp/CBIS/crops_fixed_mass/e7cc4fd64c7a2f85a37cbe917dbdace7_img.png,1,0.9786696813004565
/root/autodl-tmp/CBIS/crops_fixed_mass/3c3da13222cba8a6c19cf4b6eb90e5ab_img.png,1,0.8895063584994072
/root/autodl-tmp/CBIS/crops_fixed_mass/04270cf15264374050b25943309ac05c_img.png,0,0.10345929510435684
/root/autodl-tmp/CBIS/crops_fixed_mass/c5d82822014bd7a2821d73e54fa265ab_img.png,1,0.7144686549944871
/root/autodl-tmp/CBIS/crops_fixed_mass/6308fc16b0061c244d436aa9cb61acf4_img.png,1,0.7738883689726429
/root/autodl-tmp/CBIS/crops_fixed_mass/183173c3f25168b2768eeb82d0da606a_img.png,0,0.16159060035036144
/root/autodl-tmp/CBIS/crops_fixed_mass/d82fba49ecaa164bfcd9f36ae4945e1b_img.png,0,0.319276726151161
/root/autodl-tmp/CBIS/crops_fixed_mass/dcfa78e6a14a40058257f17ec3d7dc5c_img.png,0,0.5190481018473676
/root/autodl-tmp/CBIS/crops_fixed_mass/a7c4f52c3f453752c38eafbf52209b54_img.png,0,0.22706791129105686
/root/autodl-tmp/CBIS/crops_fixed_mass/bcd7071adf93322da644a61d51b2d60d_img.png,0,0.11826352263797399
/root/autodl-tmp/CBIS/crops_fixed_mass/def215035ddd8c0209a2c744c89a71f0_img.png,0,0.03312970416615967
/root/autodl-tmp/CBIS/crops_fixed_mass/fcc0fc6eec629827c5d1a85fe79b6ca4_img.png,1,0.7477486860583114
/root/autodl-tmp/CBIS/crops_fixed_mass/db13f8fe76dccb6adb890c3eb6b88d1d_img.png,1,0.8501047689488664
/root/autodl-tmp/CBIS/crops_fixed_mass/4e192a45cb741ed2df1c5202f31528ac_img.png,0,0.11701593777804328
/root/autodl-tmp/CBIS/crops_fixed_mass/332f73a4e4cb0396ab246f8451490767_img.png,0,0.021226036552840912
/root/autodl-tmp/CBIS/crops_fixed_mass/16d87eb88b183ca2af5fc0a5487f29de_img.png,1,0.49543424208074655
/root/autodl-tmp/CBIS/crops_fixed_mass/13c7a38bbdb72537f380215db8d27cbf_img.png,1,0.5390593011155832
/root/autodl-tmp/CBIS/crops_fixed_mass/61b9c8ef557d56a582544180cecb018a_img.png,0,0.2247185726126764
/root/autodl-tmp/CBIS/crops_fixed_mass/4ce7bd59330cf9bc6463eed87afaafe3_img.png,1,0.9951355893993368
/root/autodl-tmp/CBIS/crops_fixed_mass/f7a81f4c30b237694715194f38fe5334_img.png,1,0.9908687196262976
/root/autodl-tmp/CBIS/crops_fixed_mass/abefefe81f1e0826079e2edc74cae264_img.png,0,0.24726058892938785
/root/autodl-tmp/CBIS/crops_fixed_mass/958119fd98a8e157ba32a9d54f3b5359_img.png,1,0.9930553363888927
/root/autodl-tmp/CBIS/crops_fixed_mass/3dcdd234ce7241de3f8988b28e9f30ec_img.png,1,0.9972569603246438
/root/autodl-tmp/CBIS/crops_fixed_mass/863303cc97fa2fb420896f71550dacd3_img.png,1,0.12942197377248735
/root/autodl-tmp/CBIS/crops_fixed_mass/c860a205a079fa757c4e6c40a7ebf02d_img.png,1,0.16027002734612272
/root/autodl-tmp/CBIS/crops_fixed_mass/0bf76e4f7e7dea9a99c5eecfae88e69a_img.png,1,0.9787214959056454
/root/autodl-tmp/CBIS/crops_fixed_mass/8fe82ccff7046461e03514f0f843959b_img.png,1,0.9549684451054569
/root/autodl-tmp/CBIS/crops_fixed_mass/c49b8873ce6deca27b3b58e320d2ee5a_img.png,1,0.9965522389505798
/root/autodl-tmp/CBIS/crops_fixed_mass/092ac212aa50d1206f50dbd41dc71460_img.png,1,0.9944635794123369
/root/autodl-tmp/CBIS/crops_fixed_mass/d271efc7c8a7f0686eb3f529a1c25534_img.png,1,0.2149957926883871
/root/autodl-tmp/CBIS/crops_fixed_mass/bb9af4be6ddb6b85df2002b97897036c_img.png,1,0.5458242639328926
/root/autodl-tmp/CBIS/crops_fixed_mass/477132e0017cf800d14d80ca8d74e415_img.png,0,0.5657221565363173
/root/autodl-tmp/CBIS/crops_fixed_mass/bbcd229054b08a946813600003700c1a_img.png,1,0.9516114387229073
/root/autodl-tmp/CBIS/crops_fixed_mass/e90511fc7f53db054f6b1be273c53917_img.png,0,0.0961520235126316
/root/autodl-tmp/CBIS/crops_fixed_mass/071bfed7ac34ba589394bb4d1f5df64e_img.png,1,0.9414944380089988
/root/autodl-tmp/CBIS/crops_fixed_mass/be684cf3952892a40baf8b4c4f58d0f1_img.png,1,0.048490239249826414
/root/autodl-tmp/CBIS/crops_fixed_mass/5b55ad6804e2427f504cae5a6d072475_img.png,1,0.8967671032525459
/root/autodl-tmp/CBIS/crops_fixed_mass/02f0b90d2f0db1808728a592dfc2cd30_img.png,1,0.4973449420583273
/root/autodl-tmp/CBIS/crops_fixed_mass/89b06af46b0380b7f2f75d6cbab517f0_img.png,0,0.21268615108780153
/root/autodl-tmp/CBIS/crops_fixed_mass/be201f15a27fab068873138c493ca741_img.png,1,0.46608807604003305
/root/autodl-tmp/CBIS/crops_fixed_mass/bc634434b409b3fbbaeca213eac8161c_img.png,0,0.1499223075669315
/root/autodl-tmp/CBIS/crops_fixed_mass/f2fb093534ea0c54761b3c99922fbb8f_img.png,0,0.12184719919618205
/root/autodl-tmp/CBIS/crops_fixed_mass/8e0cf63786ed1d961963022dc0913725_img.png,0,0.1259523556969892
/root/autodl-tmp/CBIS/crops_fixed_mass/dd2880f7ca29e4be972a001a4daa36a1_img.png,0,0.14904378544923197
/root/autodl-tmp/CBIS/crops_fixed_mass/7c97924d7cf2cc9d6ea9b5a8d634bd39_img.png,0,0.2350154692682802
/root/autodl-tmp/CBIS/crops_fixed_mass/c83cebf6228b94c8e5b7df1c6c7d89f4_img.png,0,0.4987825910624773
/root/autodl-tmp/CBIS/crops_fixed_mass/bd2be49f522dbc8b4def8e0710f99502_img.png,0,0.6039078374967191
/root/autodl-tmp/CBIS/crops_fixed_mass/7a5e97c00c625d5f2e2e25ef49fe9680_img.png,0,0.09631413814944224
/root/autodl-tmp/CBIS/crops_fixed_mass/fdae8570dcf4b0f87b1a8540e864584a_img.png,0,0.0761171144344094
/root/autodl-tmp/CBIS/crops_fixed_mass/4888fd6b82cf0470be46177ffe00346d_img.png,0,0.5109882551371063
/root/autodl-tmp/CBIS/crops_fixed_mass/e94ee7b2b6901e2a86054b67d5a7a394_img.png,0,0.25204776259793976
/root/autodl-tmp/CBIS/crops_fixed_mass/486bb2d13f9f752096f94b6187987f8f_img.png,1,0.074465742869889
/root/autodl-tmp/CBIS/crops_fixed_mass/5e6b50706afa2b0a819c1b5c70946af1_img.png,1,0.21589795405792322
/root/autodl-tmp/CBIS/crops_fixed_mass/a4d787b1c7d66ff43bd5b01b4b82c664_img.png,0,0.10014656997224984
/root/autodl-tmp/CBIS/crops_fixed_mass/da055d7c527f9756e67f623869a2ebc1_img.png,0,0.23069354398734143
/root/autodl-tmp/CBIS/crops_fixed_mass/4265dac6d010607541428e315ab353ad_img.png,0,0.6172200319467531
/root/autodl-tmp/CBIS/crops_fixed_mass/4acea150899c3b4e373f5de62081805d_img.png,0,0.009573698130498808
/root/autodl-tmp/CBIS/crops_fixed_mass/991a993a45724f08cd5fd682a58fe25f_img.png,0,0.2330867511628461
/root/autodl-tmp/CBIS/crops_fixed_mass/9ab189c9e6a584e8a4862de53a0c4516_img.png,0,0.6869159075563087
/root/autodl-tmp/CBIS/crops_fixed_mass/4d188c3e961ee7a15c5d2e8c467f6bc2_img.png,1,0.3144960886805591
/root/autodl-tmp/CBIS/crops_fixed_mass/b4c1086c04db4935acd7ca8d62a4bbdf_img.png,1,0.830545695765358
/root/autodl-tmp/CBIS/crops_fixed_mass/2f979e1e70320879b655e3e83aa1d527_img.png,1,0.792253564258487
/root/autodl-tmp/CBIS/crops_fixed_mass/48790426a86a37797790d1dce5b4141a_img.png,0,0.44829203301752085
/root/autodl-tmp/CBIS/crops_fixed_mass/f7b0aeae184a068c7afb22cc1568bdb8_img.png,0,0.1199005929470728
/root/autodl-tmp/CBIS/crops_fixed_mass/4db47c41a1c5e1a0e114e8f80ba6d4dc_img.png,1,0.4578440530081179
/root/autodl-tmp/CBIS/crops_fixed_mass/4f9e430933db60ff69ecdd8794778c0b_img.png,1,0.7544809658643798
/root/autodl-tmp/CBIS/crops_fixed_mass/c4a1e9be4942348bbf2136fe4d4170d3_img.png,1,0.7290517516891686
/root/autodl-tmp/CBIS/crops_fixed_mass/a0b1f8975b45d9eee9209459f879ba1c_img.png,1,0.9007841955616139
/root/autodl-tmp/CBIS/crops_fixed_mass/4d1ba5d30685eb367836da5772f4c34f_img.png,1,0.9085721639467897
/root/autodl-tmp/CBIS/crops_fixed_mass/daf24699f8b0f51edb2931c7f735c0f3_img.png,1,0.9618318063439314
/root/autodl-tmp/CBIS/crops_fixed_mass/83176ec92d06f94fc1ba7a899e9c89c1_img.png,0,0.06403930912884405
/root/autodl-tmp/CBIS/crops_fixed_mass/17cb52b9be7ef545f7872637ecaaa439_img.png,1,0.5820102988196758
/root/autodl-tmp/CBIS/crops_fixed_mass/6857e0860818b52a18b698e7ea330b64_img.png,1,0.32451872160046086
/root/autodl-tmp/CBIS/crops_fixed_mass/07f49713fd0eb8770f940e60cbaf3a7c_img.png,0,0.34580254204773825
/root/autodl-tmp/CBIS/crops_fixed_mass/667ba59c3de340f438a83a194eced7d4_img.png,1,0.05660475136084883
/root/autodl-tmp/CBIS/crops_fixed_mass/7c2207bc224c4403c6616433312602f9_img.png,1,0.38557025656815525
/root/autodl-tmp/CBIS/crops_fixed_mass/90581af9683b9cf43981e39448a6d2a5_img.png,1,0.4343357090212794
/root/autodl-tmp/CBIS/crops_fixed_mass/acf4d42c70fae11dde67d4c2cfa339a4_img.png,1,0.7257613568721127
/root/autodl-tmp/CBIS/crops_fixed_mass/1153a35b60f9bb832c87e60b6af73df6_img.png,1,0.956398308415231
/root/autodl-tmp/CBIS/crops_fixed_mass/5148a8c16e080cf2397178d4141298ce_img.png,1,0.9940835001389077
/root/autodl-tmp/CBIS/crops_fixed_mass/168142332f68119790372cd03862ad51_img.png,1,0.15793762130518868
/root/autodl-tmp/CBIS/crops_fixed_mass/2feff1b19e42239982cd93c262817ce7_img.png,1,0.1652126042802291
/root/autodl-tmp/CBIS/crops_fixed_mass/3d0ccbf20263d7494c05e6ed6e25800a_img.png,1,0.2194212739997331
/root/autodl-tmp/CBIS/crops_fixed_mass/b938e3a66df0e857493c32420210e8d4_img.png,1,0.43966695666437106
/root/autodl-tmp/CBIS/crops_fixed_mass/613f910268af2e2134b451e2d1650f7f_img.png,0,0.0738008949968637
/root/autodl-tmp/CBIS/crops_fixed_mass/28947d687f5b9ba36e057e9c521c0880_img.png,1,0.5508862144676197
/root/autodl-tmp/CBIS/crops_fixed_mass/54ee0d46983ba1d41f27e212fd8bd72f_img.png,1,0.7786795155859811
/root/autodl-tmp/CBIS/crops_fixed_mass/a23a835b1471f9368bff20f6c9f84902_img.png,0,0.01288894454784149
/root/autodl-tmp/CBIS/crops_fixed_mass/8b976e11dc70986c4de56051c0c4cde7_img.png,1,0.2322073531107608
/root/autodl-tmp/CBIS/crops_fixed_mass/c0d44e9acf5d106177421c01ce5b3c40_img.png,1,0.4738102261238005
/root/autodl-tmp/CBIS/crops_fixed_mass/72bfd78826cc3ac8dccda506b740bd98_img.png,0,0.12253796963938052
/root/autodl-tmp/CBIS/crops_fixed_mass/437dd196c3bdbffc958705a7ec161c84_img.png,1,0.31857093199367637
/root/autodl-tmp/CBIS/crops_fixed_mass/56009e478f0f6ea0517557dc68d7c0ae_img.png,0,0.8234326024563806
/root/autodl-tmp/CBIS/crops_fixed_mass/1045d99aa973d31502491400d6083bd4_img.png,0,0.3402721006342652
/root/autodl-tmp/CBIS/crops_fixed_mass/24f064d2b856958b4f41b562b94cca0a_img.png,0,0.05221515773626433
/root/autodl-tmp/CBIS/crops_fixed_mass/3660afea396487ea68f1729d198a3006_img.png,0,0.06398044525868578
/root/autodl-tmp/CBIS/crops_fixed_mass/f5ec4bed2b282c0f630ce9d2a5bb544a_img.png,0,0.6465482149425518
/root/autodl-tmp/CBIS/crops_fixed_mass/1f1abf2733f91dfd972fa826bc5e6b72_img.png,0,0.28155240840768303
/root/autodl-tmp/CBIS/crops_fixed_mass/3b4e86a5aebb7314c535ecf27a391efa_img.png,1,0.947135119000497
/root/autodl-tmp/CBIS/crops_fixed_mass/3d0bca388e6af8fa06781c1c67db654a_img.png,1,0.6929777671264276
/root/autodl-tmp/CBIS/crops_fixed_mass/4e483fcc8a2b43cf560a8a8bfce7d60c_img.png,0,0.26210923127030894
/root/autodl-tmp/CBIS/crops_fixed_mass/e3e1252f05a3c672995264fbb2a1cb76_img.png,0,0.8025688100583692
/root/autodl-tmp/CBIS/crops_fixed_mass/ce5ac12cc2f7657fa23519d7ed3653a7_img.png,0,0.02035833365701164
/root/autodl-tmp/CBIS/crops_fixed_mass/969b88a23f16cf277042754ec1aab252_img.png,0,0.02526211369204238
/root/autodl-tmp/CBIS/crops_fixed_mass/202ee0dd23f32374170e042961ac93a9_img.png,1,0.9821973839555235
/root/autodl-tmp/CBIS/crops_fixed_mass/2a6a4bbfce5e0073cc8dc76992f8657c_img.png,1,0.9005468908310676
/root/autodl-tmp/CBIS/crops_fixed_mass/0984b95b474a72f538535bb77b5ede8c_img.png,0,0.15352105944159217
/root/autodl-tmp/CBIS/crops_fixed_mass/d3bf844287fef89963bd28399129d9f2_img.png,0,0.044174322084779026
/root/autodl-tmp/CBIS/crops_fixed_mass/9821a72e661eb5e1d34e8fbabe0d2a91_img.png,0,0.16622775997043882
/root/autodl-tmp/CBIS/crops_fixed_mass/86f776de977d1cdcdd0a80df7e601674_img.png,1,0.8292169908717001
/root/autodl-tmp/CBIS/crops_fixed_mass/e8a3b175c23c5b44af8a04e6f6391ca5_img.png,1,0.409415643243454
/root/autodl-tmp/CBIS/crops_fixed_mass/9a7b9744b9f8e4dbcdc520bfd0efc19d_img.png,1,0.9875482993608612
/root/autodl-tmp/CBIS/crops_fixed_mass/c31a5a07e196c91ec813ded735dc1dfd_img.png,1,0.9900981601822478
/root/autodl-tmp/CBIS/crops_fixed_mass/7d7c648b610b3baca48dc947c06b9dca_img.png,0,0.5595080516742778
/root/autodl-tmp/CBIS/crops_fixed_mass/36d2d425b80ce2de877cdc6deac3869d_img.png,0,0.09421433780134712
/root/autodl-tmp/CBIS/crops_fixed_mass/ad77754d3db96dfc046f79622eda6bac_img.png,1,0.9911998111660942
/root/autodl-tmp/CBIS/crops_fixed_mass/8489142c35a5eebc8143257d87f87246_img.png,1,0.8591464118223573
/root/autodl-tmp/CBIS/crops_fixed_mass/09b75ce39c25ae81a287e3e5c7d67726_img.png,0,0.0003272326361354685
/root/autodl-tmp/CBIS/crops_fixed_mass/c9ed34f4c83b6db6f76ea30022fc5592_img.png,1,0.5522156516352473
/root/autodl-tmp/CBIS/crops_fixed_mass/ce2bfaf231285fa7c856325eed1e0730_img.png,1,0.4119065765870169
/root/autodl-tmp/CBIS/crops_fixed_mass/25a988b92b2472fe6ccc47d7f11c36d4_img.png,0,0.5437316957761519
/root/autodl-tmp/CBIS/crops_fixed_mass/7927c84ef5b4243769a01c0bbc8ec180_img.png,0,0.07221137060213831
/root/autodl-tmp/CBIS/crops_fixed_mass/a76e7fda3a31d0d2ce4e335ad7a42626_img.png,1,0.7003725689982357
/root/autodl-tmp/CBIS/crops_fixed_mass/1eeabb28280019eeb2db8ce0ea252f23_img.png,1,0.11191412304648216
/root/autodl-tmp/CBIS/crops_fixed_mass/8aeb66cff2193527aa1b7002d19349c2_img.png,0,0.18423534692318655
/root/autodl-tmp/CBIS/crops_fixed_mass/8e3dfeefffbb726214e3d814aa34f768_img.png,0,0.6005056844056753
/root/autodl-tmp/CBIS/crops_fixed_mass/1ed1db74e0250124e3a1e85caba22282_img.png,0,0.12101907099298838
/root/autodl-tmp/CBIS/crops_fixed_mass/13c79ae862353ce4f3880f7aa913a05a_img.png,0,0.1705086417790696
/root/autodl-tmp/CBIS/crops_fixed_mass/420d39b5fb0d8f7e7996a6595bb876ca_img.png,0,0.08077282330741159
/root/autodl-tmp/CBIS/crops_fixed_mass/8d48457de7ecb41b6a6bdb5859a7b3dc_img.png,1,0.6034779806515578
/root/autodl-tmp/CBIS/crops_fixed_mass/3beaae37a00127943c9212f510172cec_img.png,1,0.43216515674367706
/root/autodl-tmp/CBIS/crops_fixed_mass/cd8bf26665db68a362c48e6014122cda_img.png,0,0.388769168762128
/root/autodl-tmp/CBIS/crops_fixed_mass/d11b95d7aacee5f2d5f93a0f1adfb98e_img.png,0,0.20482148821682197
/root/autodl-tmp/CBIS/crops_fixed_mass/ae05c65051734822c523fb882fbd9d9c_img.png,0,0.26744594411982375
/root/autodl-tmp/CBIS/crops_fixed_mass/9be0593b417b8cd08f6937779a562b85_img.png,0,0.09536741694199878
/root/autodl-tmp/CBIS/crops_fixed_mass/5544e07fe8648dd6fd5d3c486e9d0c7a_img.png,1,0.9191585250896015
/root/autodl-tmp/CBIS/crops_fixed_mass/06f425bf87f5134ba7a255355b47d0af_img.png,1,0.9513155304195782
/root/autodl-tmp/CBIS/crops_fixed_mass/90bf61bef86934820428407bd8b709e6_img.png,0,0.8341771643729942
/root/autodl-tmp/CBIS/crops_fixed_mass/10d3a5c22af4028bb3498ff848ddbc49_img.png,0,0.48230047976571844
/root/autodl-tmp/CBIS/crops_fixed_mass/106911fed3a7529fb037798eb618c977_img.png,0,0.889330812779532
/root/autodl-tmp/CBIS/crops_fixed_mass/6662786dd4ee5f3960b7d0722c54b9e7_img.png,0,0.5931982696176089
/root/autodl-tmp/CBIS/crops_fixed_mass/6e0473b5ed6ec3a199bac195490312ff_img.png,1,0.49806868352306877
/root/autodl-tmp/CBIS/crops_fixed_mass/d91bf450eaa3de7bbe3f1a9f78dc058a_img.png,0,0.01921763728992747
/root/autodl-tmp/CBIS/crops_fixed_mass/1cacaa585abb6ac21314f95915b4832c_img.png,0,0.15895513934303662
/root/autodl-tmp/CBIS/crops_fixed_mass/7600d9b00d3e016f049055a357ebec7d_img.png,1,0.3421071767179877
/root/autodl-tmp/CBIS/crops_fixed_mass/92664cc7876ce7eadb7e8026d121d200_img.png,1,0.2647037975385935
/root/autodl-tmp/CBIS/crops_fixed_mass/8e235d158f3caa629702dc0228d9e998_img.png,0,0.5938791774489552
/root/autodl-tmp/CBIS/crops_fixed_mass/7f6f3b37976fa934f05e645a8d4dc929_img.png,0,0.07717971417543132
/root/autodl-tmp/CBIS/crops_fixed_mass/7692ed4b3f303ea0fb8fb32c3955b736_img.png,0,0.03687252622707808
/root/autodl-tmp/CBIS/crops_fixed_mass/6f62748e592a801c9f83498a54822e2b_img.png,0,0.0773681243640694
/root/autodl-tmp/CBIS/crops_fixed_mass/8433468e20432999ca56bfffd278746d_img.png,0,0.22820086166590442
/root/autodl-tmp/CBIS/crops_fixed_mass/e123a9827bc790d2e78b896ae3e96424_img.png,1,0.8179688081663163
/root/autodl-tmp/CBIS/crops_fixed_mass/cd1622ea36cbe2b8da43d39ed8097d71_img.png,1,0.8497969545537819
/root/autodl-tmp/CBIS/crops_fixed_mass/b5b45ce1269446dbefe16908535ea65d_img.png,0,0.07170624868213063
/root/autodl-tmp/CBIS/crops_fixed_mass/c87375d11d618c3b9c5aabcf21fdf2c1_img.png,0,0.16677619537983476
/root/autodl-tmp/CBIS/crops_fixed_mass/7958852d77c965c3b3dc16b552a88ebb_img.png,0,0.08770925883666487
/root/autodl-tmp/CBIS/crops_fixed_mass/5037014a39af0ab8592cd7d8b0b5b501_img.png,0,0.09904510429369401
/root/autodl-tmp/CBIS/crops_fixed_mass/291e70fa2b3b9ac6fcbc9464e9475f58_img.png,0,0.5065528196843693
/root/autodl-tmp/CBIS/crops_fixed_mass/6ed6ecccb945f7bdd2aa1ab628fb613f_img.png,0,0.1612824063821332
/root/autodl-tmp/CBIS/crops_fixed_mass/14029ee7dd86c0eb701ae7113181ed4b_img.png,1,0.9937465228508685
/root/autodl-tmp/CBIS/crops_fixed_mass/de9502697b4a4f8c8027f9f440ab7ed6_img.png,1,0.9966708093706204
/root/autodl-tmp/CBIS/crops_fixed_mass/3be0a3a5c740edaa89d0a643ec26d6bf_img.png,1,0.9830516079645635
/root/autodl-tmp/CBIS/crops_fixed_mass/7439d88d11080bc8bf5cd48927947282_img.png,1,0.9799172116060353
/root/autodl-tmp/CBIS/crops_fixed_mass/c0028a979891d302a1e749be6b80db37_img.png,0,0.14579215801448778
/root/autodl-tmp/CBIS/crops_fixed_mass/84984b6cc781f8a9cd6539f1465a46f0_img.png,1,0.89594688289849
/root/autodl-tmp/CBIS/crops_fixed_mass/2da7cb7e9c688d6f1a6ef9015c2a2a50_img.png,1,0.6078496122040427
/root/autodl-tmp/CBIS/crops_fixed_mass/869244043afad1901aa7a578505bdf70_img.png,0,0.24502864206084918
/root/autodl-tmp/CBIS/crops_fixed_mass/53dacaafe67abfa07a70c5461e65d07c_img.png,0,0.05220658914682836
/root/autodl-tmp/CBIS/crops_fixed_mass/14fd76971237c2a510d532183a700dce_img.png,1,0.9942551179278353
/root/autodl-tmp/CBIS/crops_fixed_mass/7a2ecbd083e11c5c28021cc1d0a7546c_img.png,1,0.9960067058817597
/root/autodl-tmp/CBIS/crops_fixed_mass/99e64ba8ae740b8e68e28b9b9d964065_img.png,0,0.6158984064875024
/root/autodl-tmp/CBIS/crops_fixed_mass/10772a0221768b2861255d87f04da2ff_img.png,0,0.11439137994026266
/root/autodl-tmp/CBIS/crops_fixed_mass/95b4d9db3147555e648db1e04f559ffa_img.png,0,0.2911853996245648
/root/autodl-tmp/CBIS/crops_fixed_mass/e0da32467b286e6dfadf8b8dbdc809eb_img.png,0,0.2182447273722669
/root/autodl-tmp/CBIS/crops_fixed_mass/52ebbc0f0c89a189142775974fad5770_img.png,0,0.2103857673298938
/root/autodl-tmp/CBIS/crops_fixed_mass/31acf3522fa4114232b1523ec463ef13_img.png,0,0.09745984226946108
/root/autodl-tmp/CBIS/crops_fixed_mass/09839f749412272b8af8b91b1c549604_img.png,0,0.11262036776945482
/root/autodl-tmp/CBIS/crops_fixed_mass/48823950c0542120a5dc056afef873aa_img.png,0,0.17785813698002975
/root/autodl-tmp/CBIS/crops_fixed_mass/04cbb3ce728970b4469906f63b920c4d_img.png,1,0.9637435928210425
/root/autodl-tmp/CBIS/crops_fixed_mass/6437344d4b4146c76875ac5b36b7bd4b_img.png,1,0.9939687542791628
/root/autodl-tmp/CBIS/crops_fixed_mass/efca50752e8566b1866b3c517ff72aaf_img.png,1,0.7529766929277236
/root/autodl-tmp/CBIS/crops_fixed_mass/7c9589aec521258c4507a5dd2bed83fb_img.png,1,0.9374279532339379
/root/autodl-tmp/CBIS/crops_fixed_mass/7d4c203d8b5f92adbd74ec427a4f3d00_img.png,1,0.7200935640938225
/root/autodl-tmp/CBIS/crops_fixed_mass/c7d2b881548889b29811ce89cb0196db_img.png,0,0.11970650784883038
/root/autodl-tmp/CBIS/crops_fixed_mass/63d88e3875cca94d891b22ba3a223539_img.png,0,0.1636850442200484
/root/autodl-tmp/CBIS/crops_fixed_mass/d7a4cc0688bb61df009b7e356c6dcb96_img.png,0,0.30739145008796465
/root/autodl-tmp/CBIS/crops_fixed_mass/fe335f065a0399c64ffb614ecc8a8a3d_img.png,1,0.6783083987697796
/root/autodl-tmp/CBIS/crops_fixed_mass/43d390ca62bd60bfdcd39c6974340266_img.png,0,0.015584096812636701
/root/autodl-tmp/CBIS/crops_fixed_mass/7d8162bcb2092384d1dc7debcff24527_img.png,0,0.28723487322275876
/root/autodl-tmp/CBIS/crops_fixed_mass/eaaab7c9c88423e8eb9d7fc5fca41b6c_img.png,1,0.7152722130702248
/root/autodl-tmp/CBIS/crops_fixed_mass/2ac14e474ecfb403364fa5e5aadcfea6_img.png,1,0.40188594279515005
/root/autodl-tmp/CBIS/crops_fixed_mass/fd03d6456b90039d078a32cbfb3b0b6a_img.png,0,0.1896545526783495
/root/autodl-tmp/CBIS/crops_fixed_mass/9ddfa94c31709ae43fd28c781e367188_img.png,0,0.013759160991196723
/root/autodl-tmp/CBIS/crops_fixed_mass/b851634587d6bdd46d623a5e3c0099ae_img.png,0,0.1756324418049551
/root/autodl-tmp/CBIS/crops_fixed_mass/25b5689238c9faf4b352dacc184cc7f5_img.png,0,0.35849095360792155
/root/autodl-tmp/CBIS/crops_fixed_mass/e392b04980c29f1dd8bf46f2bed4e2ca_img.png,0,0.4342348347776621
/root/autodl-tmp/CBIS/crops_fixed_mass/3a1901d19f6f155a668375e9b1e9bf82_img.png,0,0.2140016142452129
/root/autodl-tmp/CBIS/crops_fixed_mass/4f6978f1bc5c813a95d66abba035aa8f_img.png,1,0.739348450203453
/root/autodl-tmp/CBIS/crops_fixed_mass/bd69f3a3618e18b663fd6f1b48365b0c_img.png,1,0.8768594206994296
/root/autodl-tmp/CBIS/crops_fixed_mass/d24f4c7fea1d9af754bae35328a80808_img.png,0,0.11392231354750536
/root/autodl-tmp/CBIS/crops_fixed_mass/338fdafe9da897ee0386dfa7bb430aa1_img.png,0,0.10681375146724106
/root/autodl-tmp/CBIS/crops_fixed_mass/3e7d149057dee5498c0950f41f0a6985_img.png,1,0.9343555442090282
/root/autodl-tmp/CBIS/crops_fixed_mass/a908f966d9c1e8fc8e94914ccf824f4b_img.png,1,0.6668135216292519
/root/autodl-tmp/CBIS/crops_fixed_mass/3a49b1c5cdff4e0e22e5200c0ce8c358_img.png,0,0.5336464137931178
/root/autodl-tmp/CBIS/crops_fixed_mass/73e0a5c0039ba4ca61eb70996168f1dd_img.png,0,0.5677272547520588
/root/autodl-tmp/CBIS/crops_fixed_mass/24259e80a25aafccc02ffd5fafa36c27_img.png,1,0.7529293884750542
/root/autodl-tmp/CBIS/crops_fixed_mass/5c989de07cc3d62948f9f698d9058173_img.png,1,0.9508209025862433
/root/autodl-tmp/CBIS/crops_fixed_mass/5ece8139aa1cff712b5b5f9da0187406_img.png,1,0.9101464974297386
/root/autodl-tmp/CBIS/crops_fixed_mass/591eb342c63e87d609e74801d4936578_img.png,1,0.16457701736433497
/root/autodl-tmp/CBIS/crops_fixed_mass/db21676d3b7ce88203ea98c3b7fc0dc9_img.png,1,0.6338489183655942
/root/autodl-tmp/CBIS/crops_fixed_mass/49a17cb9b3fb51354aa3e8c520922094_img.png,1,0.6737640957391632
/root/autodl-tmp/CBIS/crops_fixed_mass/64be90367b78b7fb53c9b009f49e823f_img.png,1,0.7965661321373114
/root/autodl-tmp/CBIS/crops_fixed_mass/60e9d47931c96aa37091d568abb471b0_img.png,0,0.2468164903694219
/root/autodl-tmp/CBIS/crops_fixed_mass/5462520ed87b71b1ae7096055bdd845e_img.png,0,0.5817655547009548
/root/autodl-tmp/CBIS/crops_fixed_mass/ac034c47625d3feaa64dfbe8cbf894a7_img.png,0,0.2125213174224818
/root/autodl-tmp/CBIS/crops_fixed_mass/b138fc1f5bac0f8e4407d85c7c3f5fd9_img.png,0,0.27579281138961004
/root/autodl-tmp/CBIS/crops_fixed_mass/3bff36609b4228fed5bb9cba32b991f8_img.png,0,0.007043546090450635
/root/autodl-tmp/CBIS/crops_fixed_mass/b96fa398509ff7ec3e7e8346699b69f1_img.png,0,0.08013960105697282
/root/autodl-tmp/CBIS/crops_fixed_mass/b2ef98f47e3ad506eb66e47bded9e3f4_img.png,0,0.3119762076062427
/root/autodl-tmp/CBIS/crops_fixed_mass/6a553fd430f7052a361e77a401acda33_img.png,0,0.1492206577895135
/root/autodl-tmp/CBIS/crops_fixed_mass/7d2e56d0e59eee85b0e11936c9652a63_img.png,1,0.9494784770584106
/root/autodl-tmp/CBIS/crops_fixed_mass/5e079f316dbf597d882ce67066133419_img.png,1,0.8243487574351289
/root/autodl-tmp/CBIS/crops_fixed_mass/ec387001698ad41bbf8c4a57dc58eeb6_img.png,1,0.9914948404335548
/root/autodl-tmp/CBIS/crops_fixed_mass/4ee9ce0e8b3f4fb8ddea0b8130e28a4f_img.png,0,0.6990939487734535
/root/autodl-tmp/CBIS/crops_fixed_mass/d542150d18a1078a6e76bcff05fdd266_img.png,0,0.7636652976832684
/root/autodl-tmp/CBIS/crops_fixed_mass/a9385ed23d025d29a9952efade8b2ec8_img.png,0,0.07714018754245369
/root/autodl-tmp/CBIS/crops_fixed_mass/954e4e44ed5767820779795ee40f78fa_img.png,0,0.10140088095157666
/root/autodl-tmp/CBIS/crops_fixed_mass/cf4179a649ead7af1e55a96f53b59152_img.png,0,0.21759521918467745
/root/autodl-tmp/CBIS/crops_fixed_mass/e6c95a3114a52d6a8a5ab668b94be7ee_img.png,0,0.35988182302830213
/root/autodl-tmp/CBIS/crops_fixed_mass/1f96dc50fcb22e381aca6fb75944f553_img.png,0,0.31144537845470627
/root/autodl-tmp/CBIS/crops_fixed_mass/c7f8bfc1eaa8caf44a8070db95d979e5_img.png,0,0.2702795238751997
/root/autodl-tmp/CBIS/crops_fixed_mass/ca082f7419308752eb6780cd62005720_img.png,0,0.21692211162553318
/root/autodl-tmp/CBIS/crops_fixed_mass/c09dae86f9f2f3b04dc3e92c0e939b0f_img.png,0,0.37941055947350993
/root/autodl-tmp/CBIS/crops_fixed_mass/dc570ce8fc97174760445eccbc2ae246_img.png,0,0.1988272195162258
/root/autodl-tmp/CBIS/crops_fixed_mass/d2eef9efe313bef37892af58694adc6b_img.png,0,0.1360214556779223
/root/autodl-tmp/CBIS/crops_fixed_mass/11ef7afc596d194f233fcd9861164101_img.png,1,0.6622522214218046
/root/autodl-tmp/CBIS/crops_fixed_mass/8364cf3443a23cdf8967cde1d37c5087_img.png,0,0.2053334604183281
/root/autodl-tmp/CBIS/crops_fixed_mass/4fe60efff27334da92e705b309f9ef62_img.png,0,0.11617035433160171
/root/autodl-tmp/CBIS/crops_fixed_mass/0f37180e7a3a207817228e87851f9ef4_img.png,0,0.10556925397446469
/root/autodl-tmp/CBIS/crops_fixed_mass/7cbe95555684e621c518e972420c100b_img.png,1,0.9573796148167073
/root/autodl-tmp/CBIS/crops_fixed_mass/1ed0bdd3bf4325abc914bc440c584122_img.png,0,0.1680063538101395
/root/autodl-tmp/CBIS/crops_fixed_mass/8fe46b067776eb282641e85d526d8c02_img.png,0,0.03820247065612301
/root/autodl-tmp/CBIS/crops_fixed_mass/b53b9a5fe4105dfaced51ed33eca3b5e_img.png,0,0.30352221574770744
/root/autodl-tmp/CBIS/crops_fixed_mass/872e3512c992febfd097afcc68901bd4_img.png,0,0.6335407410348244
/root/autodl-tmp/CBIS/crops_fixed_mass/2b52e7117b228e422bd5f4ebca2b3272_img.png,0,0.813033828217609
/root/autodl-tmp/CBIS/crops_fixed_mass/0eb8b1b59a19c857b50e269c9e40a3b3_img.png,1,0.7111022877286564
/root/autodl-tmp/CBIS/crops_fixed_mass/42b2db47664d9b9983bf86ae259f24b5_img.png,1,0.8941541805127481
/root/autodl-tmp/CBIS/crops_fixed_mass/a007bef12c1b7587a7982369704d1121_img.png,1,0.8609113218724569
/root/autodl-tmp/CBIS/crops_fixed_mass/b017354373d29535b045828e3d534b19_img.png,1,0.5542788830217646
/root/autodl-tmp/CBIS/crops_fixed_mass/0c8d4bb446a91bfd146852fa37fe249d_img.png,0,0.24620125361531658
/root/autodl-tmp/CBIS/crops_fixed_mass/2131477e06e6d85a5b6ef5a80235d9de_img.png,0,0.25758846489499554
/root/autodl-tmp/CBIS/crops_fixed_mass/2acabb15b10705202145e3449f4f8de4_img.png,1,0.21028165289739187
/root/autodl-tmp/CBIS/crops_fixed_mass/1c72dc0f01c90baaba6e5d41db677cae_img.png,0,0.05479406011353375
/root/autodl-tmp/CBIS/crops_fixed_mass/1b819faf103f7b153e4e968ddc8a8b6c_img.png,1,0.5162126150799301
/root/autodl-tmp/CBIS/crops_fixed_mass/16c2ab2e220bcda0c2287de3eaf4b3f8_img.png,1,0.33745105114505725
/root/autodl-tmp/CBIS/crops_fixed_mass/40f8f9864cbe10ecb40368f8c598a4cc_img.png,1,0.6477403182795158
/root/autodl-tmp/CBIS/crops_fixed_mass/549bab6cd5fc9133510179a6d43c31f8_img.png,1,0.5163550549346148
/root/autodl-tmp/CBIS/crops_fixed_mass/2aa88a7aec6001876bfe39a8599fa26d_img.png,1,0.639179514778199
/root/autodl-tmp/CBIS/crops_fixed_mass/3210cfad9f320bbc069f526a615b9b12_img.png,0,0.2869156193850995
/root/autodl-tmp/CBIS/crops_fixed_mass/c5217f860fea5fe12406e9d299fcf0d2_img.png,1,0.9857091721397103
/root/autodl-tmp/CBIS/crops_fixed_mass/7164a9b4db8e671ecfe415feef7ef521_img.png,1,0.9571139711599227
/root/autodl-tmp/CBIS/crops_fixed_mass/be15b7847e639b3af8911d0086ac07cc_img.png,0,0.47298608777110585
/root/autodl-tmp/CBIS/crops_fixed_mass/53010c3e1d68a4704db4826e8489ff47_img.png,0,0.1303730635418307
/root/autodl-tmp/CBIS/crops_fixed_mass/06c44b389ad4aafa1ec93640f5320e91_img.png,0,0.10405030192984104
/root/autodl-tmp/CBIS/crops_fixed_mass/a829f7e90f377b54cedc6303924fa9d8_img.png,0,0.4561174736252607
/root/autodl-tmp/CBIS/crops_fixed_mass/2864eceb2b0e79db5c89c8ca47abadc2_img.png,1,0.9994293520706091
/root/autodl-tmp/CBIS/crops_fixed_mass/f5cf96f4b676c6570abf33a364f908b1_img.png,1,0.9960291920975349
/root/autodl-tmp/CBIS/crops_fixed_mass/5cc9799d31d7aecda5d24c2f4ab9aaaa_img.png,1,0.9908348683411886
/root/autodl-tmp/CBIS/crops_fixed_mass/26371355b408830e0b9242a43993fbdb_img.png,1,0.9978728136633778
/root/autodl-tmp/CBIS/crops_fixed_mass/6c0a3b5f244aa658de7348059e424075_img.png,0,0.008168948869972667
/root/autodl-tmp/CBIS/crops_fixed_mass/395a6013d1ef69fb9eb6d636f361839c_img.png,1,0.9534802659436342
/root/autodl-tmp/CBIS/crops_fixed_mass/f241a2924218e0f8992419377e7c501c_img.png,1,0.5009534640828934
/root/autodl-tmp/CBIS/crops_fixed_mass/21a0e33c11a5d992c2a1e38482176284_img.png,0,0.620019393706646
/root/autodl-tmp/CBIS/crops_fixed_mass/859a379e674dea797e010e4667cf37c8_img.png,1,0.5309326306564012
/root/autodl-tmp/CBIS/crops_fixed_mass/8a4dc10e1a9ac2158dcfb8bd0a178edc_img.png,1,0.6984625507862646
/root/autodl-tmp/CBIS/crops_fixed_mass/e11123a1786a98156d25a6dcf02dec67_img.png,1,0.46008726512736214
/root/autodl-tmp/CBIS/crops_fixed_mass/1fe029009e518bd5e2c091f2fea0665f_img.png,1,0.17333788593659044
/root/autodl-tmp/CBIS/crops_fixed_mass/05d3ac66b965d9ee6ed6eb05a21ee846_img.png,1,0.9195404967215123
/root/autodl-tmp/CBIS/crops_fixed_mass/25d197044ce8354b19a6b1870c8e183b_img.png,1,0.8905905957278912
/root/autodl-tmp/CBIS/crops_fixed_mass/4555baaf636b8dcd486075b55fa337a5_img.png,0,0.2118330819842516
/root/autodl-tmp/CBIS/crops_fixed_mass/88dd32735832ba81150e2a4a976605d6_img.png,0,0.025456623262127883
/root/autodl-tmp/CBIS/crops_fixed_mass/92b61818ff902c3b18a735b7ed7ed3d3_img.png,0,0.6045443663491046
/root/autodl-tmp/CBIS/crops_fixed_mass/cd3cc7bf85662db70ebae551c4c727f2_img.png,1,0.9252898171548312
/root/autodl-tmp/CBIS/crops_fixed_mass/3974e17c52ea1f58fa073a4a70e030fb_img.png,1,0.7463019863160762
/root/autodl-tmp/CBIS/crops_fixed_mass/3c7c5569563a936165a30593a1c143e2_img.png,0,0.42687585320099153
/root/autodl-tmp/CBIS/crops_fixed_mass/b28559f8f6c844e119dfb600b72c876a_img.png,1,0.9386358507066754
/root/autodl-tmp/CBIS/crops_fixed_mass/2941485e50eb8d2434527c1bc296069d_img.png,1,0.8420307623206295
/root/autodl-tmp/CBIS/crops_fixed_mass/1886887e1c8f63918c1458e7f7f6a9b4_img.png,1,0.7018907894658155
/root/autodl-tmp/CBIS/crops_fixed_mass/036e53b13697b6896caba194b7baf40a_img.png,1,0.22638035421857503
/root/autodl-tmp/CBIS/crops_fixed_mass/8bb952bca86f6d3e1972c10d613da061_img.png,1,0.9362130241350504
/root/autodl-tmp/CBIS/crops_fixed_mass/4de48da69e870ee74277fee084ba115a_img.png,1,0.8163755804952555
/root/autodl-tmp/CBIS/crops_fixed_mass/0db1ef652e3ae32c16d2ead67f383cbf_img.png,1,0.10511755320337697
/root/autodl-tmp/CBIS/crops_fixed_mass/d357135213d36b6e334396ac9546d6d0_img.png,1,0.5919954599013562
/root/autodl-tmp/CBIS/crops_fixed_mass/6bea06ee37ad91d9f6624021d5e640d7_img.png,0,0.2176695919700289
/root/autodl-tmp/CBIS/crops_fixed_mass/0f6515a38c8f874c396909afe4f0eacc_img.png,0,0.06658470519687971
/root/autodl-tmp/CBIS/crops_fixed_mass/bb8e794b84f3e29f0a91a7fd476da0ee_img.png,1,0.5139063534153188
/root/autodl-tmp/CBIS/crops_fixed_mass/dedaa2f1c70a322f45b1405c42840dcd_img.png,1,0.7384085487472885
/root/autodl-tmp/CBIS/crops_fixed_mass/75294e0e31eaafb285a022b454333d98_img.png,0,0.5951510901299147
/root/autodl-tmp/CBIS/crops_fixed_mass/06f6b99e7ad028b09efad08ad61222ac_img.png,0,0.01891244059246183
/root/autodl-tmp/CBIS/crops_fixed_mass/73ad0fefd1772c712cbe781aeedb5cf7_img.png,0,0.09977859606392496
/root/autodl-tmp/CBIS/crops_fixed_mass/9d121344d2716b6e278e30a9f70b1da6_img.png,0,0.024051187955485963
/root/autodl-tmp/CBIS/crops_fixed_mass/9d5f7f5a27ebd27dcbf7f1f8ea9fb6c4_img.png,0,0.06698531117523829
/root/autodl-tmp/CBIS/crops_fixed_mass/7702becd3be13a4c5135eb43bbd4486f_img.png,1,0.5633625038444153
/root/autodl-tmp/CBIS/crops_fixed_mass/6411cddcfe14d434f8af2a628f3b09a5_img.png,1,0.6740299175530354
/root/autodl-tmp/CBIS/crops_fixed_mass/6709f3a26d4911543765aa937d02ed36_img.png,1,0.8569433017058881
/root/autodl-tmp/CBIS/crops_fixed_mass/021ce8d82e342242998a19d84aa07434_img.png,1,0.3746527565694958
/root/autodl-tmp/CBIS/crops_fixed_mass/fdba7ff2ef642510c51d1601820b7cd7_img.png,1,0.6888716101193695
/root/autodl-tmp/CBIS/crops_fixed_mass/a2b8fdf3413259d9a68302982e40e540_img.png,1,0.7894533778934463
/root/autodl-tmp/CBIS/crops_fixed_mass/354e057a3ff44039b8ecf7b9edfd6986_img.png,1,0.9843154025228634
/root/autodl-tmp/CBIS/crops_fixed_mass/d47524ea1b13bc0e84effa2c2bd4ee80_img.png,0,0.5661644147015059
/root/autodl-tmp/CBIS/crops_fixed_mass/59c7bf9fbf246d661f5d8db54cc48a5f_img.png,0,0.48657737419522906
/root/autodl-tmp/CBIS/crops_fixed_mass/359f35750eeface60b0a8bbc9b791925_img.png,1,0.6952696901010369
/root/autodl-tmp/CBIS/crops_fixed_mass/c84b1e539da15c8cc41abd23b5d6c42e_img.png,1,0.9625839547257027
/root/autodl-tmp/CBIS/crops_fixed_mass/704a436948b6d124c8b4cb0e67e7e4b2_img.png,1,0.9727397842087132
/root/autodl-tmp/CBIS/crops_fixed_mass/79d0916606ddd1676ea312ebd38a4dec_img.png,0,0.9194360969413714
/root/autodl-tmp/CBIS/crops_fixed_mass/94ae085ee7bf27c9416433b2f476c8ec_img.png,1,0.9753515883497593
/root/autodl-tmp/CBIS/crops_fixed_mass/cb5ad2dcdda1121db6f97797c20cb4d6_img.png,1,0.027689001138720522
/root/autodl-tmp/CBIS/crops_fixed_mass/ac515770a8e5896ffc44bbe19628b76f_img.png,1,0.3735219445121538
/root/autodl-tmp/CBIS/crops_fixed_mass/f123b21783ed3895cf78bc46f456cd54_img.png,1,0.5857079380080835
/root/autodl-tmp/CBIS/crops_fixed_mass/8f1aed1f2dd53fd1ea2b690e47fe5973_img.png,1,0.7569073172548552
/root/autodl-tmp/CBIS/crops_fixed_mass/74bc4f00d79a38e25a238eae5f0f23fe_img.png,0,0.46782421956427406
/root/autodl-tmp/CBIS/crops_fixed_mass/cb23312fe2e5bfc6ddfe1fd5b72a060d_img.png,1,0.6422081092578049
/root/autodl-tmp/CBIS/crops_fixed_mass/e32748f3719c80ea5cfce5f43718db50_img.png,1,0.5280363683900575
/root/autodl-tmp/CBIS/crops_fixed_mass/cfc56299a0a8ffe2557ccfe65a139127_img.png,0,0.3002468434934091
/root/autodl-tmp/CBIS/crops_fixed_mass/c9c5d5a196c1fcad8c293607a3a705df_img.png,0,0.11475220382794221
/root/autodl-tmp/CBIS/crops_fixed_mass/652d54107dc637b1bf882e6e7c0a6ac0_img.png,1,0.12693251224972776
/root/autodl-tmp/CBIS/crops_fixed_mass/2c03d7fd18447f016c647dbfaef67e7d_img.png,1,0.96507177198844
/root/autodl-tmp/CBIS/crops_fixed_mass/b0a85fa639fae352ecfab5a399a0e94e_img.png,1,0.9981050838819985
/root/autodl-tmp/CBIS/crops_fixed_mass/18dc409de04c76a5cf4d2165e32fb460_img.png,1,0.9408763507666138
/root/autodl-tmp/CBIS/crops_fixed_mass/abb5487696090e9e544966fa066da4f8_img.png,0,0.017377812503670004
/root/autodl-tmp/CBIS/crops_fixed_mass/74c87d3b6ca655b4d303306e21fa872c_img.png,1,0.6994292370192808
/root/autodl-tmp/CBIS/crops_fixed_mass/9ea93bc6d223d2abfa356bd156fb2209_img.png,1,0.819946306216962
/root/autodl-tmp/CBIS/crops_fixed_mass/78baeb6c8c30da090d371ad0ea32f2e4_img.png,1,0.9850933815049074
/root/autodl-tmp/CBIS/crops_fixed_mass/bc6c679dc2aacc00b7f2b27e56f792d1_img.png,1,0.9885567240869019
/root/autodl-tmp/CBIS/crops_fixed_mass/4739ea6adcdc270257d45ddf05a45472_img.png,1,0.48154416804095884
/root/autodl-tmp/CBIS/crops_fixed_mass/c955e026b79047c11dfbe5af28445d16_img.png,0,0.15202998946867136
/root/autodl-tmp/CBIS/crops_fixed_mass/db99ee0a906b5c342598c911ae2ff449_img.png,0,0.22292985522094166
/root/autodl-tmp/CBIS/crops_fixed_mass/2715be6eb3e339734b27646d74ffc6da_img.png,1,0.7903021221082788
/root/autodl-tmp/CBIS/crops_fixed_mass/5a585adec40443b9edc48017bc9d8983_img.png,1,0.9716078093807226
/root/autodl-tmp/CBIS/crops_fixed_mass/c6be63a0d41b2bbe089349cfaa23e001_img.png,0,0.08677281391014036
/root/autodl-tmp/CBIS/crops_fixed_mass/7474da4e0486d44118092712383e81e9_img.png,0,0.375733448743508
/root/autodl-tmp/CBIS/crops_fixed_mass/a204d61b920c8adc11f321e7e60c18e3_img.png,1,0.9602604298719842
/root/autodl-tmp/CBIS/crops_fixed_mass/82152aa7859dd4b2bf9822bf99f03d91_img.png,1,0.44113018636970175
/root/autodl-tmp/CBIS/crops_fixed_mass/4ad128f4ac7de68e439f1937090b471b_img.png,1,0.594233151950479
/root/autodl-tmp/CBIS/crops_fixed_mass/e8df6b66b03e98e793897a57c9012547_img.png,0,0.7913060801251885
/root/autodl-tmp/CBIS/crops_fixed_mass/53c722d4ae99565b7d8565cd97f7c4d4_img.png,0,0.4225415592026318
/root/autodl-tmp/CBIS/crops_fixed_mass/873b5ca39288ad256c48785eebadae5d_img.png,0,0.0749261511015546
/root/autodl-tmp/CBIS/crops_fixed_mass/965b3ef96f52f6c47e416174e3c1624c_img.png,0,0.12193240983363467
/root/autodl-tmp/CBIS/crops_fixed_mass/6df2b1ed0f24d1293762ea0cfd5a42a7_img.png,1,0.8351396908583981
/root/autodl-tmp/CBIS/crops_fixed_mass/d4f95a819a5d797bdbd8116ac85ccc5f_img.png,1,0.9224602393817686
/root/autodl-tmp/CBIS/crops_fixed_mass/e89d1a4ce7c5a669451b4cb83f857882_img.png,1,0.9495482515865301
/root/autodl-tmp/CBIS/crops_fixed_mass/bc5d4105a7175d51e3f1c11c040829ac_img.png,0,0.5721914556884045
/root/autodl-tmp/CBIS/crops_fixed_mass/b05ef509cd98dd2438521b928725e624_img.png,1,0.9835451084538394
/root/autodl-tmp/CBIS/crops_fixed_mass/a69eb7078f1e0a10b6c4850ac2bd12c0_img.png,1,0.9792131288907905
/root/autodl-tmp/CBIS/crops_fixed_mass/395f9ca4ee079de37838b1d52b40f3f1_img.png,0,0.4044456539607151
/root/autodl-tmp/CBIS/crops_fixed_mass/cab8b1e39157080aa88df27922bd58b6_img.png,0,0.0903893505718718
/root/autodl-tmp/CBIS/crops_fixed_mass/9def9e6782e8d3371194fd18891ddd77_img.png,1,0.897790619109192
/root/autodl-tmp/CBIS/crops_fixed_mass/4074d7e2830d455845ee0205cf74e6f3_img.png,1,0.9029789631087175
/root/autodl-tmp/CBIS/crops_fixed_mass/a25f7259804b0fddbebf2b56a5428cfd_img.png,0,0.10092507409685776
/root/autodl-tmp/CBIS/crops_fixed_mass/fe2bea8ebf401b5a84f795022d63f303_img.png,0,0.060954647672726965
/root/autodl-tmp/CBIS/crops_fixed_mass/92662ce4ac4db46e7b20867d5a94f250_img.png,0,0.939006346298857
/root/autodl-tmp/CBIS/crops_fixed_mass/9540be673d601f6dc0cc005c2e070cc0_img.png,0,0.20261938739518187
/root/autodl-tmp/CBIS/crops_fixed_mass/dd25f7df59a783e15c73cde6eaddff18_img.png,0,0.03996606841267804
/root/autodl-tmp/CBIS/crops_fixed_mass/65f81c015831a12d4790ec81ac256562_img.png,0,0.5129831103257527
/root/autodl-tmp/CBIS/crops_fixed_mass/6c663691eb5637dc27a575f3e6594a92_img.png,0,0.3308814640037033
/root/autodl-tmp/CBIS/crops_fixed_mass/d60c9c75b39b46fe0744ade556722822_img.png,1,0.8546788290739606
/root/autodl-tmp/CBIS/crops_fixed_mass/97b96e5706260334163d8e18a9c6f724_img.png,1,0.5199843299963931
/root/autodl-tmp/CBIS/crops_fixed_mass/65cadb4192068028d6df814a97eb81d0_img.png,1,0.9429004499275763
/root/autodl-tmp/CBIS/crops_fixed_mass/566facc2318ea2ff3a6ad28139159de6_img.png,1,0.9948897839756342
/root/autodl-tmp/CBIS/crops_fixed_mass/d5dfaa858310a64927e9f9801df64237_img.png,1,0.9599579322739137
/root/autodl-tmp/CBIS/crops_fixed_mass/46c12213f55253dac9fd2ee8dcac5097_img.png,0,0.7308317875789591
/root/autodl-tmp/CBIS/crops_fixed_mass/4b3039819a7e27255d84d127b4f49e76_img.png,0,0.9698550506292088
/root/autodl-tmp/CBIS/crops_fixed_mass/c800707a8d983818f6bc047031126d2c_img.png,0,0.14317422012952666
/root/autodl-tmp/CBIS/crops_fixed_mass/6857d7724b5956ce60aff37748529377_img.png,0,0.2040757153028405
/root/autodl-tmp/CBIS/crops_fixed_mass/ff0cdd31055718c29dbd8b345ebe8274_img.png,1,0.9933362375670363
/root/autodl-tmp/CBIS/crops_fixed_mass/e6a58cc57062561e3dee940481f0adc1_img.png,1,0.9934595984979187
/root/autodl-tmp/CBIS/crops_fixed_mass/e51e1a7717b36b85e2725957cd85f434_img.png,0,0.06831147289326842
/root/autodl-tmp/CBIS/crops_fixed_mass/069262eb7407be20fe5b7156e24b226e_img.png,0,0.33018798486384887
/root/autodl-tmp/CBIS/crops_fixed_mass/d11fb10760c90f047e6f856ef9ecb8bc_img.png,1,0.30869617775321057
/root/autodl-tmp/CBIS/crops_fixed_mass/22b3029c4cecb52c6f032e71bba8c23a_img.png,1,0.19441096602627805
/root/autodl-tmp/CBIS/crops_fixed_mass/1647cda25ba6830e84eca96575ef7674_img.png,1,0.3924903830943986
/root/autodl-tmp/CBIS/crops_fixed_mass/e929aebd04a594338a1ffa9ad34a9d96_img.png,1,0.4617067626182481
/root/autodl-tmp/CBIS/crops_fixed_mass/a3056a97ca422354f1dcfa1d789ac5f5_img.png,0,0.4052794895739349
/root/autodl-tmp/CBIS/crops_fixed_mass/e4cc937626c9e2e623bd1bcd0118e976_img.png,1,0.2587317869421875
/root/autodl-tmp/CBIS/crops_fixed_mass/af50aac065774672152a90bc055cd9dc_img.png,1,0.5510209303368707
/root/autodl-tmp/CBIS/crops_fixed_mass/74e250cc8990a3bc19712717eb00532a_img.png,1,0.8971863170124086
/root/autodl-tmp/CBIS/crops_fixed_mass/78b8d73eaf3bf628c14a3794b6ad2159_img.png,1,0.8333123195487342
/root/autodl-tmp/CBIS/crops_fixed_mass/e9f468861e3934ff5c36afd6bdfac24d_img.png,0,0.864953669342166
/root/autodl-tmp/CBIS/crops_fixed_mass/c58571934a9d3ea81feced486a0d4d4f_img.png,0,0.9232074529539429
/root/autodl-tmp/CBIS/crops_fixed_mass/dc929a03de8f01bd974ed915563694dc_img.png,1,0.8189390124029075
/root/autodl-tmp/CBIS/crops_fixed_mass/cf8e4c10c27fb933a745bdf3fba65f4a_img.png,1,0.8840807895479715
/root/autodl-tmp/CBIS/crops_fixed_mass/813ece37173f81e9649dd03668f5dc4d_img.png,1,0.9847070902468151
/root/autodl-tmp/CBIS/crops_fixed_mass/565eaba2d2cef8afdcb6264f29dfe2ed_img.png,0,0.3882597187291465
/root/autodl-tmp/CBIS/crops_fixed_mass/c0fe9daade2555a75a650b2131274f8b_img.png,0,0.16192767016796825
/root/autodl-tmp/CBIS/crops_fixed_mass/c8d37d57753aaebd1d5b4c3259d4ad2c_img.png,0,0.061933664416759064
/root/autodl-tmp/CBIS/crops_fixed_mass/cf127ecac1b43ed17cde78b18c7932ff_img.png,1,0.3181937645252346
/root/autodl-tmp/CBIS/crops_fixed_mass/d32e018d50903f517db105d4e519ff33_img.png,1,0.6438670881808995
/root/autodl-tmp/CBIS/crops_fixed_mass/11a4043d352359597b830f9ab6bf46e9_img.png,0,0.12413363796519172
/root/autodl-tmp/CBIS/crops_fixed_mass/10e2fac5c174fc36849e952634941c24_img.png,0,0.04538045584259919
/root/autodl-tmp/CBIS/crops_fixed_mass/7964848e9d8daf3da7e74b0ca17696a5_img.png,1,0.17807408404357325
/root/autodl-tmp/CBIS/crops_fixed_mass/486ea5005f0b43edc7ac77dab535a171_img.png,1,0.5120378993586286
/root/autodl-tmp/CBIS/crops_fixed_mass/5e30760dc00b3151e2db41c61f40b604_img.png,1,0.37413752491337054
/root/autodl-tmp/CBIS/crops_fixed_mass/61ad3a6c12f0e3d77c10892f00be37ef_img.png,1,0.966419213499096
/root/autodl-tmp/CBIS/crops_fixed_mass/7f10daff9d1ca32169110ad4c991cc85_img.png,0,0.05547546553749197
/root/autodl-tmp/CBIS/crops_fixed_mass/9b81cec26e561bfcc711993deda2b3da_img.png,0,0.13806938144896547
/root/autodl-tmp/CBIS/crops_fixed_mass/edb64d214e807202fefbc8004f94a432_img.png,1,0.9919541069606029
/root/autodl-tmp/CBIS/crops_fixed_mass/1657bfd1edb9b4690a0040ef899296f3_img.png,0,0.01968141811451773
/root/autodl-tmp/CBIS/crops_fixed_mass/4477ca611225c84d6efa5e7a8620154a_img.png,0,0.025160361372750007
/root/autodl-tmp/CBIS/crops_fixed_mass/db682717fd84fd0fccc83152a420cc9b_img.png,1,0.5066214797322648
/root/autodl-tmp/CBIS/crops_fixed_mass/63c59941b3c2c8b699960271a638c0fb_img.png,1,0.2319406119285668
/root/autodl-tmp/CBIS/crops_fixed_mass/e20367ab5210d4a230dcabeef4105e5c_img.png,0,0.4246402722836202
/root/autodl-tmp/CBIS/crops_fixed_mass/2ca6549bedf494e44071a6bc3277da1d_img.png,0,0.08264088259649148
/root/autodl-tmp/CBIS/crops_fixed_mass/932089ff0b6fbf44a56db14a265893ed_img.png,0,0.779808266320625
/root/autodl-tmp/CBIS/crops_fixed_mass/a66ac55f923c450a134ac9fccf1a0f4b_img.png,0,0.25233371127759197
/root/autodl-tmp/CBIS/crops_fixed_mass/8f7eb6c35aabd86e5a76930dac426c3a_img.png,0,0.03443502411398671
/root/autodl-tmp/CBIS/crops_fixed_mass/10b3a7bf903c679a02b77c377f451da0_img.png,1,0.9925496303595475
/root/autodl-tmp/CBIS/crops_fixed_mass/f54fd23089dc7d6a829c795ab52813ca_img.png,1,0.9676319962756619
/root/autodl-tmp/CBIS/crops_fixed_mass/66bb477c67ccaf88a6db57ce68be4f74_img.png,0,0.24681039022094675
/root/autodl-tmp/CBIS/crops_fixed_mass/20fa48782c72414cd98968e4eaaf4a2a_img.png,0,0.07416856521639598
/root/autodl-tmp/CBIS/crops_fixed_mass/153745baa0bf76433c670f0f793e01a7_img.png,0,0.05424384797453906
/root/autodl-tmp/CBIS/crops_fixed_mass/91e139d532e22f8daf3e9c6e7de52555_img.png,1,0.6405316096021536
/root/autodl-tmp/CBIS/crops_fixed_mass/dca91c5bc2aefc5ff3aea32b19a09ac2_img.png,1,0.8374173043569889
/root/autodl-tmp/CBIS/crops_fixed_mass/2e710dd78e312c472eba8e0b601d0f01_img.png,1,0.9863215852220372
/root/autodl-tmp/CBIS/crops_fixed_mass/39a8460c0e6ee107f39cf134f2266406_img.png,1,0.9938277444138703
/root/autodl-tmp/CBIS/crops_fixed_mass/efa49053f6a4d12476c3b39098f27637_img.png,1,0.7972949710153631
/root/autodl-tmp/CBIS/crops_fixed_mass/b62aa1a22a66ca5de89fbff972f518a7_img.png,1,0.650130737934507
/root/autodl-tmp/CBIS/crops_fixed_mass/bb273e9f5be6796e54aa4d561fbb1183_img.png,1,0.7722509190287926
/root/autodl-tmp/CBIS/crops_fixed_mass/ee9d600cb5435461063d25e249f19e55_img.png,1,0.2906866136876584
/root/autodl-tmp/CBIS/crops_fixed_mass/8a4f1d5d27ca6e400c35e8e621b4abba_img.png,1,0.6564586412756278
/root/autodl-tmp/CBIS/crops_fixed_mass/65f26955e6246dd9ce2d51e120a1faf3_img.png,1,0.4021892859251922
/root/autodl-tmp/CBIS/crops_fixed_mass/1b8efaf2e4eea4b4c92f2d5aed5530c1_img.png,1,0.7046705798560016
/root/autodl-tmp/CBIS/crops_fixed_mass/d215bd2a93d48369ad0917ac08046711_img.png,1,0.1797413744235998
/root/autodl-tmp/CBIS/crops_fixed_mass/ad29cd426daf96c23327116686295c10_img.png,1,0.37609200485115934
/root/autodl-tmp/CBIS/crops_fixed_mass/6dcf020927ee2e6d6c132b7beb128a82_img.png,1,0.4449371208202373
/root/autodl-tmp/CBIS/crops_fixed_mass/b2d73cb0afa142b56080e1253af64db3_img.png,0,0.19649738273357858
/root/autodl-tmp/CBIS/crops_fixed_mass/bf769bd7fc3024edd9f7adcb6343361d_img.png,0,0.18011764350434453
/root/autodl-tmp/CBIS/crops_fixed_mass/4e8268b5c4588e7b7e372543c70cf089_img.png,0,0.4663840825387063
/root/autodl-tmp/CBIS/crops_fixed_mass/1e1ddbfd38127915ead6bc496e047855_img.png,0,0.6348260052511147
/root/autodl-tmp/CBIS/crops_fixed_mass/4ba09952be1e4da7ef643a0133ad59c3_img.png,0,0.07977835737501658
/root/autodl-tmp/CBIS/crops_fixed_mass/e65e0a98bbc08a3a3fca0fc84458c6e5_img.png,0,0.29135811995355826
/root/autodl-tmp/CBIS/crops_fixed_mass/9843d22c2051e046560ed1243c76015d_img.png,0,0.38349445773650664
/root/autodl-tmp/CBIS/crops_fixed_mass/27145b67b157664e37ac90e4318d424e_img.png,0,0.07118789037368059
/root/autodl-tmp/CBIS/crops_fixed_mass/087cdfcd04907dc2a199700e01cdc796_img.png,0,0.7214029777060424
/root/autodl-tmp/CBIS/crops_fixed_mass/614df98ceadd2ea17e0f8df36a0c9b90_img.png,0,0.7204240131091842
/root/autodl-tmp/CBIS/crops_fixed_mass/f9226aeb19b09885aded9a85c8621b4a_img.png,0,0.10966581214970741
/root/autodl-tmp/CBIS/crops_fixed_mass/a6c58df6a34985cf82a52f5b09ee351f_img.png,0,0.09612771108899254
/root/autodl-tmp/CBIS/crops_fixed_mass/875921d452a98711cd0e2e6699f76a39_img.png,0,0.5793230602840512
/root/autodl-tmp/CBIS/crops_fixed_mass/968eee550ec5ddf9f3709b1beefcbbaa_img.png,0,0.35464098219726153
/root/autodl-tmp/CBIS/crops_fixed_mass/54b731e85ccad0775f99f7f2cc380813_img.png,0,0.20843471869168895
/root/autodl-tmp/CBIS/crops_fixed_mass/c897bc271f47225378f04a342fdbfb9c_img.png,0,0.22201460543783308
/root/autodl-tmp/CBIS/crops_fixed_mass/c5b9d8dd060e2e04ba20cf35faa23076_img.png,0,0.12526681530650696
/root/autodl-tmp/CBIS/crops_fixed_mass/d97575cc1345998fcc966362deea61b8_img.png,0,0.2500045240541769
/root/autodl-tmp/CBIS/crops_fixed_mass/76d02ec0d9970b1eb0771d07fa2dd5c1_img.png,0,0.16226601738770494
/root/autodl-tmp/CBIS/crops_fixed_mass/80e1713224267322e2d768ef71ceecc1_img.png,1,0.7627553852544905
/root/autodl-tmp/CBIS/crops_fixed_mass/ee32d37083cc74057e521c5197490a12_img.png,1,0.7551577975674884
/root/autodl-tmp/CBIS/crops_fixed_mass/6b67a7f8f6ba902b95a3cf8511119934_img.png,1,0.9224711024515718
/root/autodl-tmp/CBIS/crops_fixed_mass/8cf9dde607937271640f88f3900717aa_img.png,1,0.8488838296144237
/root/autodl-tmp/CBIS/crops_fixed_mass/8e0eed49563189026e7be3fca57f9142_img.png,1,0.5939390847201585
/root/autodl-tmp/CBIS/crops_fixed_mass/6ef7daf8b6dd9afe069858ca8dd16ee2_img.png,1,0.21917106182044047
/root/autodl-tmp/CBIS/crops_fixed_mass/2a45c78eb2417c3aa609c99f5be441f6_img.png,0,0.03616122105027345
/root/autodl-tmp/CBIS/crops_fixed_mass/350cdd685a156e821ed9c9d9b78d4e88_img.png,0,0.0392012493371995
/root/autodl-tmp/CBIS/crops_fixed_mass/5f277bfc1e9da85d81aaf4aa982cb608_img.png,0,0.06429990814449096
/root/autodl-tmp/CBIS/crops_fixed_mass/fc800718a782b9ee029d9194107cc185_img.png,0,0.007448496962954966
/root/autodl-tmp/CBIS/crops_fixed_mass/a22fef985683a7c3414c0fc4ef73a7d0_img.png,1,0.9157039946878286
/root/autodl-tmp/CBIS/crops_fixed_mass/f8cd3c5865935ae120decf1a687b2f73_img.png,0,0.43856629907799216
/root/autodl-tmp/CBIS/crops_fixed_mass/d572b7ecc5df3276a805fd88976939e1_img.png,0,0.049040977197901736
/root/autodl-tmp/CBIS/crops_fixed_mass/e03d25143b874a46f19576775c60f0f8_img.png,0,0.13966119546053302
/root/autodl-tmp/CBIS/crops_fixed_mass/090b0615b674767d9b6fc091ced9652f_img.png,1,0.7550071649170695
/root/autodl-tmp/CBIS/crops_fixed_mass/ccaa59c601870827e0be2a45e2de0451_img.png,1,0.5472526025597044
/root/autodl-tmp/CBIS/crops_fixed_mass/f580bf1d3bae847662d8238beb713f18_img.png,1,0.7138385678136455
/root/autodl-tmp/CBIS/crops_fixed_mass/a3774fff1365663dc40dc72495b15363_img.png,1,0.828540881997224
/root/autodl-tmp/CBIS/crops_fixed_mass/8ed7fa76f88e41c3c90e60a801e55626_img.png,0,0.06280906678328514
/root/autodl-tmp/CBIS/crops_fixed_mass/04bcbe5f971c95dd3c846a6a4d32c05f_img.png,0,0.012775679083612646
/root/autodl-tmp/CBIS/crops_fixed_mass/ecb33ff22e4cb10c13deaaedbfbab620_img.png,1,0.9146534531046865
/root/autodl-tmp/CBIS/crops_fixed_mass/f20ae28a446f1814c192fc477b422661_img.png,1,0.9640401531119037
/root/autodl-tmp/CBIS/crops_fixed_mass/1127991f11cdf20173a04618915d7be6_img.png,1,0.7636360716546853
/root/autodl-tmp/CBIS/crops_fixed_mass/441d2048506d829ab2411d1d7fcabdbd_img.png,1,0.7485274372600044
/root/autodl-tmp/CBIS/crops_fixed_mass/219d4fb82e32175a6537d397e516abe9_img.png,0,0.2004743210356451
/root/autodl-tmp/CBIS/crops_fixed_mass/c9de2e673fa0dd9015eb1824165a5c0f_img.png,0,0.1027094970796353
/root/autodl-tmp/CBIS/crops_fixed_mass/3b01c4b09db106d58d4abb64becfdead_img.png,0,0.2028285543818896
/root/autodl-tmp/CBIS/crops_fixed_mass/d382843949455508c14f4250bb729e8c_img.png,1,0.7849409602241371
/root/autodl-tmp/CBIS/crops_fixed_mass/0153d490c3c90db063c829497336c5fc_img.png,1,0.42942615795147016
/root/autodl-tmp/CBIS/crops_fixed_mass/4ac87e01fcbb7f3f7c65374db2c552ae_img.png,0,0.2702448836274496
/root/autodl-tmp/CBIS/crops_fixed_mass/00436c70cfbebbb48fd0225fd4004d85_img.png,1,0.8226570003807492
/root/autodl-tmp/CBIS/crops_fixed_mass/fd2c7fd561bcefbf9fe56128b9455b41_img.png,1,0.6347554351178151
/root/autodl-tmp/CBIS/crops_fixed_mass/7ba2ed1c5c3ad429e2be438cf634d7e8_img.png,1,0.5258346552258952
/root/autodl-tmp/CBIS/crops_fixed_mass/d5a7408fceef549ada5671f84e166074_img.png,1,0.8984839771097699
/root/autodl-tmp/CBIS/crops_fixed_mass/39069bb6c02cbb980810903143131982_img.png,1,0.32011491666907677
/root/autodl-tmp/CBIS/crops_fixed_mass/9af5642dc8135c410405af44a2bf4a3a_img.png,1,0.38542380141882965
/root/autodl-tmp/CBIS/crops_fixed_mass/1b1fc673667298bfac2fb73a5d9302a7_img.png,1,0.36497200532500434
/root/autodl-tmp/CBIS/crops_fixed_mass/80f0558b5601f99dc4efba815bc71a59_img.png,0,0.9648450640730857
/root/autodl-tmp/CBIS/crops_fixed_mass/df7ce5a8f906b93bf7eedd7a49677947_img.png,0,0.05644218032800286
/root/autodl-tmp/CBIS/crops_fixed_mass/40fb7712ce9b59068cfb0a8c7de07012_img.png,1,0.9621514010430421
/root/autodl-tmp/CBIS/crops_fixed_mass/e716f50f5915ddd302829e4664b8a9e1_img.png,1,0.9840705019856307
/root/autodl-tmp/CBIS/crops_fixed_mass/fc151e4b5e03b1a5850feda003a1d8be_img.png,1,0.9754704866037183
/root/autodl-tmp/CBIS/crops_fixed_mass/9a626b064975b7c0f3dac82645b08bbe_img.png,1,0.975650883367797
/root/autodl-tmp/CBIS/crops_fixed_mass/debdf3e0c5ce76b613e34f41ec9666fe_img.png,1,0.9949225111617165
/root/autodl-tmp/CBIS/crops_fixed_mass/6028fe3511b3e3f5dddb13890fb0a21a_img.png,1,0.9833139710735963
/root/autodl-tmp/CBIS/crops_fixed_mass/d0679a34ddda9cd932bc366002ccd7d1_img.png,1,0.9872495808326052
/root/autodl-tmp/CBIS/crops_fixed_mass/f9cf91755e43215885d817cc83245adc_img.png,1,0.3549849915627534
/root/autodl-tmp/CBIS/crops_fixed_mass/8f49d955626175280f3be991873be7b7_img.png,1,0.2750744684683625
/root/autodl-tmp/CBIS/crops_fixed_mass/7fdd3d750e300af491eb26327022ecd8_img.png,0,0.02578690792038005
/root/autodl-tmp/CBIS/crops_fixed_mass/ccb69d3b9271cd73eace4e655e40a84d_img.png,1,0.821922095367537
/root/autodl-tmp/CBIS/crops_fixed_mass/eca9269c4a30ccf30817ebc6c8b60c9d_img.png,1,0.9623268842735536
/root/autodl-tmp/CBIS/crops_fixed_mass/a98fe61fdef2b00314ece25e012816b9_img.png,0,0.024293208634002753
/root/autodl-tmp/CBIS/crops_fixed_mass/c1280fd524d7a873ab6af84162ef190c_img.png,0,0.05957289902812074
/root/autodl-tmp/CBIS/crops_fixed_mass/6dd844139ecf00d91567ac9f102222ae_img.png,0,0.4302669112900215
/root/autodl-tmp/CBIS/crops_fixed_mass/ed7e872fe9792013bf9d7293de90d862_img.png,0,0.592014476190279
/root/autodl-tmp/CBIS/crops_fixed_mass/cd2fb91e9d5d50bfa2c80fac608353c1_img.png,0,0.11394932309051793
/root/autodl-tmp/CBIS/crops_fixed_mass/04266e249bd68b48c5648bf2f9bd6d0f_img.png,0,0.08412037506487978
/root/autodl-tmp/CBIS/crops_fixed_mass/20a1fbff3d241e9cf9c0f4f74698885b_img.png,0,0.1299224564612585
/root/autodl-tmp/CBIS/crops_fixed_mass/8a19120492721e662c21b4b5c2fed41b_img.png,1,0.8592532970431368
/root/autodl-tmp/CBIS/crops_fixed_mass/08efe9180871e550906e78e45c4cd93a_img.png,1,0.7545023889003971
/root/autodl-tmp/CBIS/crops_fixed_mass/2828c710471be21bc6b1174c63c2be17_img.png,0,0.025890797537184373
/root/autodl-tmp/CBIS/crops_fixed_mass/7bd7dcdb2c1f67b37856664427e33f76_img.png,0,0.14262750183291914
/root/autodl-tmp/CBIS/crops_fixed_mass/16b39f1a79d1def0d575958fb30be3dc_img.png,1,0.998211570175912
/root/autodl-tmp/CBIS/crops_fixed_mass/95a53d7938e51998f9ff969a4a2b6f21_img.png,1,0.9962689356448268
/root/autodl-tmp/CBIS/crops_fixed_mass/f9ac5da9d8fdd2e984b6c1f7a0798df7_img.png,0,0.078222602087959
/root/autodl-tmp/CBIS/crops_fixed_mass/3be33efd0a9daa743058d02d1392e2fd_img.png,0,0.19045019633031046
/root/autodl-tmp/CBIS/crops_fixed_mass/c4baca3754c7fbd07a92de05170785a1_img.png,0,0.11155836385261206
/root/autodl-tmp/CBIS/crops_fixed_mass/fed57e87591c91e9d07e50d8cbb9c398_img.png,0,0.07770358161879469
/root/autodl-tmp/CBIS/crops_fixed_mass/bf7e44a493c65b5e6b3cddea724c259e_img.png,0,0.10015055500682615
/root/autodl-tmp/CBIS/crops_fixed_mass/57bf54ef93269f11837d6fc6f516f660_img.png,0,0.1636353305408855
/root/autodl-tmp/CBIS/crops_fixed_mass/6adebc7a46247727ace6d9dd29f4b688_img.png,0,0.23088207281270987
/root/autodl-tmp/CBIS/crops_fixed_mass/fe44b87ecb7bc869d00932bffa284ce6_img.png,0,0.31764822294385736
/root/autodl-tmp/CBIS/crops_fixed_mass/5eab95a330f9486bb02f8126c40caf3f_img.png,0,0.21184876116148263
/root/autodl-tmp/CBIS/crops_fixed_mass/7e3ee446ae8f04f5088367fbae5d2378_img.png,0,0.1651072080478582
/root/autodl-tmp/CBIS/crops_fixed_mass/c209637699add540e67b3e440dbb09cf_img.png,0,0.34873942319611584
/root/autodl-tmp/CBIS/crops_fixed_mass/1214f485e624c59770c492184e742f32_img.png,0,0.10994874810974982
/root/autodl-tmp/CBIS/crops_fixed_mass/f6b72f18a3a880bb1c13e17bbf1d7142_img.png,0,0.6180138086561849
/root/autodl-tmp/CBIS/crops_fixed_mass/0452ebc3e8de64ddb4444f575ce079c1_img.png,0,0.31169351056793887
/root/autodl-tmp/CBIS/crops_fixed_mass/6e887ddec2383ad0f29b19f36ded06d0_img.png,0,0.20982126016931557
/root/autodl-tmp/CBIS/crops_fixed_mass/9a76ad79e5bb68896d1c33e670ecffe0_img.png,0,0.10927668997337077
/root/autodl-tmp/CBIS/crops_fixed_mass/5b2cc2e63d24a0dc439a10b1cb1d2668_img.png,1,0.29921872535996685
/root/autodl-tmp/CBIS/crops_fixed_mass/ac7cb68e4cf6c4972632c6031f6521dc_img.png,1,0.1551850363770887
/root/autodl-tmp/CBIS/crops_fixed_mass/e844dfe2d29fc3c642de38b7cecc5fbc_img.png,0,0.11567782563947877
/root/autodl-tmp/CBIS/crops_fixed_mass/f2a94c5e4acd0e340b593bb21540136b_img.png,1,0.04140663150213193
/root/autodl-tmp/CBIS/crops_fixed_mass/fbf80eb7d521fd4b200487859f81e3bb_img.png,1,0.4029693042636513
/root/autodl-tmp/CBIS/crops_fixed_mass/d3d37791029d1df9be3fa9c40ed27147_img.png,0,0.9630931274217404
/root/autodl-tmp/CBIS/crops_fixed_mass/d3d6c01633d0ae34245fbde0e7687e24_img.png,0,0.10141377310529669
/root/autodl-tmp/CBIS/crops_fixed_mass/19a9128ffe4a82839f1ebbad846fb3a1_img.png,0,0.09611628898264167
/root/autodl-tmp/CBIS/crops_fixed_mass/13c6cb3f6c4f0eb0ee622826596846df_img.png,0,0.2516150008405624
/root/autodl-tmp/CBIS/crops_fixed_mass/5fc559e9ccd860c5251f29d3beabc7b0_img.png,0,0.5288925920799677
/root/autodl-tmp/CBIS/crops_fixed_mass/0851623361248fe416dc469b94117559_img.png,0,0.17775004887895646
/root/autodl-tmp/CBIS/crops_fixed_mass/e322711e153f0810c47d3c712e0714f5_img.png,1,0.5439573678976817
/root/autodl-tmp/CBIS/crops_fixed_mass/8f5e2425e862caff1629f19f201fd2ee_img.png,1,0.3446555437674962
/root/autodl-tmp/CBIS/crops_fixed_mass/6bf32b67b35e2219bbe87f52078960b2_img.png,0,0.06650139541692769
/root/autodl-tmp/CBIS/crops_fixed_mass/19a4296355b8230e17bc6092227112eb_img.png,0,0.17142611925506235
/root/autodl-tmp/CBIS/crops_fixed_mass/6332601dfad5639a0c0b9cfe7aa2efe2_img.png,0,0.617530796520237
/root/autodl-tmp/CBIS/crops_fixed_mass/a3d584efd31eaeaadd88b140aa6ea188_img.png,0,0.24027606810551602
/root/autodl-tmp/CBIS/crops_fixed_mass/88cf4b7f3a488809ef7ba93a2f52a016_img.png,1,0.8883361582691889
/root/autodl-tmp/CBIS/crops_fixed_mass/19133d82eac4f9d0743c7a17082a826a_img.png,1,0.7887268805085297
/root/autodl-tmp/CBIS/crops_fixed_mass/6c91e54f6b07e61b3d8d9bb99fb54013_img.png,1,0.6224506419472685
/root/autodl-tmp/CBIS/crops_fixed_mass/d08b263e6c1b533b5899e6049a9eb8ff_img.png,1,0.26959501333852326
/root/autodl-tmp/CBIS/crops_fixed_mass/9e5da9177a078896f6ba60e0958ada48_img.png,0,0.239383243677448
/root/autodl-tmp/CBIS/crops_fixed_mass/dd44f0daa5d01a8514cfc593d4e3589f_img.png,0,0.09182655688334665
/root/autodl-tmp/CBIS/crops_fixed_mass/a6bca89fd60b23f50a66eba974271b4d_img.png,0,0.055821880269234264
/root/autodl-tmp/CBIS/crops_fixed_mass/c405c3cf880ef08dc966e49d2b823354_img.png,0,0.10781849273589074
/root/autodl-tmp/CBIS/crops_fixed_mass/880a9ae92c99a273dc94b789e0636143_img.png,1,0.549271233587119
/root/autodl-tmp/CBIS/crops_fixed_mass/0e8db1f43a6cbd3bad63ae43d2ca4722_img.png,1,0.7501758482649515
/root/autodl-tmp/CBIS/crops_fixed_mass/4be763d847b6d7859a45c047c6c7f44c_img.png,1,0.48679928111858
/root/autodl-tmp/CBIS/crops_fixed_mass/530e0b740c23be6d25e7ad25fb253a5b_img.png,1,0.03414214304523749
/root/autodl-tmp/CBIS/crops_fixed_mass/04926a62db92c6b9c0aeece16b89df98_img.png,1,0.9960829255424378
/root/autodl-tmp/CBIS/crops_fixed_mass/20f865f9ee2fad8236fcc8287ec4b4b2_img.png,0,0.13168419085363708
/root/autodl-tmp/CBIS/crops_fixed_mass/ff4d6044ae7bf46cf40379eea13e7802_img.png,0,0.615768546799837
/root/autodl-tmp/CBIS/crops_fixed_mass/da1869345335b30e2a9ad158538d8ae0_img.png,1,0.9985056243756119
/root/autodl-tmp/CBIS/crops_fixed_mass/5cc00d6b920b2d778fb0c193fcad65a6_img.png,1,0.9983320090761679
/root/autodl-tmp/CBIS/crops_fixed_mass/5452c68930cdb6e7424f38be3007d729_img.png,0,0.013899613030827119
/root/autodl-tmp/CBIS/crops_fixed_mass/fb6b22c158dc4d1910f69b2cfd5191a8_img.png,0,0.14487418639779484
/root/autodl-tmp/CBIS/crops_fixed_mass/799e2eeebbf66638b52101fded29bd3c_img.png,0,0.2870973886497578
/root/autodl-tmp/CBIS/crops_fixed_mass/e15aa72543ede39339deac340ad9bd8e_img.png,1,0.5503925159088403
/root/autodl-tmp/CBIS/crops_fixed_mass/8ed4624dfbc10c967094fc9500a349d6_img.png,1,0.6334722341585652
/root/autodl-tmp/CBIS/crops_fixed_mass/a5a2f462551f83bd818a3154e540f5f5_img.png,1,0.12684345377251477
/root/autodl-tmp/CBIS/crops_fixed_mass/632b4ce80b5dab376e283ef4d4e20c99_img.png,1,0.09814057546456008
/root/autodl-tmp/CBIS/crops_fixed_mass/23a5278c5c55ffe76c80585081243300_img.png,0,0.17685268156473297
/root/autodl-tmp/CBIS/crops_fixed_mass/d2d3c9a22909dcd7bc2a41b6e4dbb35d_img.png,0,0.08175263128600711
/root/autodl-tmp/CBIS/crops_fixed_mass/ffc0efc972f938c3498322a4f6012467_img.png,1,0.44131727077327987
/root/autodl-tmp/CBIS/crops_fixed_mass/417f0d25eac09d2d633d610cbbe1feef_img.png,1,0.6633642047076914
/root/autodl-tmp/CBIS/crops_fixed_mass/00ad94e60694acbdc550e0051063fc57_img.png,1,0.9303314233481784
/root/autodl-tmp/CBIS/crops_fixed_mass/a67ccb2cd102f7bba04ab85acb4dd0fa_img.png,1,0.985355025582385
/root/autodl-tmp/CBIS/crops_fixed_mass/8d98af7e342f5c0da876031f65ba1ac6_img.png,0,0.21551234073430467
/root/autodl-tmp/CBIS/crops_fixed_mass/65db73c24230a2b9177e5e9d7c092f62_img.png,1,0.5522940194855608
/root/autodl-tmp/CBIS/crops_fixed_mass/d228e6de98943d01025f1c8f25b84d63_img.png,1,0.7954334427999703
/root/autodl-tmp/CBIS/crops_fixed_mass/b5f926c067fb9f3f52fd266b59b94125_img.png,0,0.052176220026147795
/root/autodl-tmp/CBIS/crops_fixed_mass/135ee59d106b0441a24e8b6a9358c371_img.png,0,0.1938069789898433
/root/autodl-tmp/CBIS/crops_fixed_mass/2aebc797833cd87e68e8d8722296279d_img.png,0,0.110504486952429
/root/autodl-tmp/CBIS/crops_fixed_mass/8ece5fbf3cf9a917b1058b5e2298dfd8_img.png,0,0.07194443099002662
/root/autodl-tmp/CBIS/crops_fixed_mass/e70fda6ce98ddc3cbc1037bbb1a2a862_img.png,1,0.30196256223958234
/root/autodl-tmp/CBIS/crops_fixed_mass/e4b1695d31168bc43cb9fc4771d179a6_img.png,1,0.9890381865721397
/root/autodl-tmp/CBIS/crops_fixed_mass/53dfee05d053d8117e4c7c7476d680ae_img.png,1,0.9556514402111634
/root/autodl-tmp/CBIS/crops_fixed_mass/79eaa6ce6564f45f3a678e27a5c6048b_img.png,0,0.07014388121347691
/root/autodl-tmp/CBIS/crops_fixed_mass/ce53870af6f706eec5bcb2b58640f19f_img.png,0,0.7642507096924702
/root/autodl-tmp/CBIS/crops_fixed_mass/9bb40c967bf989aff33e2b71f6d9e553_img.png,0,0.48959480947119427
/root/autodl-tmp/CBIS/crops_fixed_mass/08a841189bc191ba6a06f339bc7b3d1e_img.png,0,0.3231697619027581
/root/autodl-tmp/CBIS/crops_fixed_mass/a094f7437903542051552f5c2d532ff4_img.png,0,0.4877051038704278
/root/autodl-tmp/CBIS/crops_fixed_mass/3eb66efea08a495317aab3cb07bfa421_img.png,0,0.5539618355274232
/root/autodl-tmp/CBIS/crops_fixed_mass/e8c16aae513b84889852009ebdd00b7c_img.png,0,0.1563078293071177
/root/autodl-tmp/CBIS/crops_fixed_mass/93c8e86517963153e46371e8e962952c_img.png,1,0.9729242067189848
/root/autodl-tmp/CBIS/crops_fixed_mass/097daca007f9499fd56271c008314712_img.png,1,0.9634530009143752
/root/autodl-tmp/CBIS/crops_fixed_mass/58323b3457fb6d1c30168597700ccabd_img.png,0,0.45179501137403694
/root/autodl-tmp/CBIS/crops_fixed_mass/b8e3666853e45afa6ebaf4591fdcf2e9_img.png,0,0.06888110045013547
/root/autodl-tmp/CBIS/crops_fixed_mass/47e23c7d671c27d74bd8f4a2b3c88944_img.png,0,0.05373934801833563
/root/autodl-tmp/CBIS/crops_fixed_mass/bb1927413643b1882009319ea03d017d_img.png,0,0.18480885838801367
/root/autodl-tmp/CBIS/crops_fixed_mass/7998c619babeb01a5d6d26b0955fd4fb_img.png,0,0.06870208581554886
/root/autodl-tmp/CBIS/crops_fixed_mass/60571d50e8ebbd3835a6242a12e74c2b_img.png,1,0.49872707978049974
/root/autodl-tmp/CBIS/crops_fixed_mass/5cf824cee03770735f67bd9bf99e61fc_img.png,0,0.3317819070709185
/root/autodl-tmp/CBIS/crops_fixed_mass/0ede6b7054c22d4ccc43ee027768cd13_img.png,1,0.5710488209833646
/root/autodl-tmp/CBIS/crops_fixed_mass/912225521d0f0bec4fd158e60b823d21_img.png,1,0.26471211721339055
/root/autodl-tmp/CBIS/crops_fixed_mass/a6168a9f4af88a1f79e9aafd0998fc92_img.png,1,0.3933623303200296
/root/autodl-tmp/CBIS/crops_fixed_mass/9a5667bf206c0f7ff8e29547577c7cf8_img.png,1,0.49976237978950416
/root/autodl-tmp/CBIS/crops_fixed_mass/ef6e0c3e3a4f0907aa63adcaae13ac67_img.png,1,0.6250971491461497
/root/autodl-tmp/CBIS/crops_fixed_mass/c244fe3f89d10aeabf5e8de5c23eb454_img.png,0,0.3884246970218443
/root/autodl-tmp/CBIS/crops_fixed_mass/0b1a29f49d4008eea6d4c763beb7ae8a_img.png,0,0.13836144459518976
/root/autodl-tmp/CBIS/crops_fixed_mass/069ff0a898427ed8f90a7ee586eec283_img.png,0,0.05938946817799408
/root/autodl-tmp/CBIS/crops_fixed_mass/d10323bb3eff85f531bd93676d2fa4e9_img.png,0,0.22329801851126127
/root/autodl-tmp/CBIS/crops_fixed_mass/c2ca68110355c5bf26ae46762bdbc16c_img.png,1,0.8810553965833358
/root/autodl-tmp/CBIS/crops_fixed_mass/1b916e400b8345f8eb4844136d0c6dc7_img.png,1,0.8077148291469914
/root/autodl-tmp/CBIS/crops_fixed_mass/a0fb62fedd1b9b392784a28ab81d5d6f_img.png,1,0.8987704106998333
/root/autodl-tmp/CBIS/crops_fixed_mass/1cd39e136d6691c6191f364cac363ad3_img.png,0,0.0579865108060855
/root/autodl-tmp/CBIS/crops_fixed_mass/d6a19824ff01bc31f0493b16aa0587ec_img.png,0,0.18399513685164254
/root/autodl-tmp/CBIS/crops_fixed_mass/f6a72fce5faaf7f7f6fd2153ac1d5b17_img.png,0,0.13940910666896372
/root/autodl-tmp/CBIS/crops_fixed_mass/42497c38b68705877f86b8c69758a51c_img.png,0,0.10652140333993193
/root/autodl-tmp/CBIS/crops_fixed_mass/bf735b7fd8f4c94b24d2be8b5c2081b6_img.png,0,0.11020701741598318
/root/autodl-tmp/CBIS/crops_fixed_mass/604a8f58680277d6d608df87b42ed13e_img.png,0,0.03640116068248659
/root/autodl-tmp/CBIS/crops_fixed_mass/4469e26c2ce722f53b4e1f503520eb86_img.png,0,0.3616124285018809
/root/autodl-tmp/CBIS/crops_fixed_mass/8da8ea97a0456831002f892fb2315a83_img.png,0,0.16587812082277517
/root/autodl-tmp/CBIS/crops_fixed_mass/bc995919ea6af242137c7bc07973167f_img.png,0,0.07982903632045771
/root/autodl-tmp/CBIS/crops_fixed_mass/aaa5e34a460465db341a59b521591f90_img.png,0,0.039901648420033166
/root/autodl-tmp/CBIS/crops_fixed_mass/8aea592930a1d5264cc517cd044b12be_img.png,0,0.28646673757507507
/root/autodl-tmp/CBIS/crops_fixed_mass/036b512c3d2328ccc7446e4abcd17764_img.png,0,0.23330568432806514
/root/autodl-tmp/CBIS/crops_fixed_mass/86e78928efc1dd7a1ae06e78a6ce267f_img.png,0,0.05904271559655965
/root/autodl-tmp/CBIS/crops_fixed_mass/62382f7bab7f4385133f883ff1fcf461_img.png,1,0.6460589852828711
/root/autodl-tmp/CBIS/crops_fixed_mass/cfd78ea5b031ab5113599d0a71310799_img.png,0,0.441985584731649
/root/autodl-tmp/CBIS/crops_fixed_mass/9e1318595991d5d2ff7a77816812cffc_img.png,0,0.31292511660792927
/root/autodl-tmp/CBIS/crops_fixed_mass/4d436f423d6425250fcb61793b563d0d_img.png,1,0.8933864317658053
/root/autodl-tmp/CBIS/crops_fixed_mass/28409a85cbb17ba0ac3136a8034a0982_img.png,1,0.7022883413895213
/root/autodl-tmp/CBIS/crops_fixed_mass/44e77ac81e60a1663ba1fe14e9b87567_img.png,1,0.7799545383949372
/root/autodl-tmp/CBIS/crops_fixed_mass/73da74cb3f3062fed6963c281fd8e737_img.png,1,0.13911511091753392
/root/autodl-tmp/CBIS/crops_fixed_mass/4ba69838a9d92568811713b68025acca_img.png,1,0.5194968519970066
/root/autodl-tmp/CBIS/crops_fixed_mass/968d562ab652c42c7776a31b47b9dc81_img.png,1,0.35761306806600884
/root/autodl-tmp/CBIS/crops_fixed_mass/8e95663697bb5abe9d2747322e3e6905_img.png,1,0.9594646681089989
/root/autodl-tmp/CBIS/crops_fixed_mass/0209703862280e88b9b700c1c88de8ae_img.png,1,0.9739980205175218
/root/autodl-tmp/CBIS/crops_fixed_mass/683e5fddf049c47405b57355ec588e16_img.png,1,0.7079942074519083
/root/autodl-tmp/CBIS/crops_fixed_mass/de5ae277650d91776341f4a8a8c8875d_img.png,1,0.9511713848626717
/root/autodl-tmp/CBIS/crops_fixed_mass/55f127d242ddbddfc205b3da8300b06a_img.png,1,0.5029817649406195
/root/autodl-tmp/CBIS/crops_fixed_mass/a76c1de7571afb88e222b4c1f9459e2a_img.png,1,0.7499022450115786
/root/autodl-tmp/CBIS/crops_fixed_mass/df121fc36f0f1b3344476adcaa0284df_img.png,1,0.32923664856184437
